{"val_loss": [1.8890128246307374, 1.8191292261123657, 1.7965176885604859, 1.7829353073120118, 1.7770979431152343, 1.7699857703208923, 1.7906338582038879, 1.7882646088600158, 1.8181025553703307, 1.8276073223114013, 1.8534955924987793, 1.8791027551651, 1.9326800750732422, 1.9886150262832643, 2.0399098368644712, 2.092628076171875, 2.1815540643692017, 2.2349513204574585, 2.3407982652664185, 2.4012691727638247, 2.493042882633209, 2.589554064750671, 2.6893972128868104, 2.7842184277534483, 2.866766106796265, 2.9689427059173585, 3.07497134475708, 3.1550209968566896, 3.2477312728881835, 3.333520778274536, 3.4023945497512815, 3.476646810722351, 3.5401578800201414, 3.615476381492615, 3.6667843017578123, 3.7462858366012575, 3.7968018749237062, 3.853694543838501, 3.8946900136947633, 3.949475461769104, 4.013184889984131, 4.055331021881104, 4.101917025947571, 4.1281917894363405, 4.184971814727783, 4.239365893363953, 4.276730625152588, 4.314047507476807, 4.343625948143005, 4.382160624122619, 4.440671764850617, 4.476751863479614, 4.517507803535461, 4.557393924713135, 4.598327744865418, 4.6286690088272096, 4.655775228691101, 4.6886005507469175, 4.730172213745117, 4.761232211112976, 4.7877043800354, 4.813057327842713, 4.860644713783264, 4.899911542320251, 4.920331290245056, 4.948425577163697, 4.9665211380004886, 5.0060972930908205, 5.037632145118714, 5.07253623790741, 5.079312814903259, 5.1306542320251465, 5.211256345176697, 5.359124281692505, 5.267333309745789, 5.227640838813782, 5.194726376914978, 5.200791710948944, 5.200973954963684, 5.231582790756225], "val_class_loss": [1.867741537475586, 1.7982106369018556, 1.7756049085617065, 1.7619725981712342, 1.7560822265625, 1.7488255393981933, 1.7693868297576905, 1.7669239295959474, 1.796683613395691, 1.8061156168937682, 1.831912751197815, 1.8574604277610778, 1.910979189491272, 1.9668381146430969, 2.018115237998962, 2.070794617652893, 2.159733607959747, 2.213116804122925, 2.3189745416641236, 2.37941544675827, 2.471229733848572, 2.567740756702423, 2.6676214785575865, 2.7624587601661683, 2.8450262516021727, 2.947240117931366, 3.0533100650787355, 3.133403277206421, 3.226259259414673, 3.312112686729431, 3.3810604057312013, 3.4553719930648805, 3.5188626562118532, 3.5943129028320313, 3.645688924598694, 3.725164981842041, 3.7757924139022827, 3.832671676635742, 3.873723974609375, 3.928522628593445, 3.9922603143692017, 4.034329293632507, 4.0809619377136235, 4.107279368972779, 4.164067807197571, 4.2184177562713625, 4.25581187171936, 4.293086763572693, 4.322708143424988, 4.361229519081116, 4.419766798782349, 4.4558351062774655, 4.496553538703918, 4.536446650505066, 4.577391115570069, 4.607674507522583, 4.634823149681091, 4.667632680034638, 4.709204882144928, 4.740218063735962, 4.76672314414978, 4.792022662544251, 4.839633853530883, 4.878864372062683, 4.899322227478027, 4.9273866151809695, 4.945470750427246, 4.9850607601165775, 5.016580403137207, 5.0514361217498776, 5.058240347480774, 5.1095662117004395, 5.190086597442627, 5.337965774726868, 5.246235068702698, 5.206535014915466, 5.17361789894104, 5.179668931770324, 5.179825963973999, 5.210464119720459], "val_reconstruction_loss": [0.02127128391265869, 0.020918586839735506, 0.020912779952585697, 0.020962707555294037, 0.021015715496242045, 0.021160233250260355, 0.021247026355564594, 0.02134067981541157, 0.021418940517306327, 0.02149170567691326, 0.021582839620113373, 0.021642329031229018, 0.021700886642932894, 0.021776914946734904, 0.021794598719477653, 0.02183346194922924, 0.021820459175109864, 0.02183452062755823, 0.02182372687160969, 0.021853725695610046, 0.02181315082013607, 0.021813306483626366, 0.021775731909275054, 0.02175966736227274, 0.021739855824410917, 0.021702596345543862, 0.021661279386281967, 0.021617720587551594, 0.021472013008594512, 0.02140808162689209, 0.02133414189815521, 0.02127482412457466, 0.021295223501324654, 0.021163480404019355, 0.0210953777089715, 0.021120855322480203, 0.021009462144970893, 0.021022863966226577, 0.02096603827625513, 0.02095283186584711, 0.020924572937190532, 0.021001731047034265, 0.02095508659183979, 0.020912420929968357, 0.020904002796113492, 0.020948132254183294, 0.02091875224262476, 0.020960745228827, 0.02091780851185322, 0.020931105087697507, 0.02090497783869505, 0.02091675520390272, 0.02095426727980375, 0.0209472729280591, 0.020936629551649093, 0.02099449122995138, 0.020952091459929944, 0.02096787321716547, 0.020967329882085325, 0.021014146460592745, 0.02098123642206192, 0.021034668457508086, 0.02101085910499096, 0.021047173224389554, 0.021009059393405916, 0.021038973718881606, 0.021050393553078174, 0.02103654155433178, 0.021051735270023346, 0.02110011589229107, 0.021072465828061104, 0.021088027435541154, 0.021169740587472917, 0.0211585119843483, 0.021098241375386715, 0.02110583167821169, 0.021108482265472413, 0.021122775219380857, 0.021147986280918123, 0.021118661350011825], "val_class_acc": [0.3332, 0.3597, 0.3662, 0.3665, 0.3687, 0.3765, 0.375, 0.3824, 0.377, 0.3795, 0.3798, 0.3763, 0.374, 0.3657, 0.3677, 0.3658, 0.3607, 0.3628, 0.3617, 0.3622, 0.3589, 0.3555, 0.3656, 0.3601, 0.3583, 0.3572, 0.3565, 0.3582, 0.3553, 0.3608, 0.3591, 0.3584, 0.3554, 0.3586, 0.3582, 0.3596, 0.3557, 0.355, 0.3552, 0.3523, 0.3499, 0.3522, 0.3524, 0.3523, 0.3531, 0.3486, 0.3476, 0.3474, 0.3479, 0.3458, 0.3473, 0.3442, 0.3442, 0.3457, 0.3429, 0.3452, 0.3412, 0.3415, 0.3425, 0.3439, 0.3415, 0.3391, 0.3422, 0.3393, 0.3406, 0.3413, 0.3386, 0.3411, 0.3382, 0.3405, 0.3399, 0.3376, 0.3306, 0.3323, 0.3377, 0.3352, 0.3382, 0.3362, 0.3354, 0.3356], "val_reconstruction_mean_squared_error": [0.02127128391265869, 0.020918586839735506, 0.020912779952585697, 0.020962707555294037, 0.021015715496242045, 0.021160233250260355, 0.021247026355564594, 0.02134067981541157, 0.021418940517306327, 0.02149170567691326, 0.021582839620113373, 0.021642329031229018, 0.021700886642932894, 0.021776914946734904, 0.021794598719477653, 0.02183346194922924, 0.021820459175109864, 0.02183452062755823, 0.02182372687160969, 0.021853725695610046, 0.02181315082013607, 0.021813306483626366, 0.021775731909275054, 0.02175966736227274, 0.021739855824410917, 0.021702596345543862, 0.021661279386281967, 0.021617720587551594, 0.021472013008594512, 0.02140808162689209, 0.02133414189815521, 0.02127482412457466, 0.021295223501324654, 0.021163480404019355, 0.0210953777089715, 0.021120855322480203, 0.021009462144970893, 0.021022863966226577, 0.02096603827625513, 0.02095283186584711, 0.020924572937190532, 0.021001731047034265, 0.02095508659183979, 0.020912420929968357, 0.020904002796113492, 0.020948132254183294, 0.02091875224262476, 0.020960745228827, 0.02091780851185322, 0.020931105087697507, 0.02090497783869505, 0.02091675520390272, 0.02095426727980375, 0.0209472729280591, 0.020936629551649093, 0.02099449122995138, 0.020952091459929944, 0.02096787321716547, 0.020967329882085325, 0.021014146460592745, 0.02098123642206192, 0.021034668457508086, 0.02101085910499096, 0.021047173224389554, 0.021009059393405916, 0.021038973718881606, 0.021050393553078174, 0.02103654155433178, 0.021051735270023346, 0.02110011589229107, 0.021072465828061104, 0.021088027435541154, 0.021169740587472917, 0.0211585119843483, 0.021098241375386715, 0.02110583167821169, 0.021108482265472413, 0.021122775219380857, 0.021147986280918123, 0.021118661350011825],