{"val_loss": [0.011481565117835999, 0.007972486186027528, 0.006725873006880283, 0.006006050010025501, 0.0055290142923593525, 0.00524314684420824, 0.005062165430188179, 0.004906538990885019, 0.004811738911271095, 0.004742278524488211, 0.00467227718681097, 0.004596086326241493, 0.004577936871349811, 0.0044961148902773855, 0.004482646743953228, 0.0044915445357561114, 0.0043842894285917285, 0.004357242036610842, 0.004396659955382347, 0.004317979095876217, 0.004303468834608793, 0.004324341916292906, 0.0042700454391539095, 0.0042443319261074065, 0.004254661650955677], "val_class_loss": [0.0, 0.0, 0.0, 0.0, 0.0, 0.0, 0.0, 0.0, 0.0, 0.0, 0.0, 0.0, 0.0, 0.0, 0.0, 0.0, 0.0, 0.0, 0.0, 0.0, 0.0, 0.0, 0.0, 0.0, 0.0], "val_reconstruction_loss": [0.011481565117835999, 0.007972486186027528, 0.006725873006880283, 0.006006050010025501, 0.0055290142923593525, 0.00524314684420824, 0.005062165430188179, 0.004906538990885019, 0.004811738911271095, 0.004742278524488211, 0.00467227718681097, 0.004596086326241493, 0.004577936871349811, 0.0044961148902773855, 0.004482646743953228, 0.0044915445357561114, 0.0043842894285917285, 0.004357242036610842, 0.004396659955382347, 0.004317979095876217, 0.004303468834608793, 0.004324341916292906, 0.0042700454391539095, 0.0042443319261074065, 0.004254661650955677], "val_class_acc": [0.0933, 0.0942, 0.0941, 0.092, 0.0911, 0.0907, 0.0916, 0.0918, 0.0922, 0.0902, 0.0893, 0.0898, 0.0903, 0.0909, 0.0914, 0.0922, 0.0919, 0.0898, 0.0898, 0.0875, 0.0891, 0.0879, 0.088, 0.0891, 0.0889], "val_reconstruction_mean_squared_error": [0.011481565134227276, 0.007972486206889152, 0.006725873026251793, 0.0060060500279068944, 0.005529014306515455, 0.00524314684420824, 0.005062165448814631, 0.004906539022922516, 0.00481173891723156, 0.004742278538644314, 0.0046722771637141705, 0.004596086328476668, 0.004577936869114637, 0.004496114894747734, 0.004482646749168634, 0.0044915445506572725, 0.004384289452433586, 0.004357242056727409, 0.004396659960597754, 0.004317979072779417, 0.004303468818962574, 0.004324341914057732, 0.004270045448094607, 0.004244331956654787, 0.004254661658406257], "loss": [0.02230193696439266, 0.010124981466531754, 0.007980033527314663, 0.0070441280555725095, 0.006451870647966862, 0.006071634333729744, 0.0058268227630853655, 0.005679656392633915, 0.005554563389718533, 0.005480920080244541, 0.005332050577700138, 0.005257515566200018, 0.005186683817058802, 0.005158900986611843, 0.005107052078843117, 0.005050404936075211, 0.0050098624329268935, 0.004962237586081028, 0.004932873500436545, 0.004862303749173879, 0.004863337761759758, 0.004806643115133047, 0.004796379171162843, 0.0047414281955361366, 0.004746731851249933], "class_loss": [0.0, 0.0, 0.0, 0.0, 0.0, 0.0, 0.0, 0.0, 0.0, 0.0, 0.0, 0.0, 0.0, 0.0, 0.0, 0.0, 0.0, 0.0, 0.0, 0.0, 0.0, 0.0, 0.0, 0.0, 0.0], "reconstruction_loss": [0.02230193696439266, 0.010124981466531754, 0.007980033527314663, 0.0070441280555725095, 0.006451870647966862, 0.006071634333729744, 0.0058268227630853655, 0.005679656392633915, 0.005554563389718533, 0.005480920080244541, 0.005332050577700138, 0.005257515566200018, 0.005186683817058802, 0.005158900986611843, 0.005107052078843117, 0.005050404936075211, 0.0050098624329268935, 0.004962237586081028, 0.004932873500436545, 0.004862303749173879, 0.004863337761759758, 0.004806643115133047, 0.004796379171162843, 0.0047414281955361366, 0.004746731851249933], "class_acc": [0.096, 0.1052, 0.1075, 0.10774, 0.10856, 0.10948, 0.10588, 0.10248, 0.10108, 0.09958, 0.09814, 0.09598, 0.09418, 0.09434, 0.09462, 0.09644, 0.09544, 0.09886, 0.09752, 0.09912, 0.09932, 0.10066, 0.10024, 0.10016, 0.09796], "reconstruction_mean_squared_error": [0.022301936972737312, 0.01012498146250844, 0.007980033539235591, 0.007044128057360649, 0.006451870653629303, 0.006071634329557419, 0.005826822779476643, 0.00567965636998415, 0.005554563376456499, 0.005480920078605413, 0.005332050581276416, 0.005257515566051006, 0.005186683814078569, 0.005158900989294052, 0.0051070520851016045, 0.005050404932796955, 0.005009862422198057, 0.004962237581312656, 0.004932873502224684, 0.004862303737998008, 0.004863337760418653, 0.0048066431094706055, 0.004796379183232784, 0.004741428188532591, 0.004746731849759817]}