{"val_loss": [2.889298035240173, 2.8160703121185304, 2.7747187648773193, 2.745180763244629, 2.723900789451599, 2.705510134887695, 2.6944949659347532, 2.6845148876190184, 2.6791373600006105, 2.685624031829834, 2.6856878871917726, 2.6868529138565065, 2.6920231651306152, 2.694568635749817, 2.6992540391921995, 2.703425728416443, 2.7102017473220825, 2.717968638038635, 2.7259572044372558, 2.734027297401428, 2.739493793487549, 2.7460624408721923, 2.752781869125366, 2.756956605529785, 2.7643258586883546, 2.770261155128479, 2.7755290674209596, 2.7789258403778074, 2.785384517669678, 2.792196947479248, 2.7997478420257567, 2.8056980060577392, 2.80896248588562, 2.8143445987701416, 2.8194843355178834, 2.8277233428955078, 2.833303551864624, 2.838020722579956, 2.843177020072937, 2.8483992895126344, 2.854163137626648, 2.857311711502075, 2.862747328567505, 2.8689450618743897, 2.873313186454773, 2.8754950193405153, 2.8784369647979737, 2.8848263301849366, 2.8873350200653074, 2.8941785858154296, 2.8989533632278444, 2.9035108306884765, 2.909695590209961, 2.9117233566284177, 2.9189627382278442, 2.922585683631897, 2.9245756801605225, 2.9299162950515747, 2.9359384019851684, 2.9394849914550782, 2.9433426374435423, 2.948105068778992, 2.952242004585266, 2.954999550437927, 2.962483997344971, 2.9648971839904785, 2.9694137754440306, 2.9715798887252807, 2.9749868768692016, 2.982255730819702, 2.987559072685242, 2.9922602729797365, 2.997193214797974, 2.999812240600586, 3.0056702018737793, 3.0078833017349242, 3.01189618396759, 3.014718265914917, 3.0215062187194826, 3.0243869701385497], "val_acc": [0.1242, 0.1403, 0.1478, 0.1553, 0.158, 0.1636, 0.1699, 0.1706, 0.1724, 0.1767, 0.1772, 0.1799, 0.182, 0.1845, 0.1844, 0.1849, 0.187, 0.1881, 0.1884, 0.1889, 0.1881, 0.1905, 0.1896, 0.1896, 0.1926, 0.1929, 0.1931, 0.1957, 0.195, 0.1935, 0.1943, 0.1949, 0.1945, 0.1937, 0.1949, 0.1953, 0.195, 0.1958, 0.1963, 0.1962, 0.1969, 0.1962, 0.1961, 0.1967, 0.1969, 0.1966, 0.197, 0.1966, 0.1969, 0.1978, 0.1981, 0.1979, 0.1991, 0.1989, 0.1994, 0.1995, 0.2001, 0.2002, 0.2005, 0.2002, 0.2009, 0.2003, 0.2015, 0.2015, 0.2006, 0.2015, 0.2013, 0.2014, 0.2016, 0.2015, 0.2016, 0.2009, 0.2006, 0.2013, 0.2016, 0.2019, 0.2016, 0.2011, 0.2021, 0.202], "loss": [2.9424465007781984, 2.4167087707519532, 2.0577585887908936, 1.7456146011352538, 1.490388491630554, 1.2759073104858398, 1.1036044373512268, 0.9398558344841004, 0.8097233362197876, 0.7029501399993896, 0.6059962649345398, 0.5256694087982178, 0.4600977396965027, 0.3995607237815857, 0.346363667011261, 0.3060558543205261, 0.2701580827236176, 0.24036210060119628, 0.2105389792919159, 0.19415126013755798, 0.16914305102825164, 0.15461475032567978, 0.13974555265903474, 0.1255218846797943, 0.11543075889348983, 0.10476700651645661, 0.09844576668739319, 0.0901428946852684, 0.08269808381795883, 0.07581428754329682, 0.07006588816642761, 0.06500555574893951, 0.061255236208438875, 0.05721363800764084, 0.05328570967912674, 0.050488480627536775, 0.04716675049066544, 0.04344597285985947, 0.04035554188489914, 0.039148045882582666, 0.036727315858006475, 0.03409483325481415, 0.03237439075112343, 0.030686774417757988, 0.02903859406709671, 0.028158623069524765, 0.026443554759025573, 0.02535982283949852, 0.023328131467103958, 0.02241034482419491, 0.021250191867351532, 0.02069857023656368, 0.018937167763710024, 0.018777334064245223, 0.017848322674632072, 0.017088514283299445, 0.016130597919225692, 0.015328880041837693, 0.014726584762334823, 0.014430878341197967, 0.013420288905501366, 0.012810540869832038, 0.012539324432611465, 0.012055067412555218, 0.011118707098066807, 0.010674716718494893, 0.010319052048027515, 0.009955814257264137, 0.009596971236169339, 0.009211155921220779, 0.008739859953522682, 0.008526279002428055, 0.008109793975949287, 0.007938452970236539, 0.007592506565153599, 0.0070573193132877346, 0.006960391312837601, 0.006636960368603468, 0.006231637064367533, 0.0060687104761600495], "acc": [0.12, 0.209, 0.303, 0.4, 0.512, 0.615, 0.705, 0.784, 0.855, 0.892, 0.927, 0.951, 0.966, 0.981, 0.986, 0.993, 0.995, 0.998, 0.998, 0.999, 1.0, 1.0, 1.0, 1.0, 1.0, 1.0, 1.0, 1.0, 1.0, 1.0, 1.0, 1.0, 1.0, 1.0, 1.0, 1.0, 1.0, 1.0, 1.0, 1.0, 1.0, 1.0, 1.0, 1.0, 1.0, 1.0, 1.0, 1.0, 1.0, 1.0, 1.0, 1.0, 1.0, 1.0, 1.0, 1.0, 1.0, 1.0, 1.0, 1.0, 1.0, 1.0, 1.0, 1.0, 1.0, 1.0, 1.0, 1.0, 1.0, 1.0, 1.0, 1.0, 1.0, 1.0, 1.0, 1.0, 1.0, 1.0, 1.0, 1.0]}