{"val_loss": [0.011217167708277702, 0.008003301784396172, 0.0067583507172763345, 0.006077061718702316, 0.005581455938518047, 0.005264364022761583, 0.005063056004792452, 0.004895947075635195, 0.004782635038346052, 0.004698048508912325, 0.004655441599339246, 0.004635864993929863, 0.004577632285654545, 0.004532715310156346, 0.0044573238790035245, 0.004423715126514435, 0.004398048198223114, 0.004364467025548219, 0.004365545681864023, 0.004356507857143879, 0.004308608361333608, 0.004290250883996487, 0.004298008657246828, 0.004276392352581024, 0.00427220623344183], "val_class_loss": [0.0, 0.0, 0.0, 0.0, 0.0, 0.0, 0.0, 0.0, 0.0, 0.0, 0.0, 0.0, 0.0, 0.0, 0.0, 0.0, 0.0, 0.0, 0.0, 0.0, 0.0, 0.0, 0.0, 0.0, 0.0], "val_reconstruction_loss": [0.011217167708277702, 0.008003301784396172, 0.0067583507172763345, 0.006077061718702316, 0.005581455938518047, 0.005264364022761583, 0.005063056004792452, 0.004895947075635195, 0.004782635038346052, 0.004698048508912325, 0.004655441599339246, 0.004635864993929863, 0.004577632285654545, 0.004532715310156346, 0.0044573238790035245, 0.004423715126514435, 0.004398048198223114, 0.004364467025548219, 0.004365545681864023, 0.004356507857143879, 0.004308608361333608, 0.004290250883996487, 0.004298008657246828, 0.004276392352581024, 0.00427220623344183], "val_class_acc": [0.1011, 0.1004, 0.1043, 0.1044, 0.1036, 0.1061, 0.1049, 0.1028, 0.1008, 0.1001, 0.1, 0.1005, 0.1004, 0.1013, 0.1022, 0.103, 0.1018, 0.1024, 0.1029, 0.1028, 0.1025, 0.1022, 0.1036, 0.1026, 0.1024], "val_reconstruction_mean_squared_error": [0.011217167744040489, 0.008003301797807217, 0.006758350712060928, 0.0060770617164671425, 0.005581455950438977, 0.005264364022016525, 0.0050630560167133805, 0.004895947068929672, 0.004782635033130646, 0.004698048486560583, 0.004655441594868899, 0.004635865008085966, 0.004577632278203964, 0.004532715324312448, 0.004457323853671551, 0.004423715145140886, 0.004398048196732998, 0.0043644670061767105, 0.004365545705705881, 0.004356507852673531, 0.004308608340471983, 0.00429025090187788, 0.004298008682578802, 0.004276392336934805, 0.004272206231206655], "loss": [0.022524299832582473, 0.01001411726742983, 0.008059084436893463, 0.007119401371479034, 0.006537043176591396, 0.006166100009828806, 0.00588000277787447, 0.005696927704513073, 0.005599061241149902, 0.005489122892022133, 0.005375828018635512, 0.005356967984437942, 0.005255651373416185, 0.005208694503158331, 0.005154490303993225, 0.005132114885598421, 0.0050784487475454805, 0.005063899228721857, 0.005017201877608895, 0.004996444631516933, 0.004921037481725216, 0.0048827695940434936, 0.00485651522949338, 0.004821285257041454, 0.004797136437147856], "class_loss": [0.0, 0.0, 0.0, 0.0, 0.0, 0.0, 0.0, 0.0, 0.0, 0.0, 0.0, 0.0, 0.0, 0.0, 0.0, 0.0, 0.0, 0.0, 0.0, 0.0, 0.0, 0.0, 0.0, 0.0, 0.0], "reconstruction_loss": [0.022524299832582473, 0.01001411726742983, 0.008059084436893463, 0.007119401371479034, 0.006537043176591396, 0.006166100009828806, 0.00588000277787447, 0.005696927704513073, 0.005599061241149902, 0.005489122892022133, 0.005375828018635512, 0.005356967984437942, 0.005255651373416185, 0.005208694503158331, 0.005154490303993225, 0.005132114885598421, 0.0050784487475454805, 0.005063899228721857, 0.005017201877608895, 0.004996444631516933, 0.004921037481725216, 0.0048827695940434936, 0.00485651522949338, 0.004821285257041454, 0.004797136437147856], "class_acc": [0.08044, 0.059, 0.05058, 0.04806, 0.0464, 0.04424, 0.04298, 0.0404, 0.03834, 0.03784, 0.03658, 0.0357, 0.03546, 0.03476, 0.03364, 0.03366, 0.03362, 0.03366, 0.03194, 0.03146, 0.03116, 0.0314, 0.02986, 0.02982, 0.02898], "reconstruction_mean_squared_error": [0.022524299833774568, 0.010014117250740528, 0.008059084439575672, 0.007119401355683804, 0.006537043179571629, 0.0061661000071465966, 0.005880002775937319, 0.005696927709877491, 0.005599061238765716, 0.005489122898280621, 0.005375828020125628, 0.005356967975944281, 0.005255651379525662, 0.005208694486618042, 0.005154490298479796, 0.005132114885151386, 0.005078448743522168, 0.005063899225145579, 0.00501720188125968, 0.004996444639265537, 0.004921037485301495, 0.004882769599407912, 0.004856515242606402, 0.004821285263746977, 0.004797136440426111]}