{"val_loss": [0.031049262243509294, 0.029017016637325286, 0.02789517588317394, 0.02719610998630524, 0.026696815937757492, 0.026349708303809165, 0.026043396162986756, 0.025790890991687774, 0.025609440702199934, 0.02546196041703224, 0.025320292341709138, 0.025220200622081756, 0.025109396305680275, 0.025014285546541212, 0.024938872253894805, 0.024877890628576278, 0.024799173453450202, 0.024763449746370316, 0.024779927134513855, 0.024668924310803413, 0.02465451617538929, 0.024619200333952904, 0.024588330590724947, 0.02459985985159874, 0.024547690057754517, 0.024538390949368476, 0.02452381201684475, 0.02450080376267433, 0.024501871535182, 0.024491595110297203, 0.024511190649867058, 0.02449668535888195, 0.024501999062299728, 0.02453445043861866, 0.024493730518221856, 0.024479198795557024, 0.024501892593502998, 0.02450365290939808, 0.024554142847657202, 0.024527387702465056], "val_class_loss": [2.680672039413452, 2.4776043504714966, 2.3649142345428467, 2.294495238113403, 2.244820730781555, 2.210038293838501, 2.1792739387512206, 2.153589468383789, 2.1351429182052613, 2.120239803123474, 2.10580027179718, 2.0954414850234984, 2.0842939907073976, 2.074043282318115, 2.0667259241104126, 2.0602090881347657, 2.0520038343429565, 2.0480689876556397, 2.049422203063965, 2.0381119537353514, 2.036348080825806, 2.032703272438049, 2.0293433336257936, 2.0301556922912596, 2.0246085790634156, 2.023391237640381, 2.0216872665405274, 2.0189766633987425, 2.018944371986389, 2.0175499765396117, 2.0190220611572265, 2.0174411378860473, 2.017624542808533, 2.020618034362793, 2.0162464445114137, 2.0147726263046266, 2.01665186214447, 2.0166219816207884, 2.0211051109313964, 2.0181197620391846], "val_reconstruction_loss": [0.004242542440071702, 0.004240973747521639, 0.0042460340697318315, 0.0042511581428349016, 0.004248609203472734, 0.004249325896427035, 0.004250657305493951, 0.00425499679222703, 0.004258011954277754, 0.00425956281349063, 0.004262290103361011, 0.004265786260738969, 0.004266456874459982, 0.0042738531745970245, 0.00427161345295608, 0.0042758002053946255, 0.0042791355829685926, 0.004282760315388441, 0.004285705578327179, 0.00428780523352325, 0.004291035844013095, 0.0042921680893749, 0.004294897704198957, 0.004298303380981088, 0.004301604686677456, 0.004304478994011879, 0.004306939815357328, 0.004311037552729249, 0.004312428288906813, 0.004316095766425132, 0.004320970454439521, 0.004322274429351091, 0.0043257540363818405, 0.004328270576149225, 0.004331266547366977, 0.004331472970545292, 0.0043353744097054, 0.0043374335236847405, 0.004343092199787497, 0.0043461904924362894], "val_class_acc": [0.1453, 0.1737, 0.1974, 0.2136, 0.2267, 0.2392, 0.2455, 0.2525, 0.2574, 0.2642, 0.2708, 0.2754, 0.2804, 0.2837, 0.2843, 0.2885, 0.2911, 0.2968, 0.2947, 0.2975, 0.3018, 0.3002, 0.3057, 0.3066, 0.3072, 0.3087, 0.309, 0.3101, 0.3123, 0.3123, 0.3123, 0.3109, 0.3122, 0.3094, 0.3123, 0.314, 0.313, 0.3148, 0.3143, 0.3149], "val_reconstruction_mean_squared_error": [0.004242542435601354, 0.004240973748266697, 0.004246034068241715, 0.004251158132776618, 0.004248609230667353, 0.004249325893819332, 0.0042506573271006345, 0.004254996787384152, 0.004258011951297522, 0.004259562810137868, 0.004262290119379759, 0.004265786275267601, 0.004266456868872046, 0.0042738531708717345, 0.004271613459289074, 0.004275800209864974, 0.00427913559153676, 0.004282760313525796, 0.004285705571249128, 0.004287805234640837, 0.004291035862639546, 0.004292168101668358, 0.004294897682592272, 0.004298303388431669, 0.00430160468891263, 0.004304479008167982, 0.004306939810141921, 0.004311037568002939, 0.004312428280338645, 0.004316095741093159, 0.004320970448851586, 0.004322274432331324, 0.0043257540326565504, 0.004328270575404167, 0.004331266557797789, 0.0043314729750156405, 0.004335374411568046, 0.004337433524802327, 0.0043430921941995625, 0.004346190484985709], "loss": [0.03428893050551415, 0.030876755714416504, 0.028795258447527887, 0.027612758114933966, 0.026764944329857827, 0.025701275050640106, 0.02499576857686043, 0.024846524879336356, 0.024432522982358932, 0.023998627334833145, 0.023455487862229348, 0.023370897322893144, 0.02296884024143219, 0.022698781341314315, 0.021915135145187378, 0.021908195286989212, 0.021822810351848604, 0.021925099074840547, 0.021199145913124086, 0.02082269202172756, 0.020967252671718596, 0.020590010792016982, 0.0199474818110466, 0.02008568874001503, 0.019715395256876947, 0.019831651777029037, 0.019542000234127044, 0.019252327591180802, 0.0188639003187418, 0.01902755378186703, 0.019200374409556388, 0.018659425735473634, 0.01867250256240368, 0.018121392339468002, 0.018188188418745994, 0.017687528148293497, 0.017755311712622644, 0.017338902190327646, 0.0176084017008543, 0.017294827863574027], "class_loss": [2.868093692779541, 2.5201006622314455, 2.325559789657593, 2.21371439743042, 2.128610185623169, 2.0392833633422853, 1.9719989910125733, 1.9279206771850586, 1.8752632522583008, 1.8347616519927978, 1.791329273223877, 1.7717909879684448, 1.7284865531921387, 1.688450354576111, 1.6666355895996094, 1.635956594467163, 1.6032695770263672, 1.5881811046600343, 1.5553849391937256, 1.5336494617462157, 1.522392201423645, 1.5009226512908935, 1.4516743450164795, 1.4401836156845094, 1.4240669679641724, 1.4153316631317139, 1.3810118160247802, 1.3725053033828736, 1.3494421815872193, 1.3322024717330934, 1.326026940345764, 1.3000230855941772, 1.280259741783142, 1.2534453439712525, 1.243058343887329, 1.22094819688797, 1.2085944561958313, 1.1869050059318542, 1.1774683313369751, 1.1661943464279174], "reconstruction_loss": [0.005607994370162487, 0.005675750091671944, 0.005539661061018705, 0.005475614555180073, 0.005478843003511429, 0.0053084418177604675, 0.00527577893063426, 0.005567318417131901, 0.005679890975356102, 0.005651011116802693, 0.005542195402085781, 0.005652987718582153, 0.005683975175023079, 0.005814278248697519, 0.005248779613524676, 0.0055486298650503155, 0.0057901149727404115, 0.006043288491666317, 0.005645296853035688, 0.005486197706311941, 0.00574333088286221, 0.005580784503370523, 0.005430738687515259, 0.0056838527880609035, 0.005474725868552923, 0.005678335383534431, 0.0057318822555243966, 0.005527274914085865, 0.005369478834792971, 0.005705529406666756, 0.005940105304121971, 0.005659195117652416, 0.00586990550160408, 0.005586939129978419, 0.005757605295628309, 0.005478046309202909, 0.0056693673431873325, 0.005469852462410927, 0.005833718564361334, 0.005632884573191404], "class_acc": [0.141, 0.173, 0.205, 0.232, 0.27, 0.295, 0.325, 0.351, 0.354, 0.37, 0.379, 0.404, 0.427, 0.422, 0.422, 0.447, 0.453, 0.461, 0.473, 0.483, 0.492, 0.489, 0.515, 0.526, 0.529, 0.526, 0.539, 0.553, 0.571, 0.578, 0.591, 0.596, 0.582, 0.615, 0.627, 0.612, 0.623, 0.642, 0.653, 0.651], "reconstruction_mean_squared_error": [0.005607994377613067, 0.005675750114023686, 0.005539661072194576, 0.005475614532828331, 0.005478842988610268, 0.0053084418326616286, 0.005275778952986002, 0.0055673183780163525, 0.005679890982806682, 0.0056510111391544346, 0.005542195435613394, 0.005652987711131573, 0.005683975216001272, 0.005814278200268745, 0.005248779602348805, 0.005548629932105541, 0.005790114976465702, 0.006043288584798574, 0.005645296774804592, 0.005486197661608457, 0.0057433308362960815, 0.005580784551799297, 0.005430738676339388, 0.0056838527880609035, 0.005474725883454085, 0.005678335346281528, 0.0057318822517991065, 0.005527274921536446, 0.005369478853419423, 0.00570552933216095, 0.005940105222165585, 0.005659195087850094, 0.005869905527681112, 0.00558693914487958, 0.005757605284452438, 0.005478046339005232, 0.005669367402791977, 0.005469852410256862, 0.005833718597888947, 0.0056328845657408234]}