{"val_loss": [0.03487834037542343, 0.029334368926286696, 0.02573915030360222, 0.023767755156755447, 0.022864130580425263, 0.022180659970641135, 0.021829712456464766, 0.02160317196249962, 0.021390405747294425, 0.021281973201036454, 0.021154092678427695, 0.021042727315425874, 0.02097433191239834, 0.020901518160104753, 0.020877648684382438, 0.02081392459869385, 0.02091140006184578, 0.020734016054868697, 0.020697678300738334, 0.020699924850463867], "val_class_loss": [0.0, 0.0, 0.0, 0.0, 0.0, 0.0, 0.0, 0.0, 0.0, 0.0, 0.0, 0.0, 0.0, 0.0, 0.0, 0.0, 0.0, 0.0, 0.0, 0.0], "val_reconstruction_loss": [0.03487834037542343, 0.029334368926286696, 0.02573915030360222, 0.023767755156755447, 0.022864130580425263, 0.022180659970641135, 0.021829712456464766, 0.02160317196249962, 0.021390405747294425, 0.021281973201036454, 0.021154092678427695, 0.021042727315425874, 0.02097433191239834, 0.020901518160104753, 0.020877648684382438, 0.02081392459869385, 0.02091140006184578, 0.020734016054868697, 0.020697678300738334, 0.020699924850463867], "val_class_acc": [0.0985, 0.0953, 0.1008, 0.1011, 0.0991, 0.1005, 0.0999, 0.0986, 0.1016, 0.0988, 0.1009, 0.0999, 0.1004, 0.0994, 0.1, 0.1015, 0.1019, 0.1026, 0.1005, 0.1025], "val_reconstruction_mean_squared_error": [0.03487834037542343, 0.029334368926286696, 0.02573915030360222, 0.023767755156755447, 0.022864130580425263, 0.022180659970641135, 0.021829712456464766, 0.02160317196249962, 0.021390405747294425, 0.021281973201036454, 0.021154092678427695, 0.021042727315425874, 0.02097433191239834, 0.020901518160104753, 0.020877648684382438, 0.02081392459869385, 0.02091140006184578, 0.020734016054868697, 0.020697678300738334, 0.020699924850463867], "loss": [0.04481936699986458, 0.03270041575312614, 0.027763574035763742, 0.0247969313788414, 0.02316598291873932, 0.022164419639110564, 0.021485260249376296, 0.02098507176876068, 0.020555075137615203, 0.020194278254508972, 0.01987200386762619, 0.019583855943083765, 0.01932404724419117, 0.01907577561080456, 0.018856827762126924, 0.01865388105273247, 0.018454166482686996, 0.018269075372219085, 0.01809880347073078, 0.017936314944028853], "class_loss": [0.0, 0.0, 0.0, 0.0, 0.0, 0.0, 0.0, 0.0, 0.0, 0.0, 0.0, 0.0, 0.0, 0.0, 0.0, 0.0, 0.0, 0.0, 0.0, 0.0], "reconstruction_loss": [0.04481936699986458, 0.03270041575312614, 0.027763574035763742, 0.0247969313788414, 0.02316598291873932, 0.022164419639110564, 0.021485260249376296, 0.02098507176876068, 0.020555075137615203, 0.020194278254508972, 0.01987200386762619, 0.019583855943083765, 0.01932404724419117, 0.01907577561080456, 0.018856827762126924, 0.01865388105273247, 0.018454166482686996, 0.018269075372219085, 0.01809880347073078, 0.017936314944028853], "class_acc": [0.00798, 0.00334, 0.00568, 0.01088, 0.0156, 0.01812, 0.02602, 0.02422, 0.03148, 0.03388, 0.0325, 0.0353, 0.03828, 0.03966, 0.04024, 0.03934, 0.04172, 0.04056, 0.04048, 0.04332], "reconstruction_mean_squared_error": [0.04481936699986458, 0.03270041575312614, 0.027763574035763742, 0.0247969313788414, 0.02316598291873932, 0.022164419639110564, 0.021485260249376296, 0.02098507176876068, 0.020555075137615203, 0.020194278254508972, 0.01987200386762619, 0.019583855943083765, 0.01932404724419117, 0.01907577561080456, 0.018856827762126924, 0.01865388105273247, 0.018454166482686996, 0.018269075372219085, 0.01809880347073078, 0.017936314944028853]}