{"val_loss": [2.353917317199707, 2.3638468441009524, 2.3857841968536375, 2.392571411895752, 2.3971752433776854, 2.3970060344696047, 2.398105425262451, 2.398203235244751, 2.401575514221191, 2.417067342567444, 2.421967897605896, 2.4191938220977782, 2.4287819248199463, 2.4379683284759524, 2.446428960800171, 2.450083018493652, 2.450523104095459, 2.4538212188720703, 2.4615772243499756, 2.4689974514007567, 2.4743879608154296, 2.480523001098633, 2.480576762008667, 2.4806354345321657, 2.484658683013916, 2.490070909118652, 2.497210715675354, 2.499095945358276, 2.498720035171509, 2.4998402061462404, 2.506038404083252, 2.5110583251953127, 2.5127939350128172, 2.519175507736206, 2.5227684341430665, 2.5259083753585814, 2.531488645362854, 2.5329944936752318, 2.5337961776733398, 2.5369591188430785], "val_acc": [0.1003, 0.1002, 0.1042, 0.1103, 0.1144, 0.1151, 0.1189, 0.1179, 0.1202, 0.1181, 0.1206, 0.1236, 0.1238, 0.1248, 0.1255, 0.126, 0.126, 0.1261, 0.1265, 0.1268, 0.1278, 0.129, 0.1267, 0.1284, 0.1287, 0.1278, 0.1284, 0.1293, 0.1292, 0.1285, 0.1294, 0.1285, 0.1273, 0.1272, 0.1282, 0.128, 0.1275, 0.1284, 0.1285, 0.1286], "loss": [2.3771654987335205, 2.006067519187927, 1.7638672161102296, 1.561662950515747, 1.3851125049591064, 1.2227467727661132, 1.0777996206283569, 0.9515971755981445, 0.8378216862678528, 0.7428728199005127, 0.6581467461585998, 0.5852830028533935, 0.5178752207756042, 0.46155253410339353, 0.4130854535102844, 0.3699328923225403, 0.33479732990264893, 0.3011425149440765, 0.27197819590568545, 0.24735068738460542, 0.22568210005760192, 0.20644004702568053, 0.1894025582075119, 0.17404300570487977, 0.1607482409477234, 0.14901394963264467, 0.13836263060569765, 0.12880403965711593, 0.12057682394981384, 0.1127530962228775, 0.10566539317369461, 0.09920753419399261, 0.09371628850698471, 0.08844186410307885, 0.08361645132303237, 0.07924362272024155, 0.07505531162023545, 0.07113225191831589, 0.067632767111063, 0.06441734075546264], "acc": [0.15, 0.39, 0.64, 0.8, 0.93, 0.98, 1.0, 1.0, 1.0, 1.0, 1.0, 1.0, 1.0, 1.0, 1.0, 1.0, 1.0, 1.0, 1.0, 1.0, 1.0, 1.0, 1.0, 1.0, 1.0, 1.0, 1.0, 1.0, 1.0, 1.0, 1.0, 1.0, 1.0, 1.0, 1.0, 1.0, 1.0, 1.0, 1.0, 1.0]}