{"val_loss": [0.010946894699335099, 0.00771080483943224, 0.006494659809023142, 0.005780239986628294, 0.005360392667353153, 0.005130689261853695, 0.004985691810399294, 0.00478931774944067, 0.0046900629214942455, 0.004617288465052843, 0.0045499320149421695, 0.004499281577020883, 0.004427455313503742, 0.004393485439568758, 0.004381087831407785, 0.00432925938591361, 0.0043095319204032425, 0.0042666897878050804, 0.004258550311625003, 0.004249846356362105], "val_class_loss": [0.0, 0.0, 0.0, 0.0, 0.0, 0.0, 0.0, 0.0, 0.0, 0.0, 0.0, 0.0, 0.0, 0.0, 0.0, 0.0, 0.0, 0.0, 0.0, 0.0], "val_reconstruction_loss": [0.010946894699335099, 0.00771080483943224, 0.006494659809023142, 0.005780239986628294, 0.005360392667353153, 0.005130689261853695, 0.004985691810399294, 0.00478931774944067, 0.0046900629214942455, 0.004617288465052843, 0.0045499320149421695, 0.004499281577020883, 0.004427455313503742, 0.004393485439568758, 0.004381087831407785, 0.00432925938591361, 0.0043095319204032425, 0.0042666897878050804, 0.004258550311625003, 0.004249846356362105], "val_class_acc": [0.1216, 0.1228, 0.1212, 0.1179, 0.1153, 0.112, 0.1098, 0.1078, 0.108, 0.1076, 0.1079, 0.1092, 0.1091, 0.1107, 0.1094, 0.11, 0.1101, 0.1104, 0.1109, 0.111], "val_reconstruction_mean_squared_error": [0.010946894742548466, 0.007710804826021194, 0.006494659817963839, 0.005780239985883236, 0.005360392663627863, 0.00513068927526474, 0.004985691808164119, 0.004789317766577005, 0.00469006293490529, 0.004617288444936275, 0.004549932024627924, 0.004499281574785709, 0.004427455342561007, 0.004393485423177481, 0.00438108781427145, 0.0043292593985795975, 0.004309531912207604, 0.004266689799726009, 0.0042585503093898296, 0.004249846343696117], "loss": [0.02303939145743847, 0.00981047961652279, 0.0077663944016397, 0.006829581648111344, 0.0062873212121427055, 0.0059368297861516475, 0.0057271980240941045, 0.005561293327957391, 0.005463859628736973, 0.005356017973273993, 0.005258442082852125, 0.005227625196278095, 0.0051473295250535015, 0.005112027473300695, 0.005022623446881771, 0.005023404012173415, 0.005025517608225345, 0.004964261104911566, 0.004927874382585287, 0.004880590937435627], "class_loss": [0.0, 0.0, 0.0, 0.0, 0.0, 0.0, 0.0, 0.0, 0.0, 0.0, 0.0, 0.0, 0.0, 0.0, 0.0, 0.0, 0.0, 0.0, 0.0, 0.0], "reconstruction_loss": [0.02303939145743847, 0.00981047961652279, 0.0077663944016397, 0.006829581648111344, 0.0062873212121427055, 0.0059368297861516475, 0.0057271980240941045, 0.005561293327957391, 0.005463859628736973, 0.005356017973273993, 0.005258442082852125, 0.005227625196278095, 0.0051473295250535015, 0.005112027473300695, 0.005022623446881771, 0.005023404012173415, 0.005025517608225345, 0.004964261104911566, 0.004927874382585287, 0.004880590937435627], "class_acc": [0.07386, 0.0635, 0.06104, 0.05796, 0.05426, 0.04964, 0.0458, 0.0407, 0.03676, 0.03476, 0.03222, 0.03084, 0.03018, 0.03052, 0.03146, 0.03096, 0.03152, 0.03076, 0.03226, 0.03198], "reconstruction_mean_squared_error": [0.023039391461014747, 0.009810479653179646, 0.007766394416987896, 0.0068295816335082055, 0.006287321206629276, 0.005936829787045717, 0.00572719802826643, 0.005561293327510357, 0.005463859632909298, 0.005356017989367246, 0.005258442074209451, 0.005227625195980072, 0.005147329520285129, 0.005112027467638254, 0.005022623449712992, 0.005023404009342193, 0.0050255176021158695, 0.004964261101484299, 0.004927874378412962, 0.004880590936541558]}