{"val_loss": [0.011429773719608783, 0.007862278401851655, 0.006518723178654909, 0.005817850822210312, 0.005360975849628449, 0.005082087545096875, 0.004912669644504785, 0.00477826827391982, 0.0046762846753001215, 0.0046260293677449224, 0.004553318595886231, 0.004505892789363861, 0.00445448148176074, 0.004413275838643312, 0.004402606436610222, 0.004344599941372871, 0.004325361708551645, 0.004325684612244368, 0.004274132860451937, 0.004281081295013428], "val_class_loss": [0.0, 0.0, 0.0, 0.0, 0.0, 0.0, 0.0, 0.0, 0.0, 0.0, 0.0, 0.0, 0.0, 0.0, 0.0, 0.0, 0.0, 0.0, 0.0, 0.0], "val_reconstruction_loss": [0.011429773719608783, 0.007862278401851655, 0.006518723178654909, 0.005817850822210312, 0.005360975849628449, 0.005082087545096875, 0.004912669644504785, 0.00477826827391982, 0.0046762846753001215, 0.0046260293677449224, 0.004553318595886231, 0.004505892789363861, 0.00445448148176074, 0.004413275838643312, 0.004402606436610222, 0.004344599941372871, 0.004325361708551645, 0.004325684612244368, 0.004274132860451937, 0.004281081295013428], "val_class_acc": [0.1056, 0.1009, 0.098, 0.0978, 0.0974, 0.0946, 0.0951, 0.0935, 0.0925, 0.0938, 0.0931, 0.0937, 0.0946, 0.0951, 0.0958, 0.0939, 0.0935, 0.0937, 0.0935, 0.0952], "val_reconstruction_mean_squared_error": [0.01142977374047041, 0.007862278389930725, 0.006518723164498806, 0.0058178508162498475, 0.005360975836962462, 0.005082087554037571, 0.00491266965419054, 0.004778268258273602, 0.004676284687966109, 0.004626029368489981, 0.004553318585455417, 0.004505892814695835, 0.004454481476545334, 0.004413275845348835, 0.004402606457471848, 0.004344599930197, 0.0043253617115318775, 0.0043256845980882645, 0.004274132866412401, 0.004281081311404705], "loss": [0.022115782691836356, 0.010119911701381207, 0.007867954012453555, 0.0068746577751636504, 0.006316259654462338, 0.005942493966519833, 0.005714156059324741, 0.005547521035373211, 0.005478213466703892, 0.005355944636762142, 0.005267960098236799, 0.0052218965463340285, 0.005186080931723118, 0.005102444657832384, 0.005067337195277214, 0.005059795848578214, 0.005031884278208018, 0.004961363587975502, 0.004947302170097828, 0.004938737597465515], "class_loss": [0.0, 0.0, 0.0, 0.0, 0.0, 0.0, 0.0, 0.0, 0.0, 0.0, 0.0, 0.0, 0.0, 0.0, 0.0, 0.0, 0.0, 0.0, 0.0, 0.0], "reconstruction_loss": [0.022115782691836356, 0.010119911701381207, 0.007867954012453555, 0.0068746577751636504, 0.006316259654462338, 0.005942493966519833, 0.005714156059324741, 0.005547521035373211, 0.005478213466703892, 0.005355944636762142, 0.005267960098236799, 0.0052218965463340285, 0.005186080931723118, 0.005102444657832384, 0.005067337195277214, 0.005059795848578214, 0.005031884278208018, 0.004961363587975502, 0.004947302170097828, 0.004938737597465515], "class_acc": [0.10838, 0.12326, 0.12626, 0.12892, 0.12394, 0.12094, 0.11942, 0.12062, 0.1227, 0.12678, 0.12626, 0.12848, 0.12984, 0.1304, 0.13098, 0.13124, 0.13068, 0.13058, 0.13134, 0.13124], "reconstruction_mean_squared_error": [0.02211578271985054, 0.010119911690354347, 0.00786795402377844, 0.006874657773822546, 0.00631625965282321, 0.005942493956387043, 0.0057141560471057895, 0.005547521033585072, 0.0054782134689390655, 0.005355944641828537, 0.005267960110157728, 0.005221896548122168, 0.00518608093291521, 0.005102444659173489, 0.005067337179481983, 0.005059795850366354, 0.005031884283870459, 0.0049613635858893395, 0.004947302161455155, 0.004938737586587668]}