{"val_loss": [0.011604622657597066, 0.007551078644394874, 0.006496451641619205, 0.005870336882770061, 0.00548266921788454, 0.005286152075231075, 0.005049366152286529, 0.004936206167191267, 0.004828807730227709, 0.004742323675006628, 0.004717984312772751, 0.004627970960736275, 0.004565592107921838, 0.0045229468941688535, 0.004491782373934984, 0.0044501784719526765, 0.004435382307320834, 0.004409389398247004, 0.004387797262519598, 0.004356006859242916], "val_class_loss": [0.0, 0.0, 0.0, 0.0, 0.0, 0.0, 0.0, 0.0, 0.0, 0.0, 0.0, 0.0, 0.0, 0.0, 0.0, 0.0, 0.0, 0.0, 0.0, 0.0], "val_reconstruction_loss": [0.011604622657597066, 0.007551078644394874, 0.006496451641619205, 0.005870336882770061, 0.00548266921788454, 0.005286152075231075, 0.005049366152286529, 0.004936206167191267, 0.004828807730227709, 0.004742323675006628, 0.004717984312772751, 0.004627970960736275, 0.004565592107921838, 0.0045229468941688535, 0.004491782373934984, 0.0044501784719526765, 0.004435382307320834, 0.004409389398247004, 0.004387797262519598, 0.004356006859242916], "val_class_acc": [0.1252, 0.1346, 0.136, 0.1364, 0.1353, 0.1346, 0.133, 0.1317, 0.1327, 0.1334, 0.135, 0.1348, 0.1352, 0.1361, 0.1367, 0.1372, 0.1365, 0.1381, 0.1359, 0.1359], "val_reconstruction_mean_squared_error": [0.011604622682929038, 0.007551078617572785, 0.006496451626718044, 0.0058703368917107585, 0.005482669205218554, 0.00528615203872323, 0.00504936612918973, 0.004936206161230802, 0.00482880771830678, 0.004742323663830757, 0.004717984332144261, 0.004627970972657203, 0.004565592095255852, 0.004522946906834841, 0.004491782365739346, 0.004450178503990173, 0.004435382290184498, 0.00440938937664032, 0.004387797252833843, 0.004356006856262684], "loss": [0.02222697296053171, 0.00949958203047514, 0.007721097785234451, 0.006900591925680637, 0.006408441020697355, 0.006085975635945797, 0.005887648580670357, 0.005714590250998735, 0.00557701279938221, 0.005505580421239138, 0.00541014063835144, 0.005329573420882225, 0.005271304368674755, 0.0052318377795815465, 0.005163945386707783, 0.0051140676009654995, 0.0051137778393924235, 0.005024902883768082, 0.005006786443591118, 0.004995142007768154], "class_loss": [0.0, 0.0, 0.0, 0.0, 0.0, 0.0, 0.0, 0.0, 0.0, 0.0, 0.0, 0.0, 0.0, 0.0, 0.0, 0.0, 0.0, 0.0, 0.0, 0.0], "reconstruction_loss": [0.02222697296053171, 0.00949958203047514, 0.007721097785234451, 0.006900591925680637, 0.006408441020697355, 0.006085975635945797, 0.005887648580670357, 0.005714590250998735, 0.00557701279938221, 0.005505580421239138, 0.00541014063835144, 0.005329573420882225, 0.005271304368674755, 0.0052318377795815465, 0.005163945386707783, 0.0051140676009654995, 0.0051137778393924235, 0.005024902883768082, 0.005006786443591118, 0.004995142007768154], "class_acc": [0.05378, 0.05, 0.05054, 0.05086, 0.05052, 0.05134, 0.05176, 0.05228, 0.05196, 0.05188, 0.05224, 0.05166, 0.05194, 0.05088, 0.0515, 0.05116, 0.0514, 0.05108, 0.05078, 0.04992], "reconstruction_mean_squared_error": [0.022226973024904728, 0.009499582031369209, 0.007721097773313522, 0.006900591922998429, 0.0064084410218894486, 0.006085975619852543, 0.0058876485741138455, 0.005714590248465538, 0.005577012802362442, 0.00550558041960001, 0.0054101406487822535, 0.005329573426991701, 0.005271304370313883, 0.0052318377868831156, 0.005163945372402668, 0.005114067613631487, 0.00511377783626318, 0.005024902889877557, 0.005006786451041699, 0.004995142008960247]}