{"val_loss": [0.010883753678202629, 0.0076872064441442485, 0.006547020392119885, 0.005879712723940611, 0.005474668002128601, 0.005188064609467983, 0.004991808789223433, 0.004849734592437744, 0.00473872038051486, 0.004656266897916794, 0.004624730864912272, 0.004532175526767969, 0.004540467993170023, 0.004449285624921322, 0.0044379308015108105, 0.00438385611101985, 0.004399877870827913, 0.004360898108035326, 0.004327438268065453, 0.004302532219141722, 0.0042820751391351225, 0.004274861779808998, 0.004267337121069431, 0.004254612933844328, 0.004233395781368017], "val_class_loss": [0.0, 0.0, 0.0, 0.0, 0.0, 0.0, 0.0, 0.0, 0.0, 0.0, 0.0, 0.0, 0.0, 0.0, 0.0, 0.0, 0.0, 0.0, 0.0, 0.0, 0.0, 0.0, 0.0, 0.0, 0.0], "val_reconstruction_loss": [0.010883753678202629, 0.0076872064441442485, 0.006547020392119885, 0.005879712723940611, 0.005474668002128601, 0.005188064609467983, 0.004991808789223433, 0.004849734592437744, 0.00473872038051486, 0.004656266897916794, 0.004624730864912272, 0.004532175526767969, 0.004540467993170023, 0.004449285624921322, 0.0044379308015108105, 0.00438385611101985, 0.004399877870827913, 0.004360898108035326, 0.004327438268065453, 0.004302532219141722, 0.0042820751391351225, 0.004274861779808998, 0.004267337121069431, 0.004254612933844328, 0.004233395781368017], "val_class_acc": [0.0938, 0.0877, 0.0868, 0.0911, 0.0909, 0.0913, 0.0918, 0.0922, 0.0922, 0.0923, 0.0914, 0.0911, 0.0912, 0.0905, 0.0904, 0.0897, 0.0897, 0.0905, 0.0909, 0.0898, 0.0909, 0.0886, 0.0908, 0.0895, 0.0895], "val_reconstruction_mean_squared_error": [0.01088375362753868, 0.007687206448614597, 0.00654702041298151, 0.005879712727665901, 0.005474667982757092, 0.005188064610213042, 0.004991808796674013, 0.004849734596163034, 0.004738720390200615, 0.004656266885995865, 0.004624730872362852, 0.0045321755275130274, 0.004540467989444733, 0.004449285615980625, 0.004437930804491043, 0.004383856120705605, 0.0043998778477311136, 0.004360898100584746, 0.004327438265830278, 0.004302532225847244, 0.004282075136899948, 0.00427486177906394, 0.004267337118089199, 0.004254612927883863, 0.004233395779132843], "loss": [0.021168550199270247, 0.009666576222479344, 0.007763129192590714, 0.006952438215613365, 0.006374372426569462, 0.006057542915195227, 0.005784212306141854, 0.0056343042629957195, 0.005493780185282231, 0.005378817534893751, 0.005321680832058191, 0.005275892982631922, 0.005186502293348313, 0.005125024964809418, 0.005113058444410562, 0.005038188302665949, 0.005047831051200628, 0.0049959708899259565, 0.004968335565328598, 0.004939430093318224, 0.004861085090786219, 0.004838695631921291, 0.004805775841623544, 0.00478547494456172, 0.004777499115616083], "class_loss": [0.0, 0.0, 0.0, 0.0, 0.0, 0.0, 0.0, 0.0, 0.0, 0.0, 0.0, 0.0, 0.0, 0.0, 0.0, 0.0, 0.0, 0.0, 0.0, 0.0, 0.0, 0.0, 0.0, 0.0, 0.0], "reconstruction_loss": [0.021168550199270247, 0.009666576222479344, 0.007763129192590714, 0.006952438215613365, 0.006374372426569462, 0.006057542915195227, 0.005784212306141854, 0.0056343042629957195, 0.005493780185282231, 0.005378817534893751, 0.005321680832058191, 0.005275892982631922, 0.005186502293348313, 0.005125024964809418, 0.005113058444410562, 0.005038188302665949, 0.005047831051200628, 0.0049959708899259565, 0.004968335565328598, 0.004939430093318224, 0.004861085090786219, 0.004838695631921291, 0.004805775841623544, 0.00478547494456172, 0.004777499115616083], "class_acc": [0.0613, 0.0455, 0.0363, 0.03338, 0.02928, 0.0252, 0.02242, 0.02138, 0.02054, 0.0208, 0.02018, 0.02092, 0.02164, 0.0224, 0.02254, 0.0235, 0.02372, 0.02442, 0.02498, 0.0251, 0.02586, 0.02568, 0.0259, 0.0265, 0.02666], "reconstruction_mean_squared_error": [0.02116855020403862, 0.009666576214134694, 0.007763129190504551, 0.006952438203394413, 0.006374372422099113, 0.006057542899399995, 0.005784212310761213, 0.005634304264038801, 0.005493780190944672, 0.005378817540109157, 0.005321680815517902, 0.005275892976820469, 0.0051865022973716255, 0.005125024961978197, 0.005113058449029923, 0.0050381882973015305, 0.005047831056267023, 0.004995970894992352, 0.004968335564136505, 0.004939430089294911, 0.004861085092574358, 0.004838695637434721, 0.004805775844454766, 0.004785474953651428, 0.004777499111443758]}