{"val_loss": [0.03593914247453213, 0.035563564744591714, 0.0351618238478899, 0.034867886120080946, 0.03450850495994091, 0.034369001737236976, 0.0341226793974638, 0.03404949903190136, 0.0338791789919138, 0.03357642450630665, 0.03330082870721817, 0.03317119007706642, 0.033079004782438276, 0.03292299053668976, 0.03282286997139454, 0.03272387469708919, 0.032623016369342804, 0.03256118217408657, 0.032498538300395015, 0.032448905459046364, 0.03239258546829223, 0.03239278008043766, 0.032327703422307966, 0.032274599906802176, 0.03222381164133549, 0.032191091999411586, 0.03213647510111332, 0.032166855266690254, 0.0321957495957613, 0.03213471871316433, 0.03211586243510246, 0.03211397844851017, 0.032165556347370144, 0.032143154540658, 0.03212948352396488, 0.03214893514811993, 0.032126298752427104, 0.032104708287119865, 0.032069862827658654, 0.032045526176691055], "val_class_loss": [3.1010209632873535, 3.0628896669387817, 3.025339511871338, 3.0025438581466677, 2.9743133266448973, 2.950046685600281, 2.923801070404053, 2.9111661943435667, 2.8969065370559695, 2.869446917915344, 2.849476816177368, 2.8348104333877564, 2.8244350732803345, 2.813438903617859, 2.8043285652160646, 2.79693985748291, 2.789819759941101, 2.786514798164368, 2.7827195808410643, 2.77882001914978, 2.7714340032577516, 2.7703143306732176, 2.765682639503479, 2.762986528778076, 2.7581468158721925, 2.75464610080719, 2.750757061958313, 2.751743695640564, 2.751979048728943, 2.748162894630432, 2.7468222833633424, 2.745761763381958, 2.7480135557174683, 2.74856944065094, 2.7470518503189085, 2.7474081691741943, 2.746676431846619, 2.7456983724594117, 2.7409469287872312, 2.7399951887130736], "val_reconstruction_loss": [0.004928933512419462, 0.0049346687253564595, 0.004908429362624884, 0.00484244827888906, 0.00476537248454988, 0.00486853550747037, 0.004884669343009591, 0.004937837760150433, 0.00491011428385973, 0.0048819559764117, 0.004806061177700758, 0.0048230863764882085, 0.004834654672071338, 0.0047886021446436645, 0.004779584939405322, 0.00475447668582201, 0.004724819458276033, 0.004696034783124923, 0.004671343131735921, 0.004660705949366093, 0.0046782460775226355, 0.00468963744789362, 0.004670877645164728, 0.004644735270366073, 0.004642344130203127, 0.004644631556421518, 0.004628905042633414, 0.004649418937414884, 0.004675959798321128, 0.004653090359270573, 0.004647640180960298, 0.004656361389160156, 0.004685421381145716, 0.004657460760697722, 0.0046589656051248315, 0.004674854090437293, 0.004659535047411918, 0.0046477251455187794, 0.004660394100472331, 0.004645574882254005], "val_class_acc": [0.1005, 0.1036, 0.1062, 0.1066, 0.1094, 0.1126, 0.1157, 0.1194, 0.1219, 0.1256, 0.1289, 0.1311, 0.1332, 0.1339, 0.1348, 0.1367, 0.1366, 0.1361, 0.1368, 0.1378, 0.1381, 0.1403, 0.1423, 0.1427, 0.1441, 0.145, 0.1453, 0.1459, 0.1478, 0.1479, 0.1496, 0.1517, 0.1526, 0.1536, 0.1539, 0.1541, 0.1548, 0.1561, 0.1574, 0.1582], "val_reconstruction_mean_squared_error": [0.004928933509066701, 0.004934668738394976, 0.004908429374173283, 0.0048424482751637694, 0.004765372461080551, 0.00486853551119566, 0.004884669339284301, 0.004937837765738368, 0.00491011427603662, 0.004881955975666642, 0.004806061188131571, 0.0048230863727629185, 0.004834654670208692, 0.004788602152094245, 0.004779584950208664, 0.004754476681351661, 0.004724819458276033, 0.004696034790948034, 0.004671343127638101, 0.004660705945268274, 0.004678246046975255, 0.00468963744789362, 0.00467087762504816, 0.004644735269993544, 0.004642344147339463, 0.004644631554931402, 0.004628905051201582, 0.004649418922513723, 0.004675959803909063, 0.004653090358152986, 0.004647640200331807, 0.004656361378729343, 0.0046854213953018186, 0.004657460759952665, 0.004658965603634715, 0.004674854091182351, 0.004659535056725145, 0.004647725144773722, 0.004660394097492099, 0.004645574892684817], "loss": [0.03455138802528381, 0.0339992705732584, 0.03319514721632004, 0.0317126651853323, 0.030801619440317153, 0.031261978447437284, 0.03038174219429493, 0.030006972253322602, 0.029108190461993217, 0.02834551051259041, 0.027430160641670226, 0.02695085383951664, 0.026315167918801306, 0.025622500777244567, 0.0254339861869812, 0.02614192321896553, 0.024594790637493133, 0.02460713416337967, 0.024113335311412812, 0.023787093460559846, 0.02372442923486233, 0.02326946809887886, 0.022550728395581244, 0.022010648697614668, 0.022730614468455316, 0.021175432354211807, 0.021489356979727745, 0.020926486253738403, 0.021057602018117905, 0.02008534848690033, 0.02024303950369358, 0.020040781646966935, 0.020244830772280693, 0.01926821507513523, 0.01904637858271599, 0.018613395541906358, 0.018921727538108824, 0.019052530527114867, 0.018000621572136877, 0.01897653967142105], "class_loss": [2.7891530132293703, 2.7514898204803466, 2.703041753768921, 2.5539650249481203, 2.489269132614136, 2.4347971057891846, 2.3944966697692873, 2.3420692586898806, 2.2245860290527344, 2.2189574146270754, 2.1267799663543703, 2.056967034339905, 2.033390555381775, 1.98384437084198, 1.9583112335205077, 1.9338146400451661, 1.8394466686248778, 1.8310385036468506, 1.7965556383132935, 1.7700718879699706, 1.7318348789215088, 1.7042913818359375, 1.6623717212677003, 1.5936091995239259, 1.605503568649292, 1.5453803730010987, 1.5341332674026489, 1.4923844623565674, 1.4584506702423097, 1.4315692615509032, 1.4025559902191163, 1.3690975093841553, 1.348877601623535, 1.3286223125457763, 1.2954183435440063, 1.2602130699157714, 1.2533284544944763, 1.245633192062378, 1.2067552137374877, 1.1778519439697266], "reconstruction_loss": [0.006659858450293541, 0.006484373807907105, 0.006164729595184326, 0.006173015087842942, 0.005908928774297237, 0.006914008557796478, 0.006436775848269463, 0.00658627986907959, 0.0068623309582471845, 0.006155935935676098, 0.00616236113011837, 0.006381183639168739, 0.005981262419372797, 0.005784057527780533, 0.005850874111056328, 0.0068037774227559565, 0.006200324483215809, 0.006296749748289585, 0.006147779189050197, 0.006086374782025814, 0.006406080648303032, 0.006226554960012436, 0.005927011147141456, 0.006074557229876518, 0.006675578821450472, 0.005721629150211811, 0.006148024350404739, 0.006002641506493092, 0.006473095566034317, 0.005769656356424093, 0.006217480134218931, 0.006349806748330593, 0.00675605446100235, 0.0059819923341274265, 0.006092195045202971, 0.006011264994740486, 0.006388443112373352, 0.006596198566257954, 0.005933069251477718, 0.007198020704090595], "class_acc": [0.13, 0.15, 0.14, 0.19, 0.21, 0.2, 0.18, 0.22, 0.24, 0.25, 0.28, 0.25, 0.32, 0.3, 0.34, 0.31, 0.39, 0.4, 0.37, 0.44, 0.41, 0.39, 0.42, 0.43, 0.4, 0.43, 0.47, 0.47, 0.47, 0.49, 0.53, 0.54, 0.56, 0.56, 0.55, 0.63, 0.63, 0.58, 0.65, 0.68], "reconstruction_mean_squared_error": [0.006659858450293541, 0.006484373882412911, 0.006164729595184326, 0.006173015236854553, 0.005908928606659174, 0.006914008483290672, 0.006436775997281074, 0.006586280018091202, 0.0068623309209942815, 0.006155935786664486, 0.006162360981106758, 0.006381183713674545, 0.005981262661516666, 0.005784057602286338, 0.005850874185562134, 0.0068037772737443445, 0.006200324408710003, 0.006296749822795391, 0.006147779170423746, 0.006086374782025814, 0.006406080685555935, 0.006226555295288563, 0.005927011147141456, 0.006074557304382324, 0.0066755787655711175, 0.005721629280596972, 0.006148024331778288, 0.006002641171216965, 0.006473095566034317, 0.005769656281918287, 0.006217480134218931, 0.006349806524813175, 0.006756054386496544, 0.005981992483139038, 0.006092194989323616, 0.006011265069246292, 0.006388443186879158, 0.006596198491752148, 0.005933069065213204, 0.007198020592331886]}