{"val_loss": [2.905849885940552, 2.8249807359695436, 2.7719383157730104, 2.7278153703689574, 2.7005168188095094, 2.6750214473724365, 2.661051725578308, 2.651983380508423, 2.6431988149642947, 2.6399553161621094, 2.6391893115997314, 2.6404343658447265, 2.6428684715270996, 2.6480298503875734, 2.6513290174484254, 2.654901876068115, 2.6601550636291504, 2.6667998041152954, 2.6718472034454344, 2.675642326927185, 2.682277059745789, 2.686339839935303, 2.690107752418518, 2.697162478065491, 2.7026461374282835, 2.709819242477417, 2.7154209222793577, 2.719803964805603, 2.724998425865173, 2.728514116668701, 2.7351329477310182, 2.73965109539032, 2.7434265281677246, 2.748402388381958, 2.7517589372634887, 2.758448273849487, 2.761794541168213, 2.7671492748260498, 2.7710189277648927, 2.7761734832763674], "val_acc": [0.1183, 0.1342, 0.1467, 0.1593, 0.1636, 0.1679, 0.173, 0.1757, 0.1771, 0.1796, 0.1815, 0.1831, 0.1848, 0.1857, 0.1862, 0.1879, 0.187, 0.1882, 0.1898, 0.1894, 0.1903, 0.1889, 0.1909, 0.1894, 0.1891, 0.1886, 0.1894, 0.1892, 0.1902, 0.1912, 0.1903, 0.1915, 0.1918, 0.1919, 0.1929, 0.1943, 0.1937, 0.194, 0.1932, 0.1937], "loss": [2.9076295623779296, 2.37952091217041, 2.0010284633636473, 1.6858386554718017, 1.4315661840438842, 1.218071029663086, 1.0350410404205321, 0.8782452149391174, 0.7458791027069092, 0.6384724049568177, 0.545565860748291, 0.47534678626060484, 0.4119940447807312, 0.3554292299747467, 0.31157097244262694, 0.2725496780872345, 0.24079198515415193, 0.21309843695163727, 0.18710152900218963, 0.16919215595722198, 0.15517772579193115, 0.13802867996692658, 0.12582807207107544, 0.11427281308174134, 0.10503515356779099, 0.09524456578493118, 0.08789966285228729, 0.08309082114696503, 0.07441733855009079, 0.06991948187351227, 0.06566561430692673, 0.05957278543710708, 0.055200378715991975, 0.05270115542411804, 0.049246683180332186, 0.04623224577307701, 0.04313199284672737, 0.04048771980404854, 0.03828633254766464, 0.03567753529548645], "acc": [0.159, 0.249, 0.326, 0.435, 0.549, 0.65, 0.731, 0.817, 0.874, 0.913, 0.944, 0.963, 0.974, 0.985, 0.994, 0.995, 0.998, 0.998, 0.999, 0.999, 0.999, 0.999, 0.999, 1.0, 1.0, 1.0, 1.0, 1.0, 1.0, 1.0, 1.0, 1.0, 1.0, 1.0, 1.0, 1.0, 1.0, 1.0, 1.0, 1.0]}