{"val_loss": [2.289048798751831, 2.250734307861328, 2.2152550937652586, 2.2101836984634398, 2.17749004573822, 2.1801505729675292, 2.178377011489868, 2.182327684211731, 2.194455047607422, 2.1944131429672242, 2.2113704528808595, 2.2292311227798463, 2.2388655263900756, 2.2538873277664186, 2.281079086303711, 2.2975816623687746, 2.3115088354110718, 2.3289882419586183, 2.3522766242980957, 2.36728732509613, 2.387883273124695, 2.408378357696533, 2.43182027759552, 2.4467264139175415, 2.4618393665313723, 2.4810138940811157, 2.500960422515869, 2.517525941467285, 2.5311846225738526, 2.54994968585968, 2.5695084604263307, 2.588358268737793, 2.600680612564087, 2.61456441783905, 2.6341039110183715, 2.6538166231155396, 2.672080149078369, 2.6835476684570314, 2.7031380153656004, 2.719061142539978, 2.7294092542648314, 2.746333077812195, 2.7609434965133666, 2.774356470298767, 2.791516906929016, 2.8040219820022583, 2.8177708465576172, 2.834817087173462, 2.8497317892074583, 2.862372341156006, 2.8789825170516967, 2.8894602725982668, 2.903855633163452, 2.9141452615737915, 2.9322184226989747, 2.9424069858551025, 2.958184093093872, 2.9711013269424438, 2.9835019973754884, 2.996123034477234, 3.008233217430115, 3.0219178709030152, 3.0369978008270264, 3.049465553855896, 3.06154441280365, 3.074152720451355, 3.0866587688446043, 3.1016299432754515, 3.115311484336853, 3.124909875869751, 3.1373154443740843, 3.151892623710632, 3.1625104488372804, 3.176252346611023, 3.1872023971557617, 3.2018164487838745, 3.211096290588379, 3.2264519945144654, 3.2359142913818357, 3.2502060604095457], "val_acc": [0.1331, 0.1574, 0.1837, 0.1831, 0.1953, 0.1989, 0.202, 0.2097, 0.2032, 0.2071, 0.209, 0.2075, 0.2054, 0.2051, 0.2071, 0.2067, 0.2062, 0.2059, 0.2045, 0.2016, 0.2021, 0.2016, 0.2007, 0.1998, 0.1991, 0.2, 0.2002, 0.1997, 0.1998, 0.1998, 0.1986, 0.1988, 0.1987, 0.1976, 0.1975, 0.1983, 0.1973, 0.1983, 0.1993, 0.1989, 0.1987, 0.1979, 0.1978, 0.1987, 0.1986, 0.1986, 0.1991, 0.1982, 0.1975, 0.1984, 0.1977, 0.199, 0.1992, 0.1979, 0.1983, 0.1985, 0.196, 0.1976, 0.1979, 0.1983, 0.1977, 0.1971, 0.198, 0.1966, 0.1974, 0.1977, 0.1978, 0.1976, 0.1976, 0.1975, 0.1976, 0.1981, 0.1978, 0.1974, 0.1966, 0.1961, 0.1958, 0.1963, 0.1975, 0.1955], "loss": [2.3102374992370605, 1.98331955909729, 1.7305197944641113, 1.4963262042999268, 1.2952510414123535, 1.113667987346649, 0.9667374238967895, 0.8342232041358948, 0.7188215055465699, 0.6244537329673767, 0.5405500240325928, 0.46896202564239503, 0.4099107356071472, 0.3577850972414017, 0.31460431599617006, 0.2770161621570587, 0.24361867713928223, 0.2170321010351181, 0.19306358003616333, 0.17189810574054717, 0.1539270367026329, 0.13851177048683166, 0.12514547395706177, 0.11303310799598694, 0.1025048954486847, 0.09317967021465301, 0.08512211394309997, 0.07789556169509888, 0.07140484818816185, 0.06580212950706482, 0.06057490748167038, 0.056042384564876556, 0.05190920382738114, 0.04794472649693489, 0.04458748969435692, 0.04147690403461456, 0.03864011088013649, 0.036058195143938064, 0.0337198674082756, 0.03149333384633064, 0.02956848332285881, 0.027717057734727858, 0.026012908071279525, 0.024459905967116356, 0.02302139613032341, 0.021717381864786146, 0.02045817542076111, 0.019323006853461267, 0.01825892912596464, 0.0173005091547966, 0.01634640084207058, 0.015483065791428089, 0.01468861924111843, 0.013919288717210293, 0.013218793839216232, 0.012560583680868148, 0.01194770084321499, 0.011382074244320393, 0.010802672244608402, 0.010278920233249665, 0.009790648825466633, 0.009326968483626843, 0.008902566947042941, 0.008497111968696118, 0.00809299048408866, 0.007728535771369934, 0.007380530714988709, 0.007042088977992534, 0.006750483695417643, 0.006438685290515423, 0.0061542802080512046, 0.005894225008785724, 0.00564147331006825, 0.00539926378056407, 0.005168058667331934, 0.004953362256288529, 0.00474769352003932, 0.004554459802806377, 0.004358093779534102, 0.004173315804451704], "acc": [0.122, 0.423, 0.644, 0.78, 0.863, 0.92, 0.939, 0.962, 0.977, 0.982, 0.987, 0.99, 0.991, 0.996, 0.998, 0.998, 0.999, 1.0, 1.0, 1.0, 1.0, 1.0, 1.0, 1.0, 1.0, 1.0, 1.0, 1.0, 1.0, 1.0, 1.0, 1.0, 1.0, 1.0, 1.0, 1.0, 1.0, 1.0, 1.0, 1.0, 1.0, 1.0, 1.0, 1.0, 1.0, 1.0, 1.0, 1.0, 1.0, 1.0, 1.0, 1.0, 1.0, 1.0, 1.0, 1.0, 1.0, 1.0, 1.0, 1.0, 1.0, 1.0, 1.0, 1.0, 1.0, 1.0, 1.0, 1.0, 1.0, 1.0, 1.0, 1.0, 1.0, 1.0, 1.0, 1.0, 1.0, 1.0, 1.0, 1.0]}