{"val_loss": [0.03496390507221222, 0.029305699545145034, 0.02582510320544243, 0.023819768169522287, 0.022823009479045867, 0.022163699549436568, 0.021814735946059226, 0.02155989781022072, 0.02147061591744423, 0.02128965017199516, 0.021157314041256904, 0.021039397472143173, 0.020947339522838594, 0.02092067516744137, 0.020847390896081924, 0.020797927987575533, 0.020741042923927307, 0.020731113559007645, 0.02070332101583481, 0.020744854971766473, 0.02067286680340767, 0.02065821996331215, 0.020642135962843894, 0.02066200013756752, 0.020726209604740142], "val_class_loss": [0.0, 0.0, 0.0, 0.0, 0.0, 0.0, 0.0, 0.0, 0.0, 0.0, 0.0, 0.0, 0.0, 0.0, 0.0, 0.0, 0.0, 0.0, 0.0, 0.0, 0.0, 0.0, 0.0, 0.0, 0.0], "val_reconstruction_loss": [0.03496390507221222, 0.029305699545145034, 0.02582510320544243, 0.023819768169522287, 0.022823009479045867, 0.022163699549436568, 0.021814735946059226, 0.02155989781022072, 0.02147061591744423, 0.02128965017199516, 0.021157314041256904, 0.021039397472143173, 0.020947339522838594, 0.02092067516744137, 0.020847390896081924, 0.020797927987575533, 0.020741042923927307, 0.020731113559007645, 0.02070332101583481, 0.020744854971766473, 0.02067286680340767, 0.02065821996331215, 0.020642135962843894, 0.02066200013756752, 0.020726209604740142], "val_class_acc": [0.1047, 0.1007, 0.098, 0.1024, 0.0992, 0.0997, 0.1, 0.0971, 0.1024, 0.0997, 0.0972, 0.1016, 0.105, 0.1023, 0.1042, 0.1054, 0.1054, 0.1066, 0.1086, 0.1072, 0.1069, 0.106, 0.106, 0.1078, 0.1064], "val_reconstruction_mean_squared_error": [0.03496390507221222, 0.029305699545145034, 0.02582510320544243, 0.023819768169522287, 0.022823009479045867, 0.022163699549436568, 0.021814735946059226, 0.02155989781022072, 0.02147061591744423, 0.02128965017199516, 0.021157314041256904, 0.021039397472143173, 0.020947339522838594, 0.02092067516744137, 0.020847390896081924, 0.020797927987575533, 0.020741042923927307, 0.020731113559007645, 0.02070332101583481, 0.020744854971766473, 0.02067286680340767, 0.02065821996331215, 0.020642135962843894, 0.02066200013756752, 0.020726209604740142], "loss": [0.04500732690811157, 0.03275719568371773, 0.02777888948917389, 0.024848690779209138, 0.02319276621103287, 0.022215485466718674, 0.021538829114437105, 0.02101951656103134, 0.020596995447874068, 0.020236511154174804, 0.01990884152531624, 0.01962121568262577, 0.01935902216255665, 0.019111633886694908, 0.018897740963101387, 0.018672125682234763, 0.018490003591775894, 0.01829107560515404, 0.0181361192291975, 0.017973209315538405, 0.017819089745879174, 0.01768183268725872, 0.017543602038621903, 0.01741609654843807, 0.017305569338202476], "class_loss": [0.0, 0.0, 0.0, 0.0, 0.0, 0.0, 0.0, 0.0, 0.0, 0.0, 0.0, 0.0, 0.0, 0.0, 0.0, 0.0, 0.0, 0.0, 0.0, 0.0, 0.0, 0.0, 0.0, 0.0, 0.0], "reconstruction_loss": [0.04500732690811157, 0.03275719568371773, 0.02777888948917389, 0.024848690779209138, 0.02319276621103287, 0.022215485466718674, 0.021538829114437105, 0.02101951656103134, 0.020596995447874068, 0.020236511154174804, 0.01990884152531624, 0.01962121568262577, 0.01935902216255665, 0.019111633886694908, 0.018897740963101387, 0.018672125682234763, 0.018490003591775894, 0.01829107560515404, 0.0181361192291975, 0.017973209315538405, 0.017819089745879174, 0.01768183268725872, 0.017543602038621903, 0.01741609654843807, 0.017305569338202476], "class_acc": [0.21414, 0.28048, 0.25388, 0.22426, 0.218, 0.1833, 0.17292, 0.18396, 0.15404, 0.1654, 0.17526, 0.17058, 0.17516, 0.18658, 0.17146, 0.17658, 0.1689, 0.16908, 0.15568, 0.17124, 0.15796, 0.15986, 0.15772, 0.15608, 0.15972], "reconstruction_mean_squared_error": [0.04500732690811157, 0.03275719568371773, 0.02777888948917389, 0.024848690779209138, 0.02319276621103287, 0.022215485466718674, 0.021538829114437105, 0.02101951656103134, 0.020596995447874068, 0.020236511154174804, 0.01990884152531624, 0.01962121568262577, 0.01935902216255665, 0.019111633886694908, 0.018897740963101387, 0.018672125682234763, 0.018490003591775894, 0.01829107560515404, 0.0181361192291975, 0.017973209315538405, 0.017819089745879174, 0.01768183268725872, 0.017543602038621903, 0.01741609654843807, 0.017305569338202476]}