{"val_loss": [2.233709658432007, 2.171333580780029, 2.1401591075897217, 2.1148974069595337, 2.1095623193740844, 2.1023125818252564, 2.1024573251724243, 2.1090776233673094, 2.112068619918823, 2.1167509366989137, 2.125762812805176, 2.136272081565857, 2.151182217216492, 2.163208249092102, 2.1703745849609377, 2.1858181095123292, 2.1958442615509033, 2.213739260101318, 2.2240988927841188, 2.238296432495117, 2.255476690864563, 2.2741859058380127, 2.2805306409835815, 2.2929072467803957, 2.3078690176010133, 2.318670913887024, 2.334881382751465, 2.3492600881576537, 2.357500813484192, 2.371945896911621, 2.3851740808486936, 2.396071657562256, 2.411414994430542, 2.421731064224243, 2.4326147626876833, 2.4433308992385863, 2.458049863052368, 2.465761517524719, 2.4807312240600585, 2.491896451950073], "val_class_loss": [2.2128726613998415, 2.150273318481445, 2.1190594329833985, 2.093664521598816, 2.088125545310974, 2.0807361433029175, 2.080736522483826, 2.087260642242432, 2.090179556083679, 2.094824705696106, 2.103764384651184, 2.1142596921920775, 2.1291483396530153, 2.1411215158462524, 2.148298536682129, 2.163715888977051, 2.1737606540679932, 2.1916283718109133, 2.2020245094299318, 2.21622080039978, 2.2334339431762693, 2.2521526920318604, 2.2585103719711306, 2.2709077432632445, 2.285871156692505, 2.2966858388900757, 2.3129066082000733, 2.3272830974578858, 2.3355622257232667, 2.3500078729629514, 2.363250881767273, 2.3741523899078367, 2.3895020294189453, 2.399828729057312, 2.4107313465118407, 2.421433698654175, 2.4361789829254152, 2.443892609977722, 2.4588799030303954, 2.4700397871017454], "val_reconstruction_loss": [0.02083699439316988, 0.021060263311862944, 0.021099676187336446, 0.021232882595062254, 0.021436770009994506, 0.021576443180441857, 0.021720804411172866, 0.021816979146003723, 0.02188906617164612, 0.021926226672530174, 0.02199842655658722, 0.02201238762140274, 0.022033875870704652, 0.02208673198223114, 0.02207604782283306, 0.02210222242176533, 0.022083605235815047, 0.02211089273393154, 0.022074381923675536, 0.022075631311535834, 0.02204274789094925, 0.022033216434717177, 0.022020272424817085, 0.02199950410723686, 0.021997862434387207, 0.021985078540444375, 0.021974772477149962, 0.021976986488699914, 0.02193858902454376, 0.021938022911548616, 0.02192319896221161, 0.021919268843531608, 0.021912966948747635, 0.02190233497917652, 0.0218834155857563, 0.021897197780013086, 0.02187088001668453, 0.02186890495121479, 0.021851319265365602, 0.02185666039288044], "val_class_acc": [0.1862, 0.2159, 0.2295, 0.2421, 0.2412, 0.2411, 0.2434, 0.2389, 0.2464, 0.2452, 0.2376, 0.2399, 0.2345, 0.2357, 0.2356, 0.2348, 0.2318, 0.2341, 0.2316, 0.2315, 0.2291, 0.231, 0.2269, 0.229, 0.228, 0.2291, 0.2277, 0.2281, 0.2252, 0.2255, 0.2263, 0.2257, 0.2276, 0.2256, 0.2254, 0.2241, 0.2242, 0.225, 0.2253, 0.2244], "val_reconstruction_mean_squared_error": [0.02083699439316988, 0.021060263311862944, 0.021099676187336446, 0.021232882595062254, 0.021436770009994506, 0.021576443180441857, 0.021720804411172866, 0.021816979146003723, 0.02188906617164612, 0.021926226672530174, 0.02199842655658722, 0.02201238762140274, 0.022033875870704652, 0.02208673198223114, 0.02207604782283306, 0.02210222242176533, 0.022083605235815047, 0.02211089273393154, 0.022074381923675536, 0.022075631311535834, 0.02204274789094925, 0.022033216434717177, 0.022020272424817085, 0.02199950410723686, 0.021997862434387207, 0.021985078540444375, 0.021974772477149962, 0.021976986488699914, 0.02193858902454376, 0.021938022911548616, 0.02192319896221161, 0.021919268843531608, 0.021912966948747635, 0.02190233497917652, 0.0218834155857563, 0.021897197780013086, 0.02187088001668453, 0.02186890495121479, 0.021851319265365602, 0.02185666039288044], "loss": [2.2993140602111817, 1.9399274206161499, 1.6886820135116578, 1.4708595151901245, 1.2791605472564698, 1.1145735845565796, 0.9647773370742798, 0.8408521213531495, 0.7297301321029663, 0.6376133637428284, 0.554920006275177, 0.4860540111064911, 0.42607032442092896, 0.3754834480285644, 0.33146810030937196, 0.29445763063430785, 0.2621163151264191, 0.23417699730396271, 0.21187437510490417, 0.1904991145133972, 0.17274115633964537, 0.15693256950378418, 0.14368900191783904, 0.13223077636957167, 0.12133636534214019, 0.112362628698349, 0.10432603752613068, 0.09696879696846009, 0.09040756058692932, 0.08486302277445792, 0.07964734798669815, 0.07472413170337677, 0.07050380629301072, 0.06653130978345871, 0.06314209640026093, 0.06018407946825027, 0.05709629249572754, 0.05458694618940353, 0.05211184534430504, 0.049840453386306764], "class_loss": [2.281248596191406, 1.921476185798645, 1.6698895683288575, 1.4519212789535523, 1.259909628868103, 1.0950627880096435, 0.9451559758186341, 0.8210112314224243, 0.7099716677665711, 0.6177797226905822, 0.5350368928909301, 0.4662656490802765, 0.4061705844402313, 0.35562939023971557, 0.3117947895526886, 0.27482543206214904, 0.24247691655158995, 0.21463552927970886, 0.19245216488838196, 0.17114031338691713, 0.15350562584400176, 0.13775014066696167, 0.1246801186800003, 0.11328265058994293, 0.10251169031858444, 0.09365628349781037, 0.08571672642230987, 0.07845990496873856, 0.07200558912754058, 0.06635736349225044, 0.06141672229766846, 0.056668243288993836, 0.05240925657749176, 0.048744646728038785, 0.045375459045171734, 0.04232202196121216, 0.039460613489151, 0.036955640763044355, 0.034576715230941774, 0.03246940056979656], "reconstruction_loss": [0.018065466493368147, 0.018451222419738768, 0.018792445957660674, 0.018938232868909836, 0.01925091128051281, 0.01951080483198166, 0.019621356576681136, 0.019840887665748597, 0.019758465811610223, 0.019833641767501832, 0.019883113488554954, 0.01978836050629616, 0.019899739801883698, 0.019854056924581528, 0.019673310443758963, 0.019632200062274934, 0.01963939818739891, 0.019541468262672425, 0.019422209084033967, 0.019358800575137138, 0.019235531240701674, 0.0191824292242527, 0.01900888407230377, 0.018948125332593917, 0.018824674725532533, 0.018706344723701477, 0.018609311133623123, 0.018508891865611075, 0.018401971355080603, 0.018505659714341163, 0.018230625599622727, 0.01805588848888874, 0.01809454993903637, 0.017786663234233856, 0.017766637206077577, 0.017862057596445085, 0.017635679051280023, 0.017631305277347565, 0.017535130098462106, 0.01737105241417885], "class_acc": [0.136, 0.418, 0.607, 0.745, 0.847, 0.903, 0.94, 0.956, 0.976, 0.984, 0.991, 0.993, 0.996, 0.998, 0.999, 0.999, 0.999, 0.999, 1.0, 1.0, 1.0, 1.0, 1.0, 1.0, 1.0, 1.0, 1.0, 1.0, 1.0, 1.0, 1.0, 1.0, 1.0, 1.0, 1.0, 1.0, 1.0, 1.0, 1.0, 1.0], "reconstruction_mean_squared_error": [0.018065466493368147, 0.018451222419738768, 0.018792445957660674, 0.018938232868909836, 0.01925091128051281, 0.01951080483198166, 0.019621356576681136, 0.019840887665748597, 0.019758465811610223, 0.019833641767501832, 0.019883113488554954, 0.01978836050629616, 0.019899739801883698, 0.019854056924581528, 0.019673310443758963, 0.019632200062274934, 0.01963939818739891, 0.019541468262672425, 0.019422209084033967, 0.019358800575137138, 0.019235531240701674, 0.0191824292242527, 0.01900888407230377, 0.018948125332593917, 0.018824674725532533, 0.018706344723701477, 0.018609311133623123, 0.018508891865611075, 0.018401971355080603, 0.018505659714341163, 0.018230625599622727, 0.01805588848888874, 0.01809454993903637, 0.017786663234233856, 0.017766637206077577, 0.017862057596445085, 0.017635679051280023, 0.017631305277347565, 0.017535130098462106, 0.01737105241417885]}