{"val_loss": [1.9939399229049684, 1.9528634786605834, 1.9467312097549438, 1.9562533353805542, 1.976860263633728, 1.9959556428909302, 2.0173702856063844, 2.0510183809280393, 2.089062654495239, 2.1063438028335573, 2.1415122346878053, 2.1713795558929445, 2.2057950412750245, 2.2418711336135866, 2.283101463317871, 2.322033249282837, 2.370755588722229, 2.414231772613525, 2.464550626564026, 2.5108651403427125, 2.5555347122192384, 2.618242985343933, 2.6757154205322267, 2.7234781938552857, 2.78221989402771, 2.8404763608932497, 2.9024142637252806, 2.9685618503570557, 3.016089967918396, 3.078939282798767, 3.1413047189712526, 3.196613024520874, 3.262764688682556, 3.3254225318908692, 3.3755655807495115, 3.4265115364074705, 3.4810572721481323, 3.5342739433288575, 3.5795043170928955, 3.605429896736145], "val_class_loss": [1.9725193964004517, 1.9316396453857423, 1.9255278020858764, 1.9351312635421754, 1.9557499841690063, 1.9748817361831665, 1.9962959131240845, 2.02990858631134, 2.0679359489440916, 2.0852093120574953, 2.120328175163269, 2.1501303382873536, 2.1845367609024047, 2.2205510557174684, 2.2617375911712645, 2.3006205284118653, 2.349276549720764, 2.392719740867615, 2.443003684234619, 2.4892771770477293, 2.5339062519073488, 2.5965777370452883, 2.6539822664260866, 2.701760293960571, 2.7604805923461915, 2.8186790311813357, 2.880614425086975, 2.946735509300232, 2.9942428424835206, 3.0570596092224123, 3.1194375411987303, 3.1747067079544067, 3.240840521812439, 3.3034482522964477, 3.3535376964569092, 3.4044838495254517, 3.459018253326416, 3.5122408851623534, 3.5574805946350097, 3.5833727115631104], "val_reconstruction_loss": [0.02142052843272686, 0.021223838628828526, 0.021203404569625856, 0.021122073715925217, 0.021110281033813953, 0.021073906886577606, 0.021074372509121895, 0.021109792217612267, 0.021126708552241327, 0.02113448948711157, 0.02118405838161707, 0.021249218498170377, 0.021258283530175687, 0.02132007879316807, 0.02136387104690075, 0.021412719954550265, 0.0214790412068367, 0.02151202854067087, 0.021546946722269058, 0.021587957261502744, 0.021628461635112763, 0.021665253445506096, 0.02173315574526787, 0.021717895996570587, 0.021739301984012128, 0.021797333492338658, 0.02179984495639801, 0.02182633434087038, 0.021847120225429534, 0.021879670171439648, 0.02186717322766781, 0.021906316006183625, 0.021924160839617252, 0.02197427713572979, 0.022027888432145117, 0.02202768512368202, 0.02203902525305748, 0.02203305850028992, 0.02202372091859579, 0.022057186901569367], "val_class_acc": [0.2904, 0.306, 0.3078, 0.3029, 0.2982, 0.2973, 0.2943, 0.2909, 0.2881, 0.2891, 0.2892, 0.2889, 0.2872, 0.2854, 0.2845, 0.2876, 0.2835, 0.2857, 0.284, 0.286, 0.2827, 0.2809, 0.2841, 0.2807, 0.2833, 0.2831, 0.2801, 0.2817, 0.2816, 0.2823, 0.2823, 0.2815, 0.2815, 0.2791, 0.28, 0.2798, 0.2827, 0.2798, 0.2806, 0.2816], "val_reconstruction_mean_squared_error": [0.02142052843272686, 0.021223838628828526, 0.021203404569625856, 0.021122073715925217, 0.021110281033813953, 0.021073906886577606, 0.021074372509121895, 0.021109792217612267, 0.021126708552241327, 0.02113448948711157, 0.02118405838161707, 0.021249218498170377, 0.021258283530175687, 0.02132007879316807, 0.02136387104690075, 0.021412719954550265, 0.0214790412068367, 0.02151202854067087, 0.021546946722269058, 0.021587957261502744, 0.021628461635112763, 0.021665253445506096, 0.02173315574526787, 0.021717895996570587, 0.021739301984012128, 0.021797333492338658, 0.02179984495639801, 0.02182633434087038, 0.021847120225429534, 0.021879670171439648, 0.02186717322766781, 0.021906316006183625, 0.021924160839617252, 0.02197427713572979, 0.022027888432145117, 0.02202768512368202, 0.02203902525305748, 0.02203305850028992, 0.02202372091859579, 0.022057186901569367], "loss": [2.099619051551819, 1.7936618173599244, 1.6025639142990111, 1.444855138015747, 1.30302463388443, 1.1765047285079957, 1.056630086040497, 0.9454686227798462, 0.8412198830604554, 0.7410843267917633, 0.6490143640041351, 0.5633728281497955, 0.4829230091571808, 0.41155692591667176, 0.3488034825563431, 0.2921103724241257, 0.2434512465238571, 0.20143286460638046, 0.16712605764865876, 0.13831948441267014, 0.11458241639137268, 0.09513311929702759, 0.07958616017103196, 0.06714475340843201, 0.05713711304664612, 0.04931010154485702, 0.042854785251617435, 0.0379122680157423, 0.03392280451655388, 0.03078685546219349, 0.028298588475584984, 0.026322615507245063, 0.02477079232633114, 0.023555890569090843, 0.022506452831625938, 0.02169947672188282, 0.021049617132544517, 0.020438447411358356, 0.019942802619934082, 0.019499023051559924], "class_loss": [2.080343012428284, 1.7733190910339356, 1.5823153743743896, 1.4247554717063904, 1.2831029980659485, 1.1567570091247559, 1.0370254373550416, 0.9258974449157715, 0.8217183291435242, 0.7216379494667053, 0.6295762711524964, 0.5439655357837677, 0.4634719380378723, 0.3921138514041901, 0.3293226284265518, 0.27260041375160216, 0.2239550751209259, 0.18189194415807725, 0.14759050896167755, 0.11874379599094391, 0.09501819278597831, 0.07556258286833763, 0.06003693228960037, 0.04755107365548611, 0.03756955885589123, 0.029739528009295465, 0.023327185705304145, 0.018385803492367268, 0.014412688700854779, 0.011330898251384497, 0.008907737910747528, 0.0069880739510059355, 0.005470223712921143, 0.004318865465372801, 0.0034013605246320366, 0.0026911783803254367, 0.0021503205232322217, 0.0017149660235270857, 0.0013769527547992765, 0.0011174141851253807], "reconstruction_loss": [0.019276041585206984, 0.02034272695183754, 0.020248539143800735, 0.020099667464196683, 0.01992163343578577, 0.019747719483077526, 0.019604648776352405, 0.019571180079877376, 0.0195015532836318, 0.019446377567946913, 0.019438092528283595, 0.019407292681932448, 0.01945107166022062, 0.019443074263632298, 0.01948085368722677, 0.01950995806455612, 0.019496171037852766, 0.019540920877456666, 0.019535548400878906, 0.019575688545405864, 0.019564223535358905, 0.01957053641527891, 0.01954922793507576, 0.019593679612874986, 0.01956755427420139, 0.0195705734744668, 0.019527599535882473, 0.01952646458297968, 0.019510115823149682, 0.01945595722645521, 0.019390850560367108, 0.019334541535377503, 0.019300568640232087, 0.01923702508509159, 0.019105092306435107, 0.019008298379182817, 0.018899296614527702, 0.018723481415212153, 0.018565849821269513, 0.018381608858704566], "class_acc": [0.2389, 0.4003, 0.4921, 0.5709, 0.6374, 0.6947, 0.7457, 0.7957, 0.8333, 0.8737, 0.9059, 0.9337, 0.955, 0.972, 0.9823, 0.9886, 0.9927, 0.9964, 0.9982, 0.9988, 0.9993, 0.9997, 0.9998, 0.9999, 1.0, 1.0, 1.0, 1.0, 1.0, 1.0, 1.0, 1.0, 1.0, 1.0, 1.0, 1.0, 1.0, 1.0, 1.0, 1.0], "reconstruction_mean_squared_error": [0.019276041585206984, 0.02034272695183754, 0.020248539143800735, 0.020099667464196683, 0.01992163343578577, 0.019747719483077526, 0.019604648776352405, 0.019571180079877376, 0.0195015532836318, 0.019446377567946913, 0.019438092528283595, 0.019407292681932448, 0.01945107166022062, 0.019443074263632298, 0.01948085368722677, 0.01950995806455612, 0.019496171037852766, 0.019540920877456666, 0.019535548400878906, 0.019575688545405864, 0.019564223535358905, 0.01957053641527891, 0.01954922793507576, 0.019593679612874986, 0.01956755427420139, 0.0195705734744668, 0.019527599535882473, 0.01952646458297968, 0.019510115823149682, 0.01945595722645521, 0.019390850560367108, 0.019334541535377503, 0.019300568640232087, 0.01923702508509159, 0.019105092306435107, 0.019008298379182817, 0.018899296614527702, 0.018723481415212153, 0.018565849821269513, 0.018381608858704566]}