{"val_loss": [0.025114153230190277, 0.023982852444052696, 0.023363716506958006, 0.02297278036624193, 0.0227476199939847, 0.022497825737297535, 0.022321768109500408, 0.022174077889323233, 0.022095635089278223, 0.021943848177790642, 0.021864755856990815, 0.021756658466160296, 0.02168563254326582, 0.021629405675828457, 0.021573924991488455, 0.02148884920477867, 0.02142804831713438, 0.021381918154656888, 0.021362875813245773, 0.021323206689953803, 0.021271057982742786, 0.021255589044094084, 0.021264888618886472, 0.021232637336850168, 0.021243427336215974, 0.021192562940716742, 0.021147661018371584, 0.021146558846533298, 0.021136698400974274, 0.02114881682097912, 0.02117304631024599, 0.021135839900374414, 0.021101113756000996, 0.021129817582666875, 0.021130726093053817, 0.021124802450835704, 0.02112646002173424, 0.02114837145060301, 0.021148520150780677, 0.021123540748655797], "val_class_loss": [2.074302431297302, 1.9597975421905518, 1.8972832090377807, 1.8574050159454345, 1.834352187347412, 1.809036245536804, 1.7902854555130006, 1.7754017100334167, 1.7655797901153565, 1.7508517902374268, 1.7438591053962706, 1.7327028377532958, 1.725284897327423, 1.7191051661491394, 1.7137379741668701, 1.7047108348846436, 1.6985731333732605, 1.6934838996887207, 1.6912478625297547, 1.6873214085578918, 1.6812303488731384, 1.6794351475715636, 1.6798107509613036, 1.6760619300842285, 1.6774183353424073, 1.672709903907776, 1.6681486061096191, 1.6656872838020325, 1.6659348029136658, 1.666279575061798, 1.6685797514915466, 1.6648793403625488, 1.6594774893760682, 1.6645123046875, 1.6633437699317932, 1.662328297996521, 1.6629451557159425, 1.6646739776611328, 1.6638983333587647, 1.6616479474067687], "val_reconstruction_loss": [0.004371129357814789, 0.004384877456724644, 0.004390884806215763, 0.00439873064160347, 0.004404098563641309, 0.004407463671639562, 0.004418914011865854, 0.004420061241462827, 0.004439837586507202, 0.004435330694541335, 0.004426165103539824, 0.004429630487412214, 0.004432783924043179, 0.004438354396075011, 0.004436545684188604, 0.004441741191595793, 0.004442317398265004, 0.00444707955121994, 0.0044503975130617615, 0.004449992925673723, 0.004458754887059331, 0.004461237943917513, 0.004466781530156731, 0.004472018449753523, 0.0044692443735897544, 0.00446546430774033, 0.004466175360605121, 0.004489686398953199, 0.004477350763231516, 0.004486021480336786, 0.004487249143794179, 0.004487046905606985, 0.004506339208781719, 0.004484694929420948, 0.004497288726270199, 0.0045015198383480315, 0.004497008849307895, 0.004501632076501847, 0.004509537198767066, 0.004507061661407351], "val_class_acc": [0.2667, 0.3155, 0.3378, 0.3484, 0.3555, 0.3694, 0.3741, 0.3781, 0.3793, 0.3871, 0.3886, 0.394, 0.3976, 0.401, 0.3993, 0.4003, 0.407, 0.41, 0.4083, 0.4093, 0.41, 0.4114, 0.4125, 0.4113, 0.4108, 0.412, 0.4156, 0.4137, 0.4147, 0.4151, 0.4128, 0.4165, 0.4187, 0.4173, 0.4156, 0.4194, 0.4206, 0.418, 0.4189, 0.4199], "val_reconstruction_mean_squared_error": [0.004371129348501563, 0.004384877438470721, 0.004390884802863002, 0.004398730655387044, 0.00440409857109189, 0.004407463663071394, 0.004418914016336203, 0.00442006123997271, 0.004439837578311562, 0.004435330701246858, 0.004426165103912354, 0.004429630463197828, 0.004432783928140998, 0.004438354389369487, 0.004436545685306191, 0.004441741194576025, 0.004442317403852939, 0.004447079552337527, 0.004450397510454058, 0.004449992922693491, 0.004458754884451628, 0.004461237943544984, 0.004466781527176499, 0.004472018450126052, 0.004469244391098619, 0.004465464286506176, 0.00446617536097765, 0.004489686411246657, 0.0044773507677018645, 0.0044860214788466695, 0.004487249130010605, 0.0044870469149202105, 0.0045063392091542484, 0.004484694911912084, 0.004497288725525141, 0.004501519837975502, 0.00449700885489583, 0.004501632072776556, 0.004509537207335233, 0.004507061661407351], "loss": [0.028483609834313393, 0.0257008909702301, 0.024632478833198548, 0.024151360657811163, 0.023533443108201026, 0.023210743866860867, 0.022811784622073172, 0.022535325959324837, 0.022295975406467914, 0.022068602773547174, 0.02181054378002882, 0.021713522128760814, 0.021534180769324302, 0.02134668831676245, 0.0211335069835186, 0.020965432995557785, 0.02081992434859276, 0.020725039245188235, 0.020586796386539936, 0.0203690649703145, 0.02021128107905388, 0.020077410231530667, 0.019995820577442647, 0.019906647565960885, 0.019626611682772636, 0.01959839797466993, 0.01948035224825144, 0.019309412898123265, 0.019071918658912182, 0.019015065413713454, 0.01901040186882019, 0.01877567763775587, 0.01872573125362396, 0.0184794662758708, 0.01842470974326134, 0.018283826468884944, 0.018171168327331542, 0.01799772688150406, 0.01780675143003464, 0.017753198036551475], "class_loss": [2.2810449968338014, 2.0104265045166017, 1.9046147899627686, 1.8460110691070557, 1.7918009712219238, 1.7567085020065307, 1.7217602849960327, 1.6912892305374145, 1.6659939590454103, 1.6443908258438111, 1.6237582330703735, 1.6050366159439087, 1.5837760485649108, 1.5684080657958985, 1.5503997591972352, 1.532694089794159, 1.5151515789985657, 1.5047216201782228, 1.4891004863739015, 1.4654364077568054, 1.4540660472869873, 1.4421379271507264, 1.4297648922920227, 1.4147237704277038, 1.3978444981575011, 1.3899392634391785, 1.376918753528595, 1.363566494178772, 1.3439073939323425, 1.3379253472328185, 1.3261817462921142, 1.3090543794631957, 1.2962018074989319, 1.281240287399292, 1.2697040391921997, 1.2553642346382141, 1.2473734015464784, 1.2302787411689757, 1.2179372773170472, 1.2095251529693603], "reconstruction_loss": [0.005673160335794091, 0.005596626387909055, 0.005586331395804882, 0.005691250390559435, 0.0056154337894171475, 0.005643659215793013, 0.005594182196259499, 0.005622434023395181, 0.005636036199703813, 0.005624694894626737, 0.005572961864247918, 0.005663156329467893, 0.005696420634165407, 0.005662608009576797, 0.005629509771615267, 0.005638492467999458, 0.0056684088859707115, 0.005677823344990611, 0.005695791836082935, 0.0057147012121975425, 0.005670620888471603, 0.005656031269952655, 0.005698171993717551, 0.00575941015034914, 0.005648166964948177, 0.00569900564365089, 0.005711164994910359, 0.005673748282715678, 0.005632844941690564, 0.005635812255740166, 0.005748584716022014, 0.0056851341739296915, 0.0057637134529650216, 0.005667063624411822, 0.005727669654786586, 0.005730184344947338, 0.005697434590756893, 0.005694939720630646, 0.005627378948405385, 0.005657946775481105], "class_acc": [0.211, 0.2854, 0.3254, 0.3528, 0.3675, 0.3855, 0.398, 0.4117, 0.4182, 0.4236, 0.4361, 0.4398, 0.4513, 0.4577, 0.4637, 0.4713, 0.4758, 0.4843, 0.4884, 0.4981, 0.5077, 0.5067, 0.519, 0.5155, 0.5242, 0.5292, 0.5312, 0.5381, 0.5466, 0.5459, 0.5519, 0.5619, 0.5655, 0.5677, 0.5696, 0.5782, 0.5835, 0.5906, 0.59, 0.5967], "reconstruction_mean_squared_error": [0.005673160348087549, 0.005596626412123442, 0.005586331393569708, 0.00569125038459897, 0.0056154337782412765, 0.005643659191951156, 0.005594182188808918, 0.005622434016317129, 0.0056360361915081736, 0.0056246949128806595, 0.005572961870580912, 0.005663156325742602, 0.005696420613303781, 0.0056626080211251975, 0.005629509780555963, 0.005638492459803819, 0.005668408877030015, 0.005677823359891772, 0.005695791824162006, 0.005714701221510768, 0.005670620905980468, 0.005656031259894371, 0.005698172011226415, 0.005759410161525011, 0.005648166969791054, 0.005699005656689405, 0.0057111649852246045, 0.005673748286440968, 0.0056328449290245775, 0.005635812256112695, 0.005748584726825356, 0.005685134172439575, 0.005763713451847434, 0.005667063635960221, 0.005727669665589929, 0.005730184343457222, 0.005697434587404132, 0.005694939705729485, 0.005627378940209747, 0.005657946767285467]}