{"val_loss": [2.4479695686340333, 2.2739365301132204, 2.215079458236694, 2.1705618465423586, 2.165065343093872, 2.1631383670806885, 2.179180407524109, 2.188996312713623, 2.2094468864440917, 2.2442708097457884, 2.266023041534424, 2.306120730781555, 2.3452150367736815, 2.3734927486419677, 2.4265923429489136, 2.4822152170181275, 2.5222976709365845, 2.588181052017212, 2.6339686773300173, 2.6857402143478395, 2.750498113822937, 2.8063212690353394, 2.863128994178772, 2.9358866800308228, 3.008231964111328, 3.0602994394302367, 3.1388141859054564, 3.1878726078033446, 3.265652412033081, 3.3460101779937745, 3.418804960632324, 3.4848596082687378, 3.529615159988403, 3.6245668842315673, 3.669328841972351, 3.771881992530823, 3.815686600112915, 3.895102672958374, 3.973451079940796, 4.046624598121643], "val_acc": [0.2184, 0.2528, 0.2652, 0.2813, 0.2851, 0.2898, 0.2904, 0.2914, 0.2927, 0.2906, 0.2929, 0.2917, 0.2916, 0.2948, 0.2915, 0.2883, 0.2916, 0.2875, 0.2856, 0.2884, 0.2861, 0.2882, 0.2853, 0.2849, 0.2822, 0.2859, 0.2851, 0.2883, 0.2873, 0.2857, 0.2861, 0.2897, 0.2852, 0.2881, 0.2869, 0.2871, 0.2878, 0.29, 0.2871, 0.2898], "loss": [2.6629642545700074, 2.095539440536499, 1.8154963134765625, 1.6074300561904906, 1.44143130569458, 1.3106764993667603, 1.184354383945465, 1.0773174604415894, 0.9718061829566955, 0.8770696591377258, 0.7904118298530579, 0.7049121317863465, 0.6297223006248475, 0.559858076763153, 0.49527511076927183, 0.43290376176834106, 0.3807252881526947, 0.3290814857244492, 0.2853016943335533, 0.2450098641872406, 0.21095235229730605, 0.1808392184853554, 0.1515441416978836, 0.12799486470222474, 0.10997978144288063, 0.09170770895481109, 0.07715619853436947, 0.06588096415996551, 0.054695942237973215, 0.04614169428646565, 0.0391827134758234, 0.03330506281107664, 0.02795305253267288, 0.02334339779317379, 0.020396390771865846, 0.016515489123761655, 0.013942032472789287, 0.012142829798161984, 0.010328527441620827, 0.008527488780021667], "acc": [0.1661, 0.292, 0.3724, 0.4499, 0.5147, 0.5699, 0.6251, 0.6693, 0.7152, 0.7553, 0.7932, 0.8286, 0.8597, 0.8893, 0.9075, 0.9303, 0.9489, 0.9636, 0.9723, 0.9838, 0.9887, 0.9931, 0.9961, 0.9972, 0.9984, 0.9986, 0.9992, 0.9998, 0.9998, 1.0, 1.0, 1.0, 1.0, 1.0, 1.0, 1.0, 1.0, 0.9999, 1.0, 1.0]}