{"val_loss": [2.4043129138946533, 2.401284478378296, 2.4043051967620848, 2.410504877090454, 2.4097418315887453, 2.4100936809539797, 2.4149145748138428, 2.418026075744629, 2.4154972278594973, 2.4125907928466797, 2.412800103378296, 2.4136187034606933, 2.4168795097351072, 2.4192549732208253, 2.4138123378753664, 2.4138651817321777, 2.41670390625, 2.4198742496490477, 2.4267184295654296, 2.432839616775513, 2.4364291820526125, 2.4411852642059326, 2.4433785945892335, 2.446359069061279, 2.4519968074798584, 2.454906318473816, 2.458743870162964, 2.45750338973999, 2.4609095384597777, 2.4649210762023928, 2.4695683177948, 2.4733815055847166, 2.4768004320144654, 2.4785087259292604, 2.4796664434432985, 2.481193651008606, 2.483196626663208, 2.48769891166687, 2.490579544830322, 2.4931854446411132], "val_class_loss": [2.383670273590088, 2.3806136974334717, 2.3835936668395994, 2.3897508815765383, 2.388955864715576, 2.3892625232696534, 2.3940275382995604, 2.3970711753845215, 2.394469342803955, 2.391485515975952, 2.3916118087768554, 2.392370754623413, 2.3955782890319823, 2.3979177307128907, 2.392455657196045, 2.39246100692749, 2.3952551319122315, 2.398383180999756, 2.405170477104187, 2.411245567512512, 2.4147870962142943, 2.4194971269607546, 2.4216490783691405, 2.4245918954849244, 2.430194959831238, 2.4330717248916627, 2.43687197265625, 2.435589578437805, 2.4389587324142457, 2.442933217430115, 2.4475465930938722, 2.451330569076538, 2.4547164691925047, 2.4563889793395997, 2.4575202638626097, 2.459026811027527, 2.4610073415756224, 2.4654856882095335, 2.468341602897644, 2.4709367431640623], "val_reconstruction_loss": [0.02064264481663704, 0.020670782789587974, 0.020711530809104442, 0.02075399288535118, 0.020785964852571486, 0.020831155359745026, 0.020887030404806137, 0.020954901726543903, 0.02102788605839014, 0.0211052778378129, 0.021188295131921768, 0.02124795076996088, 0.021301226536929608, 0.021337241384387015, 0.02135667817443609, 0.02140417781174183, 0.021448779514431953, 0.021491066348552704, 0.021547953705489637, 0.02159405109286308, 0.021642087861895563, 0.02168813915401697, 0.021729515589773655, 0.02176717080771923, 0.021801843163371085, 0.021834594342112542, 0.021871893590688706, 0.021913813123106956, 0.02195080296397209, 0.021987856867909432, 0.022021725901961327, 0.022050939771533013, 0.022083961889147758, 0.022119747415184975, 0.02214617901146412, 0.022166841858625413, 0.02218928273022175, 0.022213225737214088, 0.022237941431999208, 0.02224870082437992], "val_class_acc": [0.0888, 0.0949, 0.0969, 0.0976, 0.1019, 0.1048, 0.1072, 0.1069, 0.1104, 0.1146, 0.1185, 0.1191, 0.1186, 0.1193, 0.1183, 0.1197, 0.1232, 0.1227, 0.1212, 0.1212, 0.1231, 0.1243, 0.1256, 0.1269, 0.1268, 0.1272, 0.1279, 0.1281, 0.1278, 0.1288, 0.1283, 0.1287, 0.1298, 0.1296, 0.1296, 0.1293, 0.1278, 0.1284, 0.1286, 0.1289], "val_reconstruction_mean_squared_error": [0.02064264481663704, 0.020670782789587974, 0.020711530809104442, 0.02075399288535118, 0.020785964852571486, 0.020831155359745026, 0.020887030404806137, 0.020954901726543903, 0.02102788605839014, 0.0211052778378129, 0.021188295131921768, 0.02124795076996088, 0.021301226536929608, 0.021337241384387015, 0.02135667817443609, 0.02140417781174183, 0.021448779514431953, 0.021491066348552704, 0.021547953705489637, 0.02159405109286308, 0.021642087861895563, 0.02168813915401697, 0.021729515589773655, 0.02176717080771923, 0.021801843163371085, 0.021834594342112542, 0.021871893590688706, 0.021913813123106956, 0.02195080296397209, 0.021987856867909432, 0.022021725901961327, 0.022050939771533013, 0.022083961889147758, 0.022119747415184975, 0.02214617901146412, 0.022166841858625413, 0.02218928273022175, 0.022213225737214088, 0.022237941431999208, 0.02224870082437992], "loss": [2.402888984680176, 2.0714863204956053, 1.8221073865890502, 1.6199669361114502, 1.4374351549148559, 1.2751308631896974, 1.129639949798584, 1.00346608877182, 0.8911207914352417, 0.7871047067642212, 0.7009098720550537, 0.6212769603729248, 0.5565290570259094, 0.49668479919433595, 0.4478530693054199, 0.4015569067001343, 0.363752281665802, 0.32820870280265807, 0.29919731616973877, 0.27266112446784974, 0.25051176905632017, 0.23072183966636658, 0.21427334308624268, 0.19811619818210602, 0.18458849787712098, 0.17228966295719148, 0.16133656978607178, 0.15192383408546448, 0.14272239863872527, 0.13448352098464966, 0.12749701738357544, 0.1209854707121849, 0.1148658925294876, 0.10985850036144257, 0.10478408426046372, 0.10002058088779449, 0.09593317300081253, 0.09190784305334092, 0.08828159585595131, 0.08501708179712296], "class_loss": [2.3845069789886475, 2.0533112335205077, 1.8038382339477539, 1.6017823171615602, 1.4190851831436158, 1.2570570755004882, 1.1112201833724975, 0.9852198886871338, 0.8728761768341065, 0.7687615466117859, 0.682792272567749, 0.6027426815032959, 0.538420376777649, 0.47837273836135863, 0.42951982975006103, 0.38329788208007814, 0.3454267334938049, 0.3100059390068054, 0.28109399378299715, 0.25444573640823365, 0.2325386345386505, 0.21266363501548768, 0.19617026686668396, 0.18041132092475892, 0.1667977499961853, 0.1546134126186371, 0.14371829986572265, 0.1340612390637398, 0.12527523517608644, 0.11702893763780593, 0.11007517993450165, 0.10360959976911545, 0.0977233663201332, 0.09228301376104354, 0.08764656722545623, 0.08299729287624359, 0.07891460120677948, 0.07508459687232971, 0.07146405637264251, 0.06816153794527054], "reconstruction_loss": [0.018382019102573394, 0.018175090700387954, 0.01826915077865124, 0.018184626400470735, 0.01834995910525322, 0.01807375803589821, 0.01841978944838047, 0.0182461841404438, 0.018244611918926238, 0.01834316298365593, 0.018117590248584746, 0.018534283936023712, 0.018108680248260497, 0.01831205502152443, 0.018333235755562782, 0.018259024173021318, 0.018325546979904173, 0.018202769458293914, 0.01810331702232361, 0.01821538969874382, 0.017973130643367766, 0.018058203160762787, 0.018103077709674835, 0.017704877927899362, 0.01779074639081955, 0.01767624869942665, 0.017618268132209777, 0.017862594723701476, 0.017447162568569183, 0.017454582899808883, 0.017421835884451866, 0.017375870272517205, 0.01714252695441246, 0.017575486451387404, 0.0171375173330307, 0.01702328968793154, 0.017018571197986603, 0.016823246255517007, 0.01681753858923912, 0.016855543404817583], "class_acc": [0.06, 0.37, 0.61, 0.74, 0.87, 0.91, 0.97, 0.98, 1.0, 1.0, 1.0, 1.0, 1.0, 1.0, 1.0, 1.0, 1.0, 1.0, 1.0, 1.0, 1.0, 1.0, 1.0, 1.0, 1.0, 1.0, 1.0, 1.0, 1.0, 1.0, 1.0, 1.0, 1.0, 1.0, 1.0, 1.0, 1.0, 1.0, 1.0, 1.0], "reconstruction_mean_squared_error": [0.018382019102573394, 0.018175090700387954, 0.01826915077865124, 0.018184626400470735, 0.01834995910525322, 0.01807375803589821, 0.01841978944838047, 0.0182461841404438, 0.018244611918926238, 0.01834316298365593, 0.018117590248584746, 0.018534283936023712, 0.018108680248260497, 0.01831205502152443, 0.018333235755562782, 0.018259024173021318, 0.018325546979904173, 0.018202769458293914, 0.01810331702232361, 0.01821538969874382, 0.017973130643367766, 0.018058203160762787, 0.018103077709674835, 0.017704877927899362, 0.01779074639081955, 0.01767624869942665, 0.017618268132209777, 0.017862594723701476, 0.017447162568569183, 0.017454582899808883, 0.017421835884451866, 0.017375870272517205, 0.01714252695441246, 0.017575486451387404, 0.0171375173330307, 0.01702328968793154, 0.017018571197986603, 0.016823246255517007, 0.01681753858923912, 0.016855543404817583]}