{"val_loss": [1.9461140472412108, 1.751007247066498, 1.6698874778747559, 1.6362398717880249, 1.606013128566742, 1.597504874420166, 1.592983494758606, 1.601868635559082, 1.6317519309043884, 1.6286112656593323, 1.656239758491516, 1.6731157216072083, 1.7144870661735534, 1.7421370717048645, 1.7638316935539247, 1.8157246589660645, 1.8525361095428468, 1.87605457239151, 1.9254958135604858, 1.9631516551971435, 2.008147412776947, 2.0464042733192445, 2.108359789276123, 2.1466234389305114, 2.1999695411682127, 2.2544476784706116, 2.280826632976532, 2.342416053199768, 2.384837278842926, 2.451360737705231, 2.4990253781318663, 2.5490591307640074, 2.594161832141876, 2.663800895500183, 2.7036819538116457, 2.7699545057296753, 2.8174910546302794, 2.8767104148864746, 2.917597225379944, 3.005679643535614, 3.0713138655662537, 3.1067772457122804, 3.15255822763443, 3.223571614074707, 3.2846448499679566, 3.338450231361389, 3.3816340279579165, 3.4464630292892457, 3.504263951587677, 3.554590802001953, 3.5928972833633424, 3.6381855281829836, 3.7385746623039244, 3.766063583755493, 3.843125505065918, 3.8442677478790284, 3.924130020713806, 3.9775728981018066, 4.037688222503662, 4.040806334209442, 4.1075281209945675, 4.121173359775543, 4.202130010032654, 4.227439805030823, 4.32582940788269, 4.327499137401581, 4.374525916957856, 4.416379424285888, 4.472455196762085, 4.508547050380707, 4.537827319717407, 4.552940619277954, 4.602236733436585, 4.667247103118896, 4.7021402662277225, 4.759092728424072, 4.8386405654907225, 4.824263347053527, 4.842856783676147, 4.875801803874969], "val_acc": [0.3244, 0.3833, 0.4086, 0.4215, 0.431, 0.4367, 0.4428, 0.4502, 0.4421, 0.4447, 0.4428, 0.444, 0.4392, 0.4351, 0.4327, 0.4345, 0.4271, 0.4291, 0.4275, 0.4269, 0.4213, 0.4198, 0.4201, 0.4187, 0.4106, 0.4129, 0.4094, 0.4074, 0.4089, 0.4049, 0.4023, 0.4038, 0.4044, 0.3988, 0.4005, 0.3986, 0.3984, 0.4001, 0.3986, 0.3979, 0.3954, 0.3974, 0.3914, 0.3939, 0.3902, 0.3868, 0.3914, 0.3893, 0.3858, 0.3878, 0.3896, 0.3863, 0.387, 0.3848, 0.3862, 0.3846, 0.3849, 0.383, 0.3866, 0.3875, 0.3819, 0.3849, 0.384, 0.3823, 0.3779, 0.3812, 0.3786, 0.3794, 0.3831, 0.3802, 0.3795, 0.382, 0.3789, 0.3795, 0.3777, 0.3764, 0.3745, 0.3764, 0.375, 0.3798], "loss": [2.282490667095184, 1.7819803178405762, 1.599060219154358, 1.479430684528351, 1.3827123752403259, 1.3016375915527343, 1.2276232565116882, 1.1626289251327515, 1.1047769972229005, 1.052455632791519, 1.0026097249603272, 0.9589080304336548, 0.9173332144641876, 0.8787539022445678, 0.8398616800308227, 0.8067208720636367, 0.7764541206979751, 0.7429806083488464, 0.7170164796876908, 0.6877936021375656, 0.6604637152814865, 0.6394399137020111, 0.6108432337093354, 0.5912903711771965, 0.5685092343616486, 0.5474394852733612, 0.5286250566530227, 0.5076226698541642, 0.48884540942668914, 0.47008060423374176, 0.4531552070379257, 0.43891805306196213, 0.4211873848724365, 0.407778291451931, 0.3937679146885872, 0.37829982055664063, 0.3630094673991203, 0.35137456183195115, 0.337804578537941, 0.32750732550263406, 0.31507579123020174, 0.3050531638479233, 0.29420853084445, 0.2854444366872311, 0.2745002368688583, 0.2642749626672268, 0.2559791711914539, 0.2460392182445526, 0.239222809112072, 0.22983198955893516, 0.2236263718533516, 0.21642107748687267, 0.20725267325878144, 0.20006716364085675, 0.19501690807163716, 0.1895737231326103, 0.1864474967521429, 0.1783165259605646, 0.17444746327221394, 0.166598545820117, 0.1616286478215456, 0.15908903689980508, 0.15358486826896667, 0.15070435857892037, 0.1434713242214918, 0.1417768521219492, 0.13828641255378724, 0.13410010233432054, 0.1305006855145097, 0.12508278124719857, 0.12203300083234907, 0.1189088408818841, 0.11701319880902768, 0.1153816489776969, 0.10941241051152349, 0.10774787529587745, 0.10662107844382525, 0.10529452806830406, 0.10161768135622144, 0.10148266847193241], "acc": [0.24666, 0.37188, 0.43636, 0.47928, 0.51756, 0.54736, 0.57386, 0.59658, 0.61882, 0.63986, 0.6587, 0.67524, 0.6893, 0.70568, 0.71984, 0.73202, 0.74124, 0.75358, 0.76584, 0.77572, 0.78626, 0.7934, 0.80314, 0.8111, 0.81886, 0.82654, 0.83202, 0.84052, 0.84712, 0.85486, 0.86024, 0.86552, 0.87192, 0.87566, 0.87946, 0.88604, 0.8912, 0.89508, 0.90098, 0.90342, 0.90858, 0.91214, 0.91522, 0.91758, 0.92104, 0.92506, 0.9291, 0.9313, 0.93344, 0.93622, 0.93824, 0.93998, 0.94324, 0.94626, 0.9465, 0.95012, 0.9498, 0.95184, 0.9537, 0.95634, 0.9593, 0.95848, 0.96036, 0.96124, 0.96356, 0.96374, 0.96444, 0.96618, 0.96618, 0.96866, 0.96974, 0.96942, 0.9705, 0.9705, 0.97238, 0.97394, 0.9732, 0.97292, 0.97478, 0.97426]}