{"val_loss": [3.1051114891052247, 3.097486965560913, 3.0959240440368654, 3.0910711658477785, 3.087313384628296, 3.0837095478057863, 3.08218868598938, 3.0805007904052735, 3.079185792541504, 3.0831021209716796, 3.0831222106933596, 3.0879136726379395, 3.0937703941345216, 3.0979779457092285, 3.100757611465454, 3.100938957595825, 3.102731537628174, 3.105945245742798, 3.1094926593780516, 3.1093478591918946, 3.111012652206421, 3.1105458877563477, 3.1131962608337402, 3.1146596168518066, 3.116866949081421, 3.116277298736572, 3.1138270751953123, 3.1129141777038574, 3.113711657714844, 3.115651558303833, 3.1170065773010256, 3.1178867221832274, 3.1186344581604004, 3.119271063232422, 3.12107488822937, 3.120959801483154, 3.1203400703430177, 3.121509493637085, 3.122080480194092, 3.122546263504028], "val_acc": [0.0998, 0.1011, 0.1028, 0.1037, 0.1046, 0.1055, 0.1074, 0.1079, 0.1088, 0.1094, 0.1095, 0.1096, 0.1109, 0.1106, 0.1107, 0.1111, 0.1102, 0.1105, 0.1102, 0.1112, 0.1115, 0.1117, 0.1116, 0.1117, 0.1117, 0.1122, 0.1126, 0.1123, 0.1122, 0.1124, 0.1123, 0.1123, 0.1122, 0.1127, 0.1129, 0.113, 0.1131, 0.113, 0.113, 0.113], "loss": [3.0308710861206056, 2.521048002243042, 2.1982788848876953, 1.8806474113464355, 1.6053519916534424, 1.3376450634002686, 1.137663197517395, 0.9620642900466919, 0.8180427956581116, 0.6759593296051025, 0.5835402810573578, 0.48858567953109744, 0.41457147359848023, 0.3669286370277405, 0.308937292098999, 0.2767921495437622, 0.23993348717689514, 0.2094949769973755, 0.18609383970499038, 0.17050103545188905, 0.15542822122573852, 0.14042244136333465, 0.13042855024337768, 0.1179815912246704, 0.10758517652750016, 0.10172707200050354, 0.09505212366580963, 0.08926728338003159, 0.08456770867109299, 0.07866311252117157, 0.07460938885807991, 0.07150499165058136, 0.06817173212766647, 0.06393589824438095, 0.06071885541081429, 0.05736791267991066, 0.05589114785194397, 0.05211242705583572, 0.04949290156364441, 0.047668276578187944], "acc": [0.06, 0.13, 0.22, 0.4, 0.49, 0.64, 0.74, 0.8, 0.89, 0.92, 0.95, 0.98, 0.99, 0.99, 1.0, 1.0, 1.0, 1.0, 1.0, 1.0, 1.0, 1.0, 1.0, 1.0, 1.0, 1.0, 1.0, 1.0, 1.0, 1.0, 1.0, 1.0, 1.0, 1.0, 1.0, 1.0, 1.0, 1.0, 1.0, 1.0]}