{"val_loss": [1.9402869245529175, 1.911565111732483, 1.8737772411346436, 1.8630263353347778, 1.8357862438201904, 1.8390487285614014, 1.8292905071258545, 1.8479154901504518, 1.8795463079452515, 1.8704165316581727, 1.8958687514305115, 1.9367268236160278, 1.9549475730895995, 2.007182501602173, 2.07647509765625, 2.114422377872467, 2.1920453294754028, 2.270577227497101, 2.3413670959472657, 2.4419166116714477, 2.510379231071472, 2.613381749534607, 2.7321880395889284, 2.816228597640991, 2.9134491199493406, 3.0162388469696046, 3.14335669631958, 3.2538463190078737, 3.4426967140197755, 3.391762696456909, 3.400438868713379, 3.6048538593292236, 3.5240128287315367, 3.55941137714386, 3.6199340284347534, 3.84763075504303, 3.7628237998962404, 3.7806175168991087, 3.7870505363464355, 4.259292346382141, 3.9950993480682375, 3.9577007720947264, 3.9833263177871703, 3.989849543952942, 4.421550558471679, 4.14267556552887, 4.109312910079956, 4.1415290397644045, 4.152369752502441, 4.22899794216156, 4.4483954164505, 4.3423610816955565, 4.327560521888733, 4.358425652122498, 4.363421575736999, 4.408563476181031, 4.910964775085449, 4.5753496587753295, 4.627945825004578, 4.663824522209167, 4.629990270996093, 4.5558660981178285, 4.628547229766846, 4.591213384628296, 4.720864396953583, 4.642673299980164, 4.709586105823517, 4.889038915443421, 4.717409874916076, 4.696711785507202, 4.733211290740967, 4.726769821166992, 4.742782301902771, 4.802516151809693, 4.858594640731812, 4.915793100357056, 4.972242281913758, 5.007910686874389, 5.043507693099976, 5.0743761833190915], "val_acc": [0.3011, 0.3093, 0.3253, 0.3296, 0.3519, 0.3512, 0.3546, 0.348, 0.3391, 0.3475, 0.3518, 0.3474, 0.3517, 0.3431, 0.3442, 0.3475, 0.3442, 0.335, 0.341, 0.3402, 0.3398, 0.3392, 0.3412, 0.3397, 0.3375, 0.3373, 0.3397, 0.3355, 0.3285, 0.3355, 0.3368, 0.3246, 0.3324, 0.3367, 0.3401, 0.3208, 0.3317, 0.3338, 0.3368, 0.3156, 0.3314, 0.3316, 0.3329, 0.3352, 0.3154, 0.3251, 0.3333, 0.3375, 0.3395, 0.3362, 0.3278, 0.3282, 0.3323, 0.3347, 0.3353, 0.3373, 0.328, 0.3226, 0.3233, 0.3238, 0.3239, 0.3255, 0.3269, 0.33, 0.329, 0.3283, 0.3266, 0.3128, 0.3304, 0.3276, 0.3339, 0.3337, 0.3351, 0.3368, 0.3346, 0.3391, 0.3374, 0.3401, 0.3394, 0.3396], "loss": [2.0201272189331054, 1.808097939491272, 1.6839531924629212, 1.5621887821197509, 1.4382272291755676, 1.307165903778076, 1.1702884007263183, 1.033218965396881, 0.8955439659690857, 0.7611522808170319, 0.6351264634895325, 0.5177732041406632, 0.413264753613472, 0.3213763011741638, 0.2444282568860054, 0.18077011749267577, 0.13053844705343245, 0.09259741459548473, 0.0638633895599842, 0.043829597260951994, 0.029518656914532183, 0.019588880506753923, 0.01296592895872891, 0.008534113533943892, 0.005552935745418072, 0.0035603870268166066, 0.002344465273432434, 0.0015092835875414312, 0.0032361887533962725, 0.0013537387394998222, 0.0006152123844856396, 0.0016603096714103594, 0.0016048008474614471, 0.00040355472503229975, 0.00026099737539421767, 0.002826681459676474, 0.0011551262458064594, 0.0002691779528954066, 0.00015355578947113827, 0.0009012666434526909, 0.0033422795464494266, 0.0003941632996883709, 0.00013620163885410874, 8.073941038979683e-05, 0.0025187246480508473, 0.0020869725091045258, 0.00021122312700899782, 7.996786780538968e-05, 4.479980172618525e-05, 3.0474583565955982e-05, 0.002280045798418432, 0.0009645980847644386, 0.00012481451231404207, 4.3585577196936355e-05, 2.3084399204090006e-05, 1.3607579419913235e-05, 2.2459623926406494e-05, 0.004494161674210336, 0.0006377989512862405, 0.0008605002138580312, 0.0013016669978274148, 0.00039543792859476527, 0.0013222537277529773, 0.00047184552289923886, 0.0012993094340253448, 0.000733160816617019, 0.0006300517740863142, 0.0011582926934433635, 0.0002022766421196866, 4.361020495620323e-05, 1.892307762784185e-05, 1.0153973491615033e-05, 5.907391650689533e-06, 3.5623353992195915e-06, 2.0374273478046232e-06, 1.225263627457025e-06, 8.278485392202128e-07, 6.116478043986717e-07, 4.810252401557591e-07, 3.953995046367709e-07], "acc": [0.2669, 0.36498, 0.41892, 0.47426, 0.52934, 0.59292, 0.6589, 0.72526, 0.7867, 0.8411, 0.88802, 0.92636, 0.95398, 0.97374, 0.98486, 0.99244, 0.99624, 0.9982, 0.99918, 0.9996, 0.99978, 0.99988, 0.99994, 1.0, 1.0, 1.0, 1.0, 1.0, 0.99962, 1.0, 1.0, 0.99972, 0.99994, 1.0, 1.0, 0.9994, 0.99996, 1.0, 1.0, 0.9998, 0.99936, 1.0, 1.0, 1.0, 0.99928, 0.9996, 1.0, 1.0, 1.0, 1.0, 0.99944, 0.99986, 1.0, 1.0, 1.0, 1.0, 1.0, 0.99868, 0.99984, 0.99982, 0.9997, 0.99992, 0.9996, 0.99992, 0.9996, 0.9999, 0.99984, 0.99974, 1.0, 1.0, 1.0, 1.0, 1.0, 1.0, 1.0, 1.0, 1.0, 1.0, 1.0, 1.0]}