{"val_loss": [0.03479511015415192, 0.029271626913547517, 0.025578317388892175, 0.023774083203077317, 0.02270960993766785, 0.022155458396673204, 0.021898487842082977, 0.021510637313127516, 0.021416089102625848, 0.021238800129294397, 0.021075021082162856, 0.02099461064040661, 0.02112685823738575, 0.02082591912150383, 0.020797588297724722, 0.020751457983255388, 0.02070110683441162, 0.020726030761003496, 0.02066419511437416, 0.020664487066864967], "val_class_loss": [0.0, 0.0, 0.0, 0.0, 0.0, 0.0, 0.0, 0.0, 0.0, 0.0, 0.0, 0.0, 0.0, 0.0, 0.0, 0.0, 0.0, 0.0, 0.0, 0.0], "val_reconstruction_loss": [0.03479511015415192, 0.029271626913547517, 0.025578317388892175, 0.023774083203077317, 0.02270960993766785, 0.022155458396673204, 0.021898487842082977, 0.021510637313127516, 0.021416089102625848, 0.021238800129294397, 0.021075021082162856, 0.02099461064040661, 0.02112685823738575, 0.02082591912150383, 0.020797588297724722, 0.020751457983255388, 0.02070110683441162, 0.020726030761003496, 0.02066419511437416, 0.020664487066864967], "val_class_acc": [0.1001, 0.1009, 0.104, 0.1101, 0.1063, 0.1096, 0.1079, 0.109, 0.1088, 0.106, 0.113, 0.1088, 0.108, 0.1059, 0.1061, 0.1097, 0.1093, 0.1048, 0.1069, 0.1047], "val_reconstruction_mean_squared_error": [0.03479511015415192, 0.029271626913547517, 0.025578317388892175, 0.023774083203077317, 0.02270960993766785, 0.022155458396673204, 0.021898487842082977, 0.021510637313127516, 0.021416089102625848, 0.021238800129294397, 0.021075021082162856, 0.02099461064040661, 0.02112685823738575, 0.02082591912150383, 0.020797588297724722, 0.020751457983255388, 0.02070110683441162, 0.020726030761003496, 0.02066419511437416, 0.020664487066864967], "loss": [0.04483789140701294, 0.03269983474135399, 0.02775328380227089, 0.024849987381100655, 0.02322351396858692, 0.022212921603918075, 0.021538405975699424, 0.021023801047801972, 0.020601446472406387, 0.020226895694136618, 0.01991235750079155, 0.01961705827832222, 0.01935192989528179, 0.019103600774407387, 0.018885238713622094, 0.018676923845410347, 0.01848186051607132, 0.018298844742178917, 0.018124039990901945, 0.017970824410915374], "class_loss": [0.0, 0.0, 0.0, 0.0, 0.0, 0.0, 0.0, 0.0, 0.0, 0.0, 0.0, 0.0, 0.0, 0.0, 0.0, 0.0, 0.0, 0.0, 0.0, 0.0], "reconstruction_loss": [0.04483789140701294, 0.03269983474135399, 0.02775328380227089, 0.024849987381100655, 0.02322351396858692, 0.022212921603918075, 0.021538405975699424, 0.021023801047801972, 0.020601446472406387, 0.020226895694136618, 0.01991235750079155, 0.01961705827832222, 0.01935192989528179, 0.019103600774407387, 0.018885238713622094, 0.018676923845410347, 0.01848186051607132, 0.018298844742178917, 0.018124039990901945, 0.017970824410915374], "class_acc": [0.05598, 0.03772, 0.04932, 0.08164, 0.1018, 0.10096, 0.1091, 0.09738, 0.0912, 0.11326, 0.09908, 0.1099, 0.10814, 0.11342, 0.10858, 0.11382, 0.11576, 0.1151, 0.11712, 0.1106], "reconstruction_mean_squared_error": [0.04483789140701294, 0.03269983474135399, 0.02775328380227089, 0.024849987381100655, 0.02322351396858692, 0.022212921603918075, 0.021538405975699424, 0.021023801047801972, 0.020601446472406387, 0.020226895694136618, 0.01991235750079155, 0.01961705827832222, 0.01935192989528179, 0.019103600774407387, 0.018885238713622094, 0.018676923845410347, 0.01848186051607132, 0.018298844742178917, 0.018124039990901945, 0.017970824410915374]}