{"val_loss": [2.259986856842041, 2.2007628610610963, 2.1589806016921997, 2.1356247283935548, 2.121984044265747, 2.1103161071777343, 2.111127649688721, 2.1095476194381715, 2.1159040184020994, 2.1244615139007568, 2.1280291826248168, 2.131617349433899, 2.136635188293457, 2.1516854276657105, 2.1663844621658326, 2.176476453971863, 2.183089949798584, 2.1961897258758545, 2.2092813417434694, 2.2195443964004515, 2.235265685272217, 2.250120956039429, 2.257579133415222, 2.2714073986053465, 2.280829051208496, 2.296098219871521, 2.3071177377700804, 2.3159557807922364, 2.334020414161682, 2.343447720718384, 2.3563710245132445, 2.364489756774902, 2.3761760246276857, 2.3873510971069334, 2.398726438713074, 2.409627290534973, 2.421199460029602, 2.4314543495178222, 2.442026510620117, 2.45663401222229, 2.466520598602295, 2.4753240539550783, 2.4841720558166505, 2.491547727584839, 2.5064236976623535, 2.5121403772354127, 2.52374222240448, 2.5321318460464477, 2.541190456581116, 2.5536499238967894, 2.5597719896316526, 2.570696966934204, 2.5785184257507323, 2.591052565383911, 2.5976196754455567, 2.608148177909851, 2.6178138668060305, 2.6259242153167723, 2.6338087486267088, 2.643342141914368, 2.652489418029785, 2.6617471899032594, 2.672025213623047, 2.6795288215637205, 2.686767940711975, 2.6999114906311035, 2.706011647415161, 2.7166299587249756, 2.724264231300354, 2.7306114053726196, 2.7393374979019165, 2.747445513725281, 2.754006516265869, 2.7642393348693846, 2.773138436126709, 2.7804966011047365, 2.7888500467300417, 2.797507037162781, 2.8052240034103395, 2.812644762802124], "val_class_loss": [2.2390838119506835, 2.179687632751465, 2.1378586738586427, 2.114257098007202, 2.1003688009262085, 2.08849073677063, 2.089108034133911, 2.087405801963806, 2.0936849615097044, 2.102143636894226, 2.105639178085327, 2.109211759376526, 2.114204647445679, 2.129203320503235, 2.1439095026016237, 2.153983197212219, 2.1606212575912473, 2.173700651550293, 2.1868210439682008, 2.1971210676193236, 2.2128415655136107, 2.227701832008362, 2.235185831260681, 2.2490274803161623, 2.2584888008117674, 2.2737642866134644, 2.2848081615447997, 2.293673093032837, 2.311726967048645, 2.3212165382385255, 2.334131746292114, 2.3422974672317505, 2.3539948385238647, 2.3651679845809936, 2.3765684242248537, 2.387474168395996, 2.3990776563644407, 2.409336255645752, 2.4199128944396975, 2.4345425235748293, 2.44444229183197, 2.4532497663497925, 2.4621062231063844, 2.469462453651428, 2.4843459466934203, 2.490084278297424, 2.501682098388672, 2.5100991033554076, 2.519133871459961, 2.53162118434906, 2.5377417852401734, 2.548659520339966, 2.5564883531570435, 2.569017759132385, 2.575590678215027, 2.586134373855591, 2.595750852584839, 2.60381262550354, 2.611774298477173, 2.6213065231323243, 2.630458399963379, 2.6396912075042724, 2.6499545179367066, 2.657488646888733, 2.664715280151367, 2.6778209259033203, 2.683945775413513, 2.6945254446029665, 2.702183309173584, 2.708527152442932, 2.717233793258667, 2.725352020263672, 2.7319017597198485, 2.742130948829651, 2.751001265335083, 2.7583336919784545, 2.766705542945862, 2.775308738517761, 2.783058817100525, 2.7904607067108156], "val_reconstruction_loss": [0.020903047955036162, 0.02107522527873516, 0.021121923807263375, 0.02136763206422329, 0.02161524473428726, 0.021825371754169463, 0.022019609826803208, 0.022141816490888595, 0.022219060391187668, 0.022317873135209082, 0.02239000353515148, 0.022405585208535195, 0.022430540239810944, 0.02248210679590702, 0.022474957597255707, 0.022493255391716958, 0.02246869612634182, 0.022489075365662574, 0.022460300296545027, 0.022423328027129173, 0.022424121472239496, 0.022419120824337006, 0.022393305805325506, 0.02237992050945759, 0.022340247631072997, 0.022333930853009224, 0.022309576469659805, 0.022282687190175055, 0.022293448847532274, 0.022231182420253754, 0.022239275762438775, 0.022192288944125175, 0.022181181597709657, 0.02218310947418213, 0.022158010736107826, 0.022153121948242187, 0.022121803626418114, 0.022118096116185187, 0.022113614985346794, 0.022091487485170366, 0.02207830532193184, 0.022074284011125565, 0.02206583885848522, 0.022085274294018745, 0.0220777514398098, 0.022056103956699373, 0.02206012533903122, 0.022032741531729697, 0.022056579175591468, 0.0220287393450737, 0.022030205151438713, 0.022037439700961114, 0.02203007435798645, 0.02203480787575245, 0.022028995606303215, 0.022013802295923233, 0.022063020181655884, 0.022111590385437013, 0.022034444984793664, 0.02203562048971653, 0.022031022220849992, 0.022055983752012252, 0.022070698922872542, 0.022040174081921576, 0.02205266495049, 0.022090564328432084, 0.02206586895287037, 0.022104509633779527, 0.022080921974778175, 0.02208425177037716, 0.022103708004951476, 0.022093492749333383, 0.022104757472872733, 0.022108387523889543, 0.022137171280384064, 0.022162908539175987, 0.02214450091421604, 0.022198298677802087, 0.022165188050270082, 0.02218405599594116], "val_class_acc": [0.1655, 0.2057, 0.2181, 0.2284, 0.2349, 0.2394, 0.2365, 0.2361, 0.2348, 0.2383, 0.2355, 0.2371, 0.2364, 0.2336, 0.233, 0.2345, 0.2343, 0.2286, 0.2313, 0.2296, 0.2284, 0.2299, 0.2274, 0.2298, 0.2278, 0.228, 0.2278, 0.2253, 0.2262, 0.2252, 0.225, 0.2255, 0.2258, 0.2235, 0.2254, 0.2256, 0.2243, 0.2244, 0.2242, 0.224, 0.2229, 0.2229, 0.2221, 0.2238, 0.2228, 0.223, 0.2214, 0.2233, 0.2227, 0.2219, 0.2219, 0.222, 0.2218, 0.2203, 0.2204, 0.2211, 0.2201, 0.2197, 0.2195, 0.2204, 0.2195, 0.2202, 0.2197, 0.2184, 0.2181, 0.2185, 0.2196, 0.2182, 0.2189, 0.2184, 0.218, 0.2184, 0.2181, 0.2175, 0.218, 0.2171, 0.2182, 0.2179, 0.2178, 0.2168], "val_reconstruction_mean_squared_error": [0.020903047955036162, 0.02107522527873516, 0.021121923807263375, 0.02136763206422329, 0.02161524473428726, 0.021825371754169463, 0.022019609826803208, 0.022141816490888595, 0.022219060391187668, 0.022317873135209082, 0.02239000353515148, 0.022405585208535195, 0.022430540239810944, 0.02248210679590702, 0.022474957597255707, 0.022493255391716958, 0.02246869612634182, 0.022489075365662574, 0.022460300296545027, 0.022423328027129173, 0.022424121472239496, 0.022419120824337006, 0.022393305805325506, 0.02237992050945759, 0.022340247631072997, 0.022333930853009224, 0.022309576469659805, 0.022282687190175055, 0.022293448847532274, 0.022231182420253754, 0.022239275762438775, 0.022192288944125175, 0.022181181597709657, 0.02218310947418213, 0.022158010736107826, 0.022153121948242187, 0.022121803626418114, 0.022118096116185187, 0.022113614985346794, 0.022091487485170366, 0.02207830532193184, 0.022074284011125565, 0.02206583885848522, 0.022085274294018745, 0.0220777514398098, 0.022056103956699373, 0.02206012533903122, 0.022032741531729697, 0.022056579175591468, 0.0220287393450737, 0.022030205151438713, 0.022037439700961114, 0.02203007435798645, 0.02203480787575245, 0.022028995606303215, 0.022013802295923233, 0.022063020181655884, 0.022111590385437013, 0.022034444984793664, 0.02203562048971653, 0.022031022220849992, 0.022055983752012252, 0.022070698922872542, 0.022040174081921576, 0.02205266495049, 0.022090564328432084, 0.02206586895287037, 0.022104509633779527, 0.022080921974778175, 0.02208425177037716, 0.022103708004951476, 0.022093492749333383, 0.022104757472872733, 0.022108387523889543, 0.022137171280384064, 0.022162908539175987, 0.02214450091421604, 0.022198298677802087, 0.022165188050270082, 0.02218405599594116],