{"val_loss": [2.080606644630432, 2.036523324394226, 2.026726777267456, 2.0434305408477784, 2.0731289407730102, 2.0977142778396605, 2.132211043167114, 2.149101609992981, 2.188677641105652, 2.240306125450134, 2.2555812339782717, 2.2981905128479005, 2.328807350540161, 2.3689693798065186, 2.4284393741607664, 2.443186317253113, 2.4911029361724855, 2.5365169235229494, 2.5902382921218874, 2.6341119039535523, 2.684221985054016, 2.7487079971313477, 2.7971205070495606, 2.8563590492248534, 2.920607131385803, 2.977424933052063, 3.0402458532333374, 3.1101985008239748, 3.169798521232605, 3.243109331703186, 3.3078210006713866, 3.400116885566711, 3.454679659843445, 3.5279484842300417, 3.599295678138733, 3.6645484506607056, 3.7290677907943723, 3.805153486442566, 3.897572541999817, 3.9641850355148316, 4.02547555103302, 4.095397178840638, 4.169200834655761, 4.241917462539673, 4.326466799926758, 4.397126489067078, 4.471275587081909, 4.541115660667419, 4.6207141716003415, 4.686563990211487, 4.761216362190247, 4.83073028793335, 4.901285085296631, 4.966116626167297, 5.037270813560486, 5.111082781982422, 5.179821268081665, 5.233509860420227, 5.305258380889892, 5.37164322052002, 5.4264630081176755, 5.482242403411865, 5.533158065605163, 5.591498438262939, 5.641645826530457, 5.688085806083679, 5.73547146987915, 5.77190007648468, 5.812643244552612, 5.8432847640991215, 5.879459075546265, 5.909766000366211, 5.940238690948486, 5.9667197681427, 5.990069363021851, 6.012109576416016, 6.032697616577148, 6.049924003219605, 6.069041589355469, 6.0854335826873776], "val_acc": [0.2467, 0.2693, 0.269, 0.2742, 0.262, 0.2634, 0.2688, 0.2652, 0.2629, 0.2569, 0.2639, 0.26, 0.2611, 0.2606, 0.2549, 0.2631, 0.2601, 0.2625, 0.2639, 0.2598, 0.2603, 0.2587, 0.2621, 0.2619, 0.2616, 0.2619, 0.2649, 0.2649, 0.264, 0.262, 0.2627, 0.2622, 0.2624, 0.2626, 0.2622, 0.2632, 0.2642, 0.2621, 0.2645, 0.2647, 0.2643, 0.2644, 0.2626, 0.2636, 0.264, 0.264, 0.2639, 0.264, 0.265, 0.2626, 0.2631, 0.2636, 0.2637, 0.2636, 0.2644, 0.2642, 0.2622, 0.2623, 0.262, 0.264, 0.2629, 0.2639, 0.2623, 0.2633, 0.2639, 0.2634, 0.2633, 0.2635, 0.264, 0.2639, 0.2636, 0.2644, 0.2632, 0.2632, 0.2636, 0.2638, 0.2627, 0.2643, 0.2636, 0.2633], "loss": [2.1677522527694704, 1.8339705520629883, 1.634245612716675, 1.4761111951828003, 1.3454669910430908, 1.226230317401886, 1.1146702800750732, 1.010653222179413, 0.9108141403198242, 0.8168485673427581, 0.7277943675994873, 0.6392681219577789, 0.5573282656669617, 0.48456244072914123, 0.4141967721223831, 0.35125448415279387, 0.29502395749092103, 0.24571791291236877, 0.20262544507980346, 0.16506373138427735, 0.13466431928873063, 0.1083364731669426, 0.08693539236783981, 0.06926346988677978, 0.05524558924138546, 0.043648543003201486, 0.03452970326244831, 0.027311059074103833, 0.021414907759428024, 0.01684662046432495, 0.013253758709877729, 0.01035714755281806, 0.008092403243482113, 0.006321131719276309, 0.004906185066699982, 0.0038241228314116597, 0.0029828108394518494, 0.002311758211068809, 0.0017944191224873065, 0.001388346922211349, 0.0010726158841513097, 0.0008291765694040805, 0.000636756426282227, 0.0004908377551473677, 0.00037679955789353696, 0.0002902587197721004, 0.00022263814676553011, 0.00017095115758711471, 0.00013160652341321112, 0.00010076390499598346, 7.720357299549505e-05, 5.88716485130135e-05, 4.5226833337801505e-05, 3.457423009094782e-05, 2.6579354706336745e-05, 2.045680322771659e-05, 1.5692522058088797e-05, 1.2160762761777733e-05, 9.414198140439111e-06, 7.346370935556478e-06, 5.740878662618343e-06, 4.537861621065531e-06, 3.5983310681331205e-06, 2.891690497926902e-06, 2.3423418551828946e-06, 1.925256914910278e-06, 1.590957340067689e-06, 1.3346686748263893e-06, 1.1302958556370868e-06, 9.698875551293895e-07, 8.401995774875104e-07, 7.340912505696905e-07, 6.481829789208859e-07, 5.769255536506534e-07, 5.179705461614504e-07, 4.682125485032884e-07, 4.267098042419093e-07, 3.904224718326077e-07, 3.60232701291352e-07, 3.3429274508307574e-07], "acc": [0.1984, 0.3762, 0.4699, 0.5395, 0.5926, 0.6494, 0.6993, 0.7443, 0.7909, 0.8259, 0.8619, 0.8967, 0.9213, 0.9458, 0.9624, 0.9762, 0.9841, 0.9911, 0.9941, 0.9968, 0.9984, 0.999, 0.9993, 0.9999, 0.9999, 1.0, 1.0, 1.0, 1.0, 1.0, 1.0, 1.0, 1.0, 1.0, 1.0, 1.0, 1.0, 1.0, 1.0, 1.0, 1.0, 1.0, 1.0, 1.0, 1.0, 1.0, 1.0, 1.0, 1.0, 1.0, 1.0, 1.0, 1.0, 1.0, 1.0, 1.0, 1.0, 1.0, 1.0, 1.0, 1.0, 1.0, 1.0, 1.0, 1.0, 1.0, 1.0, 1.0, 1.0, 1.0, 1.0, 1.0, 1.0, 1.0, 1.0, 1.0, 1.0, 1.0, 1.0, 1.0]}