{"val_loss": [2.4853763696670534, 2.298571624183655, 2.2107216358184814, 2.1656387506484984, 2.144284793281555, 2.1450688610076902, 2.151835355758667, 2.163985040664673, 2.191568906593323, 2.214701028251648, 2.2413120643615723, 2.282647820854187, 2.31714963722229, 2.3499292430877685, 2.396355701446533, 2.448705400276184, 2.508375671958923, 2.5489979944229124, 2.615671158027649, 2.6602245393753052, 2.7352290092468263, 2.7761591154098513, 2.8390575112342833, 2.9103668285369872, 2.9784377861976625, 3.031367356491089, 3.0979061340332033, 3.167142628479004, 3.243989784908295, 3.311015710067749, 3.368644202041626, 3.4354205072402952, 3.5046136911392214, 3.576708771324158, 3.6677293707847594, 3.7143774644851684, 3.7866964470863342, 3.864943144416809, 3.9448411069869995, 3.9944258266448975, 4.06763720035553, 4.130517412567139, 4.242654051589966, 4.279567058944703, 4.348641127967834, 4.414219411849976, 4.487949655342102, 4.555107382011413, 4.632933664512635, 4.702594209098816, 4.761981311225891, 4.842219092559814, 4.905926265144348, 4.96880718460083, 5.018919304084778, 5.053115005683899, 5.133586166763306, 5.138674979400634, 5.225898703193664, 5.284044341659546, 5.345021981811524, 5.398956394767761, 5.473663226509094, 5.514224366378784, 5.614680390548706, 5.685021953010559, 5.669133971786499, 5.7185105628967285, 5.771123169326782, 5.8163347448349, 5.90337321395874, 5.89868085899353, 5.968726461410522, 6.013795889091492, 6.078358036994934, 6.09571218624115, 6.160805116653442, 6.190721831512451, 6.2703420921325685, 6.274710115623474], "val_acc": [0.2047, 0.2422, 0.2693, 0.2805, 0.2914, 0.2939, 0.2973, 0.3007, 0.2975, 0.301, 0.3001, 0.2951, 0.2964, 0.3, 0.2988, 0.2955, 0.2941, 0.292, 0.2904, 0.2897, 0.2891, 0.293, 0.2936, 0.2887, 0.2895, 0.2898, 0.2881, 0.2857, 0.2833, 0.2821, 0.2866, 0.2854, 0.2864, 0.2848, 0.2877, 0.2867, 0.2848, 0.2853, 0.285, 0.2847, 0.2836, 0.2814, 0.2876, 0.2842, 0.2852, 0.2856, 0.2863, 0.2843, 0.2846, 0.2861, 0.2834, 0.2828, 0.2809, 0.2808, 0.2816, 0.2842, 0.2816, 0.2801, 0.2855, 0.2818, 0.2833, 0.2835, 0.2818, 0.2828, 0.2801, 0.2816, 0.2818, 0.2832, 0.2824, 0.2774, 0.2821, 0.2813, 0.28, 0.2783, 0.2789, 0.2806, 0.2846, 0.2785, 0.2688, 0.2768], "loss": [2.6959725812911985, 2.126272950553894, 1.81522192363739, 1.5988799198150634, 1.4204996089935302, 1.2802183082580567, 1.1554466252326965, 1.0421838457107544, 0.9390273837566375, 0.8428731262683868, 0.7576889461994171, 0.6762186420917511, 0.6024777525901794, 0.5283874482393265, 0.4682297159910202, 0.40933806793689725, 0.35522574882507324, 0.30851042392253875, 0.2674403680086136, 0.22880860078334808, 0.19776874433755876, 0.16657709822654723, 0.14173502668142318, 0.1180465594291687, 0.10155794459581376, 0.08532408789992332, 0.0723318457365036, 0.06175130674540997, 0.05044988253712654, 0.04338404685556889, 0.03662369097173214, 0.030748427921533584, 0.025352110888063908, 0.021285559226572513, 0.018006533771753312, 0.015445304656028747, 0.012993088661879301, 0.011124493234604597, 0.009370748025551438, 0.007790112707018852, 0.006648379083350301, 0.005573643771931529, 0.004736026185937226, 0.0039590258868411185, 0.0034531224625185134, 0.0029559544936753807, 0.0024286771030165256, 0.002138138328772038, 0.0017421468107029795, 0.0014105402236804366, 0.0012705230965279043, 0.0012123474881518632, 0.0009345018964260817, 0.0009202581000048668, 0.0007623274511890486, 0.000638667932827957, 0.0005292275498853996, 0.00046499929984565824, 0.000403557965287473, 0.0003538761830423027, 0.00030084340607281775, 0.000252160106622614, 0.00023562590499059298, 0.00020799652814748696, 0.00019798013996332885, 0.00017077525724889711, 0.00012440814290894196, 0.00011821957032661885, 9.803631507675163e-05, 8.739710193476639e-05, 8.360108560300433e-05, 7.010531181294937e-05, 6.704609133303165e-05, 4.8738954051805195e-05, 5.3780728972924406e-05, 4.8142602785083e-05, 3.4346038233343276e-05, 2.9080502292345046e-05, 7.151347007384174e-05, 4.8394708722480575e-05], "acc": [0.1616, 0.2827, 0.3761, 0.454, 0.5209, 0.5849, 0.6319, 0.6818, 0.7248, 0.7736, 0.8074, 0.839, 0.8732, 0.9002, 0.9204, 0.9408, 0.9576, 0.9702, 0.981, 0.9871, 0.9908, 0.994, 0.9972, 0.9987, 0.9987, 0.9996, 0.9997, 0.9994, 0.9999, 1.0, 1.0, 0.9999, 1.0, 1.0, 1.0, 1.0, 1.0, 1.0, 1.0, 1.0, 1.0, 1.0, 1.0, 1.0, 1.0, 1.0, 1.0, 1.0, 1.0, 1.0, 1.0, 1.0, 1.0, 1.0, 1.0, 1.0, 1.0, 1.0, 1.0, 1.0, 1.0, 1.0, 1.0, 1.0, 1.0, 1.0, 1.0, 1.0, 1.0, 1.0, 1.0, 1.0, 1.0, 1.0, 1.0, 1.0, 1.0, 1.0, 1.0, 1.0]}