{"val_loss": [0.034945568871498106, 0.029332483929395674, 0.025730060255527498, 0.02389370619058609, 0.022981806802749635, 0.022592850005626677, 0.021870193618535996, 0.021639930057525635, 0.021426659905910493, 0.02127976080775261, 0.021165541315078737, 0.021090127703547477, 0.021023406106233596, 0.020904359871149063, 0.020884937980771064, 0.020819050961732866, 0.020783030134439467, 0.020744032418727874, 0.02070795725286007, 0.020752131044864654, 0.020688706117868425, 0.02069544628858566, 0.02065527051091194, 0.020656928479671478, 0.020745025542378427], "val_class_loss": [0.0, 0.0, 0.0, 0.0, 0.0, 0.0, 0.0, 0.0, 0.0, 0.0, 0.0, 0.0, 0.0, 0.0, 0.0, 0.0, 0.0, 0.0, 0.0, 0.0, 0.0, 0.0, 0.0, 0.0, 0.0], "val_reconstruction_loss": [0.034945568871498106, 0.029332483929395674, 0.025730060255527498, 0.02389370619058609, 0.022981806802749635, 0.022592850005626677, 0.021870193618535996, 0.021639930057525635, 0.021426659905910493, 0.02127976080775261, 0.021165541315078737, 0.021090127703547477, 0.021023406106233596, 0.020904359871149063, 0.020884937980771064, 0.020819050961732866, 0.020783030134439467, 0.020744032418727874, 0.02070795725286007, 0.020752131044864654, 0.020688706117868425, 0.02069544628858566, 0.02065527051091194, 0.020656928479671478, 0.020745025542378427], "val_class_acc": [0.0965, 0.1074, 0.1066, 0.1006, 0.1004, 0.1019, 0.1046, 0.1081, 0.1081, 0.1073, 0.1047, 0.1016, 0.1031, 0.1054, 0.1013, 0.1028, 0.0994, 0.1038, 0.1061, 0.1044, 0.1046, 0.1034, 0.0999, 0.1011, 0.0973], "val_reconstruction_mean_squared_error": [0.034945568871498106, 0.029332483929395674, 0.025730060255527498, 0.02389370619058609, 0.022981806802749635, 0.022592850005626677, 0.021870193618535996, 0.021639930057525635, 0.021426659905910493, 0.02127976080775261, 0.021165541315078737, 0.021090127703547477, 0.021023406106233596, 0.020904359871149063, 0.020884937980771064, 0.020819050961732866, 0.020783030134439467, 0.020744032418727874, 0.02070795725286007, 0.020752131044864654, 0.020688706117868425, 0.02069544628858566, 0.02065527051091194, 0.020656928479671478, 0.020745025542378427], "loss": [0.04479970844626427, 0.03271641494691372, 0.027752709723114968, 0.024859808861017227, 0.023210592041015624, 0.02221341528058052, 0.02154520462155342, 0.02102008609652519, 0.02059214939892292, 0.02022808295428753, 0.0199152305239439, 0.019622924550175665, 0.019342942099571228, 0.01909745620548725, 0.01888044776558876, 0.018666353937983514, 0.018470543286800385, 0.018290311704874038, 0.01812906028985977, 0.017963862632513046, 0.017807501339316367, 0.017664154072999955, 0.017530653427243234, 0.01741061997294426, 0.017285263221263884], "class_loss": [0.0, 0.0, 0.0, 0.0, 0.0, 0.0, 0.0, 0.0, 0.0, 0.0, 0.0, 0.0, 0.0, 0.0, 0.0, 0.0, 0.0, 0.0, 0.0, 0.0, 0.0, 0.0, 0.0, 0.0, 0.0], "reconstruction_loss": [0.04479970844626427, 0.03271641494691372, 0.027752709723114968, 0.024859808861017227, 0.023210592041015624, 0.02221341528058052, 0.02154520462155342, 0.02102008609652519, 0.02059214939892292, 0.02022808295428753, 0.0199152305239439, 0.019622924550175665, 0.019342942099571228, 0.01909745620548725, 0.01888044776558876, 0.018666353937983514, 0.018470543286800385, 0.018290311704874038, 0.01812906028985977, 0.017963862632513046, 0.017807501339316367, 0.017664154072999955, 0.017530653427243234, 0.01741061997294426, 0.017285263221263884], "class_acc": [0.00612, 0.00598, 0.01036, 0.01384, 0.01796, 0.02546, 0.03608, 0.04372, 0.04974, 0.05508, 0.06238, 0.05464, 0.06174, 0.06092, 0.05864, 0.06444, 0.065, 0.06436, 0.06444, 0.06498, 0.07324, 0.07188, 0.06776, 0.07076, 0.07024], "reconstruction_mean_squared_error": [0.04479970844626427, 0.03271641494691372, 0.027752709723114968, 0.024859808861017227, 0.023210592041015624, 0.02221341528058052, 0.02154520462155342, 0.02102008609652519, 0.02059214939892292, 0.02022808295428753, 0.0199152305239439, 0.019622924550175665, 0.019342942099571228, 0.01909745620548725, 0.01888044776558876, 0.018666353937983514, 0.018470543286800385, 0.018290311704874038, 0.01812906028985977, 0.017963862632513046, 0.017807501339316367, 0.017664154072999955, 0.017530653427243234, 0.01741061997294426, 0.017285263221263884]}