{"val_loss": [0.03476016857624054, 0.02921139640212059, 0.02557196488380432, 0.023707969489693642, 0.02270918398797512, 0.022106472992897034, 0.02187922369539738, 0.02160757901072502, 0.021375988459587096, 0.021206640088558198, 0.021073808914422988, 0.020985111492872237, 0.020959441936016083, 0.020835805347561836, 0.020798695838451387, 0.02075564093887806, 0.020683210000395774, 0.02065287767648697, 0.0206267201513052, 0.0206270083039999, 0.020608527624607086, 0.020602018851041792, 0.020599785894155502, 0.02058243806362152, 0.020589435306191443], "val_class_loss": [0.0, 0.0, 0.0, 0.0, 0.0, 0.0, 0.0, 0.0, 0.0, 0.0, 0.0, 0.0, 0.0, 0.0, 0.0, 0.0, 0.0, 0.0, 0.0, 0.0, 0.0, 0.0, 0.0, 0.0, 0.0], "val_reconstruction_loss": [0.03476016857624054, 0.02921139640212059, 0.02557196488380432, 0.023707969489693642, 0.02270918398797512, 0.022106472992897034, 0.02187922369539738, 0.02160757901072502, 0.021375988459587096, 0.021206640088558198, 0.021073808914422988, 0.020985111492872237, 0.020959441936016083, 0.020835805347561836, 0.020798695838451387, 0.02075564093887806, 0.020683210000395774, 0.02065287767648697, 0.0206267201513052, 0.0206270083039999, 0.020608527624607086, 0.020602018851041792, 0.020599785894155502, 0.02058243806362152, 0.020589435306191443], "val_class_acc": [0.078, 0.0903, 0.0926, 0.0962, 0.1005, 0.0989, 0.0985, 0.0989, 0.1017, 0.1003, 0.1051, 0.104, 0.1042, 0.1028, 0.1006, 0.101, 0.1083, 0.1052, 0.1056, 0.1044, 0.107, 0.1051, 0.1034, 0.1051, 0.1073], "val_reconstruction_mean_squared_error": [0.03476016857624054, 0.02921139640212059, 0.02557196488380432, 0.023707969489693642, 0.02270918398797512, 0.022106472992897034, 0.02187922369539738, 0.02160757901072502, 0.021375988459587096, 0.021206640088558198, 0.021073808914422988, 0.020985111492872237, 0.020959441936016083, 0.020835805347561836, 0.020798695838451387, 0.02075564093887806, 0.020683210000395774, 0.02065287767648697, 0.0206267201513052, 0.0206270083039999, 0.020608527624607086, 0.020602018851041792, 0.020599785894155502, 0.02058243806362152, 0.020589435306191443], "loss": [0.04486284842848778, 0.03265011799931526, 0.0277095109975338, 0.024809143013358115, 0.023161005283594133, 0.0221780812895298, 0.02150509137392044, 0.020993944991230966, 0.020573911080360413, 0.02021574422955513, 0.019907373554110527, 0.01961774181306362, 0.019347884246706963, 0.01910476193547249, 0.018883284375667574, 0.01868223787844181, 0.018479995849132538, 0.018310324070453642, 0.018135924065709113, 0.017977383766174318, 0.017826186258792877, 0.01767974028646946, 0.01756199732720852, 0.0174357998418808, 0.017310145893394947], "class_loss": [0.0, 0.0, 0.0, 0.0, 0.0, 0.0, 0.0, 0.0, 0.0, 0.0, 0.0, 0.0, 0.0, 0.0, 0.0, 0.0, 0.0, 0.0, 0.0, 0.0, 0.0, 0.0, 0.0, 0.0, 0.0], "reconstruction_loss": [0.04486284842848778, 0.03265011799931526, 0.0277095109975338, 0.024809143013358115, 0.023161005283594133, 0.0221780812895298, 0.02150509137392044, 0.020993944991230966, 0.020573911080360413, 0.02021574422955513, 0.019907373554110527, 0.01961774181306362, 0.019347884246706963, 0.01910476193547249, 0.018883284375667574, 0.01868223787844181, 0.018479995849132538, 0.018310324070453642, 0.018135924065709113, 0.017977383766174318, 0.017826186258792877, 0.01767974028646946, 0.01756199732720852, 0.0174357998418808, 0.017310145893394947], "class_acc": [0.00432, 0.00304, 0.00586, 0.01326, 0.01968, 0.02922, 0.03246, 0.0477, 0.04296, 0.04126, 0.04578, 0.0555, 0.05896, 0.05112, 0.0592, 0.06332, 0.06308, 0.06638, 0.06938, 0.07014, 0.07066, 0.07092, 0.07046, 0.07204, 0.07404], "reconstruction_mean_squared_error": [0.04486284842848778, 0.03265011799931526, 0.0277095109975338, 0.024809143013358115, 0.023161005283594133, 0.0221780812895298, 0.02150509137392044, 0.020993944991230966, 0.020573911080360413, 0.02021574422955513, 0.019907373554110527, 0.01961774181306362, 0.019347884246706963, 0.01910476193547249, 0.018883284375667574, 0.01868223787844181, 0.018479995849132538, 0.018310324070453642, 0.018135924065709113, 0.017977383766174318, 0.017826186258792877, 0.01767974028646946, 0.01756199732720852, 0.0174357998418808, 0.017310145893394947]}