{"val_loss": [0.02263882971405983, 0.021780453599989414, 0.021274712960422038, 0.020938303564488888, 0.020730586148798465, 0.020523809340596198, 0.020399627724289895, 0.02021077693849802, 0.020088789938390254, 0.019979384626448153, 0.019818140818178655, 0.01970816257596016, 0.019652183298766612, 0.01950756179243326, 0.019459550507366658, 0.019406313812732695, 0.019257499735057353, 0.01918939929306507, 0.01914261244237423, 0.019085739240050317, 0.01899562695622444, 0.01897939555644989, 0.018929083669185637, 0.018880237545073033, 0.018885630477964876, 0.01879774883836508, 0.018774858243763445, 0.018789610385894776, 0.018703726814687252, 0.01871466951519251, 0.018690485875308513, 0.018693617333471774, 0.01866011661440134, 0.018603865629434585, 0.018575625948607923, 0.018589083211123944, 0.018561195999383925, 0.01855318873077631, 0.018570320184528828, 0.018552710627019405, 0.01856239864528179, 0.018484945778548718, 0.01850959547162056, 0.01848990159034729, 0.01852968444377184, 0.018506850723922254, 0.018470706720650196, 0.01854993161261082, 0.01853750989884138, 0.018496346150338648, 0.018526318602263926, 0.01854102204591036, 0.01859975925683975, 0.018596751527488232, 0.018631722052395345, 0.018640658722817897, 0.018611789637804032, 0.01864053866863251, 0.018681435607373714, 0.018712161105871202, 0.01873998576402664, 0.018756589078903197, 0.018756667971611022, 0.018798051135241984, 0.018797649827599527, 0.01882500085532665, 0.01894773998707533, 0.018843348363041877, 0.01889269582927227, 0.018986242611706255, 0.01904725192338228, 0.0190390317723155, 0.01902470062971115, 0.01907444973140955, 0.01909833137989044, 0.019189960604906083, 0.01912818684130907, 0.019175668565928936, 0.019224884124100207, 0.019233474758267404], "val_class_loss": [1.836586131477356, 1.7488139379501342, 1.697745685863495, 1.6621663570404053, 1.6411347975730897, 1.6198323447227478, 1.6064773829460144, 1.5870108294487, 1.5741895421028138, 1.5632694662094115, 1.5471339221954346, 1.5350577714920044, 1.5285815647125245, 1.5141518125534057, 1.5093358118057252, 1.5020942440986633, 1.4879504442214966, 1.48174764251709, 1.4767155495643616, 1.4685458338737487, 1.4622772435188294, 1.4603173422813416, 1.4550646865844727, 1.4498971548080444, 1.4507582020759582, 1.4414084716796876, 1.439762112426758, 1.441199285697937, 1.4321817927360534, 1.43289957818985, 1.4306498438835145, 1.4301124446868896, 1.427347831439972, 1.421177370262146, 1.418113546180725, 1.4202802411079407, 1.417047168636322, 1.416685943031311, 1.417495855998993, 1.4158665895462037, 1.4156909041404724, 1.4087783599853516, 1.4119953105926513, 1.4095584077835084, 1.4122996910095216, 1.4108389238357544, 1.4067050246238708, 1.414761049079895, 1.4132975127220153, 1.4088041124343873, 1.4124873476028443, 1.4144950413703918, 1.417936444759369, 1.4194355341911316, 1.4214480682373047, 1.4235331349372864, 1.420304630947113, 1.4238854075431824, 1.4276397592544556, 1.4306086899757384, 1.4332275924682618, 1.435030253314972, 1.4347537828445434, 1.4384986206054688, 1.4385044779777527, 1.441143862247467, 1.4525409902572632, 1.4433978108406067, 1.4480038880348205, 1.4565221000671387, 1.4620572897911073, 1.4607964865684508, 1.4603824073791505, 1.464437256717682, 1.4675130122184754, 1.4752120121955872, 1.4704584409713746, 1.4737164657592774, 1.47974292678833, 1.479939693260193], "val_reconstruction_loss": [0.004272968799248338, 0.004292314614728093, 0.004297256507351995, 0.004316640407592058, 0.00431923857331276, 0.00432548625767231, 0.004334854251518846, 0.004340669022500515, 0.004346894910559058, 0.0043466902859508995, 0.004346801897510886, 0.004357585255801677, 0.0043663680151104925, 0.0043660439535975456, 0.004366192693263292, 0.0043853716772049665, 0.004377995619550348, 0.004371923204883933, 0.004375457280874252, 0.004400281224399805, 0.004372854804992676, 0.004376222478598356, 0.004378437146916985, 0.004381266317516565, 0.004378048755973578, 0.00438366441950202, 0.004377237408980727, 0.004377617826685309, 0.004381909216567874, 0.004385674048215151, 0.004383987727388739, 0.004392493192479014, 0.0043866385985165835, 0.004392092206701636, 0.0043944908656179905, 0.00438628114387393, 0.004390724631026387, 0.004386329588666559, 0.0043953619569540026, 0.004394045053049922, 0.00440548990778625, 0.004397162513807416, 0.00438964268527925, 0.004394317808374762, 0.004406687841936946, 0.004398461819067598, 0.004403656746447086, 0.0044023214358836415, 0.004404535065218806, 0.004408305313438177, 0.0044014454331249, 0.004396071939915419, 0.0044203951481729745, 0.004402396534010768, 0.004417241685837507, 0.00440532771423459, 0.004408743623271584, 0.0044016849633306265, 0.004405038319528103, 0.004406074528023601, 0.004407710126414895, 0.004406286814436317, 0.004409130481630563, 0.004413065199553966, 0.004412605382502079, 0.00441356255710125, 0.004422330434992909, 0.0044093705784529445, 0.0044126572195440535, 0.00442102191708982, 0.004426679363101721, 0.004431067191064357, 0.004420876885205508, 0.004430077465996146, 0.004423201600089669, 0.004437840857729316, 0.00442360274977982, 0.0044385042108595375, 0.004427455199509859, 0.004434078184887767], "val_class_acc": [0.3533, 0.3872, 0.4044, 0.4164, 0.4198, 0.4315, 0.431, 0.4404, 0.4439, 0.4495, 0.4496, 0.458, 0.4597, 0.4648, 0.4631, 0.4677, 0.4736, 0.4737, 0.4731, 0.4766, 0.4813, 0.4806, 0.4816, 0.4829, 0.4839, 0.4848, 0.4857, 0.4806, 0.4895, 0.491, 0.4879, 0.4886, 0.4903, 0.4945, 0.4903, 0.4969, 0.4945, 0.4955, 0.4956, 0.4986, 0.4961, 0.5022, 0.5027, 0.5016, 0.4987, 0.5, 0.4999, 0.5016, 0.5002, 0.5014, 0.5018, 0.5004, 0.4987, 0.5015, 0.4982, 0.5011, 0.5008, 0.4953, 0.4972, 0.4978, 0.4964, 0.495, 0.4984, 0.4972, 0.4939, 0.4984, 0.4929, 0.4962, 0.497, 0.4943, 0.494, 0.494, 0.4914, 0.4921, 0.4881, 0.4921, 0.4929, 0.4932, 0.4937, 0.4935], "val_reconstruction_mean_squared_error": [0.0042729687973856924, 0.004292314606159925, 0.004297256517410278, 0.004316640418022871, 0.004319238576292992, 0.004325486262142658, 0.004334854254126549, 0.004340669010579586, 0.004346894900128245, 0.004346690308302641, 0.004346801907941699, 0.00435758526660502, 0.004366368013992906, 0.004366043955087662, 0.004366192683577538, 0.004385371672734618, 0.00437799561098218, 0.004371923216059804, 0.00437545727007091, 0.004400281225517392, 0.004372854810208082, 0.0043762224778532985, 0.004378437151387334, 0.0043812663316726685, 0.0043780487678945065, 0.004383664425835014, 0.0043772374123334885, 0.004377617807686329, 0.00438190921060741, 0.004385674035921693, 0.0043839877363294364, 0.004392493200302124, 0.004386638593301177, 0.004392092201858759, 0.004394490864500404, 0.004386281150206924, 0.004390724638849497, 0.00438632956519723, 0.00439536198489368, 0.0043940450508147474, 0.004405489930137992, 0.004397162510454655, 0.004389642665162683, 0.0043943178102374076, 0.004406687830388546, 0.0043984618309885265, 0.004403656752035022, 0.004402321431785822, 0.004404535067826509, 0.00440830531232059, 0.00440144543685019, 0.004396071956679225, 0.004420395139977336, 0.004402396547421813, 0.004417241679131985, 0.004405327726900578, 0.004408743616566062, 0.004401684980839491, 0.004405038328096271, 0.004406074525415898, 0.004407710136473179, 0.004406286836043, 0.004409130476787686, 0.004413065202906728, 0.004412605373561382, 0.004413562548533082, 0.004422330443933606, 0.004409370571747422, 0.0044126571971923115, 0.0044210219107568265, 0.004426679360494018, 0.0044310671888291835, 0.004420876890048385, 0.004430077472701669, 0.004423201594501734, 0.004437840861082077, 0.004423602742701769, 0.004438504207134247, 0.004427455189824105, 0.004434078178182244],