{"val_loss": [0.025405504795908928, 0.02413327265381813, 0.023514853549003602, 0.023116226749122143, 0.022789097841084002, 0.022552496080100536, 0.022368089897930623, 0.022229839774966238, 0.022109112600982188, 0.021973019513487815, 0.02188351972401142, 0.021816465066373348, 0.021732828997075557, 0.021681016340851785, 0.021632135047018528, 0.021554934184253215, 0.02149057218879461, 0.021460492566227913, 0.021452455012500288, 0.02139063546359539, 0.02134782120138407, 0.021304604460299015, 0.021311570321023463, 0.021295404413342475, 0.021234528854489326, 0.021300225664675237, 0.021213195684552193, 0.02124740635305643, 0.021222107090055942, 0.021176744568347932, 0.021225792625546455, 0.02117321590334177, 0.02117632222622633, 0.021225230745971203, 0.021173406288027764, 0.02121486582159996, 0.021182970082759857, 0.021218616300821305, 0.02120999482125044, 0.021224284946918488, 0.02121103485673666, 0.02120707682967186, 0.021258756463229656, 0.021272151032090188, 0.02121967751085758, 0.021296178978681565, 0.021283195684850216, 0.021336538897454738, 0.021355337215960026, 0.021367714077234267, 0.021369524846971036, 0.02142629594653845, 0.021454118552803995, 0.02148189599364996, 0.021511106787621977, 0.021578788778185844, 0.021543764156103134, 0.021591487979888916, 0.02162700360864401, 0.02166601466536522, 0.021670620934665204, 0.021739626935124396, 0.021741961482167244, 0.021774780052900313, 0.021787226074934007, 0.021878873080015182, 0.021901516346633433, 0.02193312144577503, 0.021960973703861235, 0.02204882835894823, 0.022087082064151765, 0.022075998616218565, 0.022148379619419574, 0.022182250961661338, 0.022221922135353088, 0.022245841255784035, 0.022320434907078742, 0.022365279372036456, 0.022382057838141917, 0.022494749116897583], "val_class_loss": [2.1146305374145506, 1.9863272890090942, 1.9235521408081055, 1.8833500129699707, 1.8480992407798766, 1.8265215965270996, 1.8066382201194764, 1.7919291488647462, 1.779983624649048, 1.767614826965332, 1.7578952374458312, 1.7501960064888, 1.7412297594070434, 1.7356564834594728, 1.7308567377090454, 1.7230184547424316, 1.7148899812698364, 1.7123915756225585, 1.711056873035431, 1.7041818113327027, 1.6994000158309936, 1.6960532811164857, 1.6955902501106261, 1.694045267868042, 1.6878770767211915, 1.68905347366333, 1.6850169694900512, 1.687522114467621, 1.6853589808464051, 1.680735058784485, 1.6841086434364319, 1.6792539922714234, 1.6801947395324708, 1.6842906767845154, 1.679201072216034, 1.6809777801513672, 1.6792543354034424, 1.6824133861541748, 1.6793684522628785, 1.682319965362549, 1.6802879837989808, 1.67993546667099, 1.6842420763015746, 1.6866339702606201, 1.6812694581985475, 1.686987710094452, 1.6864221658706664, 1.6912104719161987, 1.6920548377037048, 1.6934355458259582, 1.6944408451080322, 1.69815845413208, 1.700901836681366, 1.7030068078041076, 1.7061443480491638, 1.7127868865013123, 1.7083929891586305, 1.713255858039856, 1.7157895260810851, 1.7204550504684448, 1.7209242566108705, 1.7268101283073425, 1.728410918521881, 1.7296611519813538, 1.7293936820030213, 1.7409549954414367, 1.742228498649597, 1.74610969247818, 1.7481742980003356, 1.7562983534812928, 1.760048078918457, 1.7579102311134338, 1.7660995825767518, 1.7686121768951415, 1.7720854104042054, 1.77485446062088, 1.7813845485687256, 1.7857984188079834, 1.7866220686912537, 1.7982330278396605], "val_reconstruction_loss": [0.00425919987745583, 0.004270000233501196, 0.004279332595318556, 0.004282727064192295, 0.0043081058822572234, 0.004287280520051718, 0.004301708088815213, 0.004310548702999949, 0.004309276784956456, 0.004296871659159661, 0.00430456770285964, 0.004314505465701222, 0.004320531832426786, 0.0043244518458843235, 0.004323568066954613, 0.004324750040471554, 0.004341672709211707, 0.004336577190458775, 0.00434188669398427, 0.0043488177482038735, 0.0043538214270025495, 0.004344072042033077, 0.004355668199062347, 0.004354952134937048, 0.004355758478865027, 0.004409691275656223, 0.004363026432320475, 0.004372185654565692, 0.004368517636880278, 0.0043693943116813894, 0.004384706573933363, 0.004380676333233714, 0.00437437524870038, 0.004382324346899986, 0.004381395993009209, 0.00440508839674294, 0.004390427079051733, 0.004394482821971178, 0.004416310670226812, 0.004401085620373488, 0.0044081553690135476, 0.004407722543552518, 0.004416336062178016, 0.004405811751261353, 0.004406983257457614, 0.004426302292197943, 0.004418974402174354, 0.0044244345258921385, 0.004434789161011577, 0.0044333589978516105, 0.0044251167967915535, 0.004444711799919605, 0.0044451005794107915, 0.004451828310638666, 0.004449663718789816, 0.004450920311361552, 0.004459834662079811, 0.004458929757401347, 0.004469108733534813, 0.004461464553326368, 0.004461378749087453, 0.004471526023000479, 0.004457852678373456, 0.0044781689547002314, 0.0044932896427810195, 0.004469323521479964, 0.004479231745377183, 0.004472024896740913, 0.0044792311090976, 0.004485845205560326, 0.004486601679027081, 0.004496896707639099, 0.004487384213507175, 0.004496129597723484, 0.004501068465411663, 0.004497297045961022, 0.004506589846313, 0.0045072956141084435, 0.004515837606042623, 0.004512419294193387], "val_class_acc": [0.2607, 0.305, 0.3226, 0.3399, 0.3509, 0.3585, 0.3666, 0.3728, 0.3775, 0.3795, 0.3843, 0.388, 0.3896, 0.3926, 0.3941, 0.3977, 0.4012, 0.399, 0.3996, 0.4017, 0.4047, 0.4072, 0.409, 0.4048, 0.4077, 0.4102, 0.4098, 0.408, 0.409, 0.4125, 0.4086, 0.4137, 0.4121, 0.4114, 0.4127, 0.4149, 0.4155, 0.4119, 0.4156, 0.415, 0.4174, 0.4186, 0.4171, 0.4159, 0.418, 0.4178, 0.4179, 0.4168, 0.416, 0.4186, 0.4153, 0.414, 0.4145, 0.4165, 0.4149, 0.4129, 0.4156, 0.4147, 0.4136, 0.4124, 0.4124, 0.4114, 0.4136, 0.4136, 0.413, 0.4107, 0.4128, 0.4093, 0.4128, 0.411, 0.4092, 0.4097, 0.4088, 0.4103, 0.407, 0.4092, 0.4091, 0.4076, 0.4101, 0.4078], "val_reconstruction_mean_squared_error": [0.004259199898317456, 0.004270000222325325, 0.0042793325945734975, 0.004282727069407702, 0.004308105877786875, 0.004287280519679189, 0.004301708082854748, 0.004310548694431782, 0.004309276774898172, 0.00429687167443335, 0.004304567700251937, 0.004314505454152823, 0.00432053183875978, 0.004324451849237084, 0.0043235680803656576, 0.004324750037118793, 0.004341672722622752, 0.004336577185243368, 0.004341886693239212, 0.004348817758634687, 0.004353821429237723, 0.004344072021543979, 0.0043556682117283346, 0.004354952152073383, 0.004355758510529995, 0.004409691270813346, 0.004363026443123817, 0.0043721856523305175, 0.00436851762868464, 0.004369394311308861, 0.004384706572815776, 0.004380676326900721, 0.004374375241994858, 0.004382324343919754, 0.004381395994126797, 0.004405088392645121, 0.004390427069365978, 0.004394482814893127, 0.004416310680285096, 0.004401085629314184, 0.0044081553615629675, 0.004407722555100918, 0.004416336070746183, 0.004405811750516296, 0.004406983260810376, 0.004426302300766111, 0.0044189743783324955, 0.004424434538558126, 0.004434789168462157, 0.004433358974009752, 0.004425116800144315, 0.004444711796566844, 0.004445100592821836, 0.00445182829760015, 0.004449663704633713, 0.004450920297577978, 0.0044598346747457985, 0.004458929767459631, 0.0044691087439656255, 0.004461464552581311, 0.004461378763243556, 0.004471526005119086, 0.004457852694019675, 0.004478168963640929, 0.0044932896252721545, 0.004469323538988828, 0.004479231733083725, 0.004472024885937571, 0.004479231108725071, 0.004485845210030675, 0.004486601677164435, 0.004496896711736918, 0.004487384207546711, 0.00449612960331142, 0.0045010684873908755, 0.00449729705452919, 0.004506589853018522, 0.004507295631244778, 0.004515837607905269, 0.004512419284880161],