{"val_loss": [0.0302531239181757, 0.028674188405275344, 0.02788046022951603, 0.027314915177226066, 0.0268755816668272, 0.026566999474167824, 0.026296143791079522, 0.02604325773715973, 0.025819880789518357, 0.02568533697426319, 0.02556983385682106, 0.02545036980211735, 0.025369152319431303, 0.025269732171297073, 0.02518382761478424, 0.0251258752822876, 0.025095013332366942, 0.025032942634820938, 0.025020013946294786, 0.024942475739121436, 0.024894903203845024, 0.024869047462940216, 0.024873717668652536, 0.024860321047902107, 0.024821675184369087, 0.024801330640912056, 0.024771996784210205, 0.02478443281650543, 0.024787715286016466, 0.024768118646740913, 0.02477507771253586, 0.024764841932058336, 0.02477237603664398, 0.0247822395503521, 0.02479583896100521, 0.02477583617269993, 0.024812301228940487, 0.024798965886235237, 0.024812675322592258, 0.024828568720817568, 0.02483642971366644, 0.02485281091183424, 0.024843173083662986, 0.024838430148363115, 0.02486201505959034, 0.024880695228278637, 0.024905556082725523, 0.024915403200685977, 0.02498571950495243, 0.02499109403192997, 0.024982380662858485, 0.024990278659760952, 0.024994006840884684, 0.025029670223593713, 0.025069819848239423, 0.025060407349467278, 0.02511701577603817, 0.02511153692752123, 0.025139761058986188, 0.025160576678812503, 0.02521441183835268, 0.025215380795300005, 0.025235225728154183, 0.02524681943356991, 0.025277070647478105, 0.025276472875475884, 0.02530873806476593, 0.025339435537159442, 0.025364470893144607, 0.025364004299044608, 0.025419149462878703, 0.025426668670773506, 0.02544611754566431, 0.0254699617639184, 0.02550447115600109, 0.025497059248387813, 0.025530840335786342, 0.02556114606708288, 0.025591982024908064, 0.025633302903175354], "val_class_loss": [2.597533160972595, 2.4404043550491332, 2.3610697471618654, 2.304193921279907, 2.2604947090148926, 2.2289429456710814, 2.20127360496521, 2.1755714698791504, 2.152998550415039, 2.1396359605789184, 2.1276328504562376, 2.1153153846740724, 2.1067851764678953, 2.095111688423157, 2.0870691513061526, 2.080866820716858, 2.0779416925430296, 2.0714231533050538, 2.0693616178512575, 2.0616602745056154, 2.0561023969650267, 2.0539119541168214, 2.0534441101074217, 2.0521510135650636, 2.0476042505264282, 2.045313965034485, 2.042562077140808, 2.042634261894226, 2.043398821258545, 2.041465027809143, 2.0414231508255005, 2.0400988897323606, 2.04058022441864, 2.0415096740722656, 2.0423957084655764, 2.039675258255005, 2.0436422161102294, 2.0416317335128786, 2.0427965953826903, 2.043505635070801, 2.0443057640075684, 2.0451372638702394, 2.044004076004028, 2.043360450553894, 2.0457816585540773, 2.047397188568115, 2.0498605850219724, 2.0502872234344482, 2.056838008308411, 2.0574484621047975, 2.0564801593780517, 2.057069899559021, 2.0568270793914794, 2.0606571535110474, 2.0646296033859253, 2.063060383987427, 2.068475365447998, 2.066810027885437, 2.0696854093551638, 2.0714509353637696, 2.077359737968445, 2.0774631534576415, 2.0790757959365846, 2.0801334926605226, 2.082230645942688, 2.082334765434265, 2.084904920387268, 2.0881599168777467, 2.090021347618103, 2.0903828372955324, 2.0953047483444216, 2.096352471923828, 2.0977335039138794, 2.099827737236023, 2.103758408355713, 2.102216662788391, 2.105576693725586, 2.1082648790359495, 2.110913165092468, 2.115393016624451], "val_reconstruction_loss": [0.004277792863920331, 0.004270145358145237, 0.0042697633258998394, 0.0042729764863848685, 0.004270635094121098, 0.0042775705341249705, 0.004283408212289214, 0.00428754352927208, 0.004289895747229457, 0.004288977862894535, 0.00429350581690669, 0.004297216437384486, 0.004301301029324532, 0.004318615759536624, 0.0043131365731358525, 0.004317207536846399, 0.004315596810728311, 0.0043187115207314495, 0.004326398239657283, 0.0043258735090494155, 0.004333879639580845, 0.0043299284294247625, 0.004339277075231076, 0.004338811363279819, 0.004345633152127266, 0.004348191449046135, 0.004346376554295421, 0.00435809066593647, 0.00435372747220099, 0.00435346878580749, 0.004360846626386046, 0.00436385355591774, 0.0043665743101388215, 0.004367143268883229, 0.004371882338821888, 0.0043790840916335585, 0.004375879541784525, 0.0043826489474624395, 0.004384709759429097, 0.004393512812256813, 0.0043933725744485855, 0.004401438648626208, 0.004403132738173008, 0.004404826036095619, 0.0044041990157216784, 0.004406723798066377, 0.0044069506909698245, 0.004412531461566687, 0.004417339895665646, 0.004416609916090965, 0.004417579517140984, 0.0044195801485329865, 0.004425736455619335, 0.004423099169880151, 0.004423524260148406, 0.004429803908616304, 0.004432262487336993, 0.004443437118083238, 0.004442907357215881, 0.0044460678234696386, 0.004440814952552319, 0.004440749801322818, 0.0044444682758301495, 0.004445484962686896, 0.00445476463586092, 0.004453125678375363, 0.004459689292684197, 0.00445783680640161, 0.004464257942885161, 0.004460176337882877, 0.004466102413088083, 0.0044631444420665505, 0.004468783055245876, 0.004471684832870961, 0.004466887496784329, 0.004474893111735582, 0.004475073778629303, 0.004478497752174735, 0.004482850842177868, 0.0044793732196092605], "val_class_acc": [0.1448, 0.1743, 0.1955, 0.2085, 0.2216, 0.2311, 0.2424, 0.2502, 0.2558, 0.2607, 0.2657, 0.2735, 0.2751, 0.2774, 0.2835, 0.2844, 0.2857, 0.288, 0.2882, 0.2912, 0.2936, 0.2953, 0.298, 0.2981, 0.3007, 0.3015, 0.3015, 0.3019, 0.3026, 0.3048, 0.3069, 0.3053, 0.3079, 0.3087, 0.3103, 0.3096, 0.3097, 0.3114, 0.3105, 0.3108, 0.3114, 0.314, 0.3121, 0.3124, 0.3124, 0.3126, 0.3123, 0.3146, 0.3144, 0.3147, 0.3144, 0.3147, 0.3143, 0.3139, 0.3168, 0.3179, 0.3168, 0.3149, 0.3154, 0.3155, 0.3155, 0.3178, 0.3173, 0.318, 0.3185, 0.3179, 0.3181, 0.3181, 0.3185, 0.3184, 0.3203, 0.3193, 0.3191, 0.3215, 0.319, 0.3195, 0.3206, 0.3195, 0.3195, 0.3194], "val_reconstruction_mean_squared_error": [0.004277792865037918, 0.004270145359262824, 0.004269763315469027, 0.004272976511344314, 0.004270635095611214, 0.004277570519223809, 0.004283408205211163, 0.004287543518468738, 0.004289895739033818, 0.004288977859914303, 0.004293505818024278, 0.004297216430678963, 0.004301301028952003, 0.0043186157710850236, 0.004313136573880911, 0.004317207543179393, 0.0043155968058854344, 0.004318711526691913, 0.004326398243010044, 0.00432587352283299, 0.004333879631385207, 0.0043299284283071756, 0.0043392770614475015, 0.004338811368867755, 0.004345633154734969, 0.004348191440477967, 0.004346376552805305, 0.004358090667054057, 0.004353727450221777, 0.00435346880890429, 0.0043608466256409885, 0.004363853564113378, 0.004366574328020215, 0.00436714324913919, 0.004371882326155901, 0.004379084097966552, 0.004375879545137286, 0.004382648951932788, 0.0043847097519785164, 0.004393512810766697, 0.004393372585251927, 0.004401438624784351, 0.004403132733330131, 0.00440482605472207, 0.004404199016839266, 0.0044067238096147775, 0.004406950681656599, 0.004412531477957964, 0.004417339895665646, 0.00441660991422832, 0.0044175795152783396, 0.004419580153003335, 0.004425736450776457, 0.00442309918962419, 0.00442352426238358, 0.004429803901538252, 0.004432262483984232, 0.004443437114357948, 0.004442907352745533, 0.00444606782309711, 0.004440814958885312, 0.00444074979275465, 0.004444468272477389, 0.004445484961569309, 0.004454764635115862, 0.004453125659003854, 0.004459689303860068, 0.004457836804911494, 0.004464257942140102, 0.004460176325961947, 0.004466102432087064, 0.00446314443424344, 0.004468783044442534, 0.004471684840321541, 0.004466887488216162, 0.004474893127381802, 0.004475073761120439, 0.004478497757390142, 0.004482850831001997, 0.004479373202472926],