{"val_loss": [2.069099094581604, 2.0400711236953737, 2.0316962915420533, 2.0375322561264038, 2.0704673612594604, 2.0908319576263428, 2.1334002059936523, 2.161515889549255, 2.1870637548446656, 2.2466407072067263, 2.2601942844390868, 2.309460527229309, 2.3433932077407835, 2.382083432197571, 2.417511588668823, 2.462661815261841, 2.501407465171814, 2.5467599313735962, 2.5997501401901246, 2.6509162759780884, 2.698803871536255, 2.755267476463318, 2.8196271528244017, 2.879894546699524, 2.9371989124298095, 2.9996921337127684, 3.054665775871277, 3.1246518880844114, 3.1978555601119996, 3.263299345779419, 3.325762111091614, 3.395927770423889, 3.4708011741638183, 3.554926998138428, 3.609597808837891, 3.6802954496383666, 3.7470059440612795, 3.827216208648682, 3.904909803199768, 3.977654626464844], "val_acc": [0.2559, 0.261, 0.2777, 0.2775, 0.274, 0.2725, 0.2672, 0.2692, 0.2704, 0.2643, 0.268, 0.2631, 0.2608, 0.2636, 0.2616, 0.2606, 0.2602, 0.258, 0.2592, 0.2561, 0.2612, 0.2626, 0.2611, 0.2586, 0.2607, 0.2577, 0.2617, 0.2595, 0.2618, 0.2605, 0.2615, 0.2603, 0.261, 0.2572, 0.2642, 0.2616, 0.2602, 0.264, 0.2641, 0.2628], "loss": [2.168481027984619, 1.8352770442962647, 1.632643025970459, 1.477083329963684, 1.3409202271461487, 1.2226137629508973, 1.1116038158416748, 1.0059815629005433, 0.9072155090332031, 0.8134210253238678, 0.721081844329834, 0.6348972053527832, 0.5544037618160248, 0.4783480256319046, 0.41006431913375857, 0.3459556655168533, 0.29196555142402647, 0.2420763551712036, 0.19883276038169861, 0.16280324536561966, 0.1317932982325554, 0.1062201805651188, 0.08541899777650833, 0.06828427559137344, 0.05394517194032669, 0.04285841839015484, 0.033880680438876154, 0.026808703675866127, 0.021051553720235823, 0.016501273307204245, 0.012909082739800215, 0.010178507407009601, 0.007923139924556018, 0.0061879053492099045, 0.004827328436821699, 0.003747838811390102, 0.0029164924127981066, 0.002263341980241239, 0.0017481078758835793, 0.0013538072851486504], "acc": [0.2027, 0.3824, 0.4751, 0.5446, 0.599, 0.6552, 0.705, 0.7502, 0.7942, 0.8301, 0.8687, 0.9004, 0.9238, 0.9473, 0.9658, 0.9757, 0.9852, 0.9909, 0.9952, 0.9965, 0.9977, 0.9985, 0.9991, 0.9996, 0.9999, 1.0, 1.0, 1.0, 1.0, 1.0, 1.0, 1.0, 1.0, 1.0, 1.0, 1.0, 1.0, 1.0, 1.0, 1.0]}