{"val_loss": [1.994690968132019, 1.9467843063354493, 1.9485288314819336, 1.9526664085388183, 1.9763628429412843, 1.9855783546447754, 2.014299118232727, 2.037516164970398, 2.068543178367615, 2.0984810762405397, 2.127139553260803, 2.168254100036621, 2.195549369621277, 2.235961936759949, 2.28010223903656, 2.327814758872986, 2.3603387451171876, 2.4059176191329956, 2.4586208709716795, 2.5139593957901, 2.5462690452575685, 2.602717212867737, 2.6695332721710203, 2.7060846523284914, 2.7728744621276857, 2.8321699419021606, 2.8909480682373045, 2.942774414634705, 3.0159673830032347, 3.054091767501831, 3.1106543128967283, 3.1799303527832032, 3.2336869150161744, 3.2784447116851805, 3.3483863998413086, 3.391844709968567, 3.448437288093567, 3.479461170387268, 3.5254044382095335, 3.5752698429107665, 3.6220968397140503, 3.654159926223755, 3.674169493675232, 3.7217571210861204, 3.751160633468628, 3.775115740966797, 3.8063408815383912, 3.852759164428711, 3.8797777893066407, 3.9218557764053346, 3.9398018827438355, 3.989018444633484, 4.014236225509643, 4.035205125808716, 4.083482028198242, 4.11009483127594, 4.16021436328888, 4.185732406997681, 4.212172444725037, 4.25086785736084, 4.259720845413208, 4.300873316192627, 4.330903880691529, 4.378471574020386, 4.375663951301575, 4.428887978172302, 4.4507030607223514, 4.486712650489807, 4.488482220458985, 4.52812226524353, 4.541536139297485, 4.572165228652954, 4.5913474685668945, 4.616503693771362, 4.640074722099304, 4.665444163131714, 4.692693591880798, 4.69453184928894, 4.696652393722534, 4.7280004655838015], "val_class_loss": [1.9732639917373658, 1.9254599452972412, 1.9272337350845337, 1.9313435680389404, 1.9551387041091919, 1.9642814931869508, 1.993106219291687, 2.016320372200012, 2.0473070251464844, 2.0772390840530397, 2.105850980758667, 2.146941905593872, 2.1742059352874756, 2.214562804031372, 2.2586599533081055, 2.3063311206817625, 2.3388283449172973, 2.384364099884033, 2.4369863430023195, 2.4923259744644164, 2.524614753341675, 2.5810208726882933, 2.6478139457702636, 2.6843462789535524, 2.7510904762268065, 2.8103755952835083, 2.869118595123291, 2.9209306509017945, 2.994125053024292, 3.032243715286255, 3.0887759981155396, 3.158030265426636, 3.211782689666748, 3.256541357421875, 3.3264239879608155, 3.3699114055633546, 3.4265056703567507, 3.4574524560928346, 3.503419215774536, 3.5532312116622924, 3.6000598901748657, 3.632141388130188, 3.652149871826172, 3.699692314529419, 3.728922346687317, 3.7529837863922118, 3.7841772020339968, 3.8306287803649903, 3.8575871967315676, 3.899495255470276, 3.9174435497283935, 3.9667639322280883, 3.9919745265960693, 4.0127846048355105, 4.061124623107911, 4.087742163848877, 4.137730002021789, 4.16314310131073, 4.189738752365113, 4.2283361604690555, 4.237252886390686, 4.278317953681946, 4.308314142608642, 4.355808750152588, 4.35304032421112, 4.406260942840576, 4.428040334510803, 4.463958152580261, 4.465771043014526, 4.505374301338196, 4.51876158618927, 4.549339578437805, 4.56852364654541, 4.593685738182068, 4.617129257011413, 4.6424494525909425, 4.6697110786437985, 4.671550245857238, 4.673641910934448, 4.704942538261413], "val_reconstruction_loss": [0.02142697752714157, 0.02132436187416315, 0.021295094794034956, 0.021322840520739555, 0.021224138423800467, 0.02129686035811901, 0.021192899918556215, 0.021195789717137814, 0.02123615489900112, 0.02124199144691229, 0.021288576167821885, 0.021312198078632355, 0.021343431982398034, 0.02139913906753063, 0.02144228424727917, 0.021483640104532242, 0.021510398748517037, 0.021553520745038985, 0.021634527176618575, 0.021633418759703635, 0.021654290249943732, 0.021696339011192323, 0.02171932846903801, 0.02173837090432644, 0.02178398275375366, 0.021794343769550324, 0.02182947534918785, 0.02184376919567585, 0.021842330223321913, 0.021848054704070093, 0.021878312161564828, 0.02190008891224861, 0.021904228049516677, 0.021903354385495184, 0.02196240981519222, 0.02193329962193966, 0.02193161808550358, 0.022008716332912445, 0.021985221326351164, 0.02203863034546375, 0.022036952260136605, 0.0220185333609581, 0.022019630286097526, 0.02206480887532234, 0.02223829179108143, 0.022131948640942572, 0.02216367696225643, 0.02213037531375885, 0.02219059135913849, 0.022360523688793182, 0.022358334335684776, 0.022254502347111703, 0.022261700734496116, 0.022420518672466277, 0.022357406944036484, 0.022352675902843476, 0.022484368792176246, 0.02258930223286152, 0.022433691066503524, 0.022531702902913092, 0.022467960423231126, 0.02255536550283432, 0.022589735773205756, 0.022662830409407617, 0.02262362674176693, 0.022627030724287032, 0.022662729468941687, 0.0227544994533062, 0.022711179640889166, 0.022747952368855476, 0.022774551942944525, 0.022825643897056578, 0.022823829302191734, 0.02281795732975006, 0.022945469591021537, 0.022994713646173476, 0.022982505536079407, 0.022981594952940942, 0.02301049001812935, 0.023057931208610535], "val_class_acc": [0.2986, 0.3102, 0.3064, 0.3009, 0.3003, 0.3018, 0.3004, 0.3002, 0.2988, 0.2916, 0.2937, 0.2937, 0.2907, 0.2902, 0.2915, 0.2865, 0.2888, 0.2886, 0.2888, 0.2869, 0.2863, 0.2858, 0.29, 0.2846, 0.2855, 0.2885, 0.2875, 0.2863, 0.286, 0.2864, 0.2854, 0.2899, 0.2861, 0.2869, 0.2867, 0.2852, 0.2875, 0.2874, 0.2873, 0.2881, 0.2884, 0.2881, 0.29, 0.2875, 0.2865, 0.2902, 0.2906, 0.2893, 0.2913, 0.2898, 0.2923, 0.2886, 0.2897, 0.2922, 0.2905, 0.2926, 0.2923, 0.2907, 0.2908, 0.2915, 0.2915, 0.2915, 0.2928, 0.2922, 0.2922, 0.2921, 0.293, 0.2929, 0.294, 0.292, 0.291, 0.2922, 0.2917, 0.2922, 0.2896, 0.2932, 0.291, 0.2925, 0.2931, 0.2921], "val_reconstruction_mean_squared_error": [0.02142697752714157, 0.02132436187416315, 0.021295094794034956, 0.021322840520739555, 0.021224138423800467, 0.02129686035811901, 0.021192899918556215, 0.021195789717137814, 0.02123615489900112, 0.02124199144691229, 0.021288576167821885, 0.021312198078632355, 0.021343431982398034, 0.02139913906753063, 0.02144228424727917, 0.021483640104532242, 0.021510398748517037, 0.021553520745038985, 0.021634527176618575, 0.021633418759703635, 0.021654290249943732, 0.021696339011192323, 0.02171932846903801, 0.02173837090432644, 0.02178398275375366, 0.021794343769550324, 0.02182947534918785, 0.02184376919567585, 0.021842330223321913, 0.021848054704070093, 0.021878312161564828, 0.02190008891224861, 0.021904228049516677, 0.021903354385495184, 0.02196240981519222, 0.02193329962193966, 0.02193161808550358, 0.022008716332912445, 0.021985221326351164, 0.02203863034546375, 0.022036952260136605, 0.0220185333609581, 0.022019630286097526, 0.02206480887532234, 0.02223829179108143, 0.022131948640942572, 0.02216367696225643, 0.02213037531375885, 0.02219059135913849, 0.022360523688793182, 0.022358334335684776, 0.022254502347111703, 0.022261700734496116, 0.022420518672466277, 0.022357406944036484, 0.022352675902843476, 0.022484368792176246, 0.02258930223286152, 0.022433691066503524, 0.022531702902913092, 0.022467960423231126, 0.02255536550283432, 0.022589735773205756, 0.022662830409407617, 0.02262362674176693, 0.022627030724287032, 0.022662729468941687, 0.0227544994533062, 0.022711179640889166, 0.022747952368855476, 0.022774551942944525, 0.022825643897056578, 0.022823829302191734, 0.02281795732975006, 0.022945469591021537, 0.022994713646173476, 0.022982505536079407, 0.022981594952940942, 0.02301049001812935, 0.023057931208610535],