{"val_loss": [2.283662736129761, 2.239081699371338, 2.210226359939575, 2.187533660697937, 2.1862439363479615, 2.1690154344558716, 2.1705444944381713, 2.1911637369155885, 2.186547597312927, 2.2023138639450073, 2.212023621749878, 2.225563208770752, 2.2460899110794066, 2.2582452991485598, 2.283240675354004, 2.2932968976974486, 2.313200654411316, 2.3318655908584596, 2.354831188392639, 2.37682466545105, 2.390740708732605, 2.4069006296157838, 2.4237251066207888, 2.451750429534912, 2.4597267526626587, 2.489053668785095, 2.4997282970428465, 2.520091250038147, 2.5343187494277952, 2.5492700342178343, 2.5640513860702514, 2.587340468215942, 2.6032140533447268, 2.617501366043091, 2.63815036277771, 2.651809559059143, 2.6643130741119383, 2.6850939245223997, 2.700209042930603, 2.7141456798553465], "val_acc": [0.1379, 0.16, 0.1891, 0.1949, 0.1879, 0.2047, 0.2065, 0.2055, 0.2068, 0.204, 0.2053, 0.2032, 0.2038, 0.2038, 0.2024, 0.2008, 0.2044, 0.2041, 0.2025, 0.2028, 0.2024, 0.2021, 0.2017, 0.1987, 0.2025, 0.2006, 0.2018, 0.2016, 0.2, 0.2006, 0.2002, 0.2003, 0.2001, 0.1985, 0.1991, 0.1984, 0.1987, 0.1999, 0.198, 0.1986], "loss": [2.327102771759033, 1.998626205444336, 1.7383762636184692, 1.4979547233581543, 1.2905963735580444, 1.1094781131744385, 0.9564148559570312, 0.8216637954711914, 0.711975124835968, 0.6126045541763305, 0.531156042098999, 0.46153892803192137, 0.4013406438827515, 0.3507850887775421, 0.30648750519752505, 0.270502739906311, 0.2387256009578705, 0.21132363152503966, 0.18867419469356536, 0.16759129905700684, 0.1506021271944046, 0.1353607180118561, 0.12176008784770966, 0.11006863915920258, 0.10011700749397277, 0.09098984974622726, 0.08310466903448105, 0.07603324979543685, 0.06976570737361908, 0.0641472328901291, 0.059077672004699704, 0.05475969910621643, 0.0504913512468338, 0.04685149002075195, 0.04354642900824547, 0.04052591848373413, 0.037793948262929915, 0.035358854949474335, 0.0330122272670269, 0.0308708074092865], "acc": [0.113, 0.398, 0.648, 0.805, 0.862, 0.919, 0.945, 0.96, 0.976, 0.985, 0.991, 0.994, 0.996, 0.998, 0.999, 0.999, 0.999, 1.0, 1.0, 1.0, 1.0, 1.0, 1.0, 1.0, 1.0, 1.0, 1.0, 1.0, 1.0, 1.0, 1.0, 1.0, 1.0, 1.0, 1.0, 1.0, 1.0, 1.0, 1.0, 1.0]}