{"val_loss": [0.03487836228013039, 0.029287218481302262, 0.02582165164351463, 0.023791251415014265, 0.022874796259403227, 0.02220148061513901, 0.0217897905677557, 0.021510623663663863, 0.02133423619270325, 0.02117278704047203, 0.021111305990815163, 0.021020728579163553, 0.0209129895567894, 0.02086405853033066, 0.020789513066411018, 0.02078691319525242, 0.020704745203256606, 0.02067140703201294, 0.02068690094947815, 0.020620605659484863], "val_class_loss": [0.0, 0.0, 0.0, 0.0, 0.0, 0.0, 0.0, 0.0, 0.0, 0.0, 0.0, 0.0, 0.0, 0.0, 0.0, 0.0, 0.0, 0.0, 0.0, 0.0], "val_reconstruction_loss": [0.03487836228013039, 0.029287218481302262, 0.02582165164351463, 0.023791251415014265, 0.022874796259403227, 0.02220148061513901, 0.0217897905677557, 0.021510623663663863, 0.02133423619270325, 0.02117278704047203, 0.021111305990815163, 0.021020728579163553, 0.0209129895567894, 0.02086405853033066, 0.020789513066411018, 0.02078691319525242, 0.020704745203256606, 0.02067140703201294, 0.02068690094947815, 0.020620605659484863], "val_class_acc": [0.0888, 0.0799, 0.0787, 0.0766, 0.0754, 0.0718, 0.0746, 0.0718, 0.0769, 0.0753, 0.0761, 0.0773, 0.08, 0.0811, 0.0799, 0.0782, 0.0794, 0.0825, 0.0801, 0.083], "val_reconstruction_mean_squared_error": [0.03487836228013039, 0.029287218481302262, 0.02582165164351463, 0.023791251415014265, 0.022874796259403227, 0.02220148061513901, 0.0217897905677557, 0.021510623663663863, 0.02133423619270325, 0.02117278704047203, 0.021111305990815163, 0.021020728579163553, 0.0209129895567894, 0.02086405853033066, 0.020789513066411018, 0.02078691319525242, 0.020704745203256606, 0.02067140703201294, 0.02068690094947815, 0.020620605659484863], "loss": [0.044790254325866696, 0.03271608106791973, 0.027777132120132445, 0.02484237755894661, 0.023180944998860357, 0.022186897722482682, 0.021493045418262482, 0.020972731314301492, 0.02054751960217953, 0.020187068729400636, 0.019866476527452468, 0.01957221266567707, 0.0193070303606987, 0.01907091486811638, 0.018846707330942153, 0.018635616455674173, 0.018448996530771256, 0.0182545402520895, 0.01810290442764759, 0.017936789355278013], "class_loss": [0.0, 0.0, 0.0, 0.0, 0.0, 0.0, 0.0, 0.0, 0.0, 0.0, 0.0, 0.0, 0.0, 0.0, 0.0, 0.0, 0.0, 0.0, 0.0, 0.0], "reconstruction_loss": [0.044790254325866696, 0.03271608106791973, 0.027777132120132445, 0.02484237755894661, 0.023180944998860357, 0.022186897722482682, 0.021493045418262482, 0.020972731314301492, 0.02054751960217953, 0.020187068729400636, 0.019866476527452468, 0.01957221266567707, 0.0193070303606987, 0.01907091486811638, 0.018846707330942153, 0.018635616455674173, 0.018448996530771256, 0.0182545402520895, 0.01810290442764759, 0.017936789355278013], "class_acc": [8e-05, 0.0, 0.0, 0.0, 0.0, 0.0, 2e-05, 2e-05, 4e-05, 4e-05, 6e-05, 8e-05, 4e-05, 0.0002, 0.00018, 0.00032, 0.00036, 0.0003, 0.0003, 0.00044], "reconstruction_mean_squared_error": [0.044790254325866696, 0.03271608106791973, 0.027777132120132445, 0.02484237755894661, 0.023180944998860357, 0.022186897722482682, 0.021493045418262482, 0.020972731314301492, 0.02054751960217953, 0.020187068729400636, 0.019866476527452468, 0.01957221266567707, 0.0193070303606987, 0.01907091486811638, 0.018846707330942153, 0.018635616455674173, 0.018448996530771256, 0.0182545402520895, 0.01810290442764759, 0.017936789355278013]}