{"val_loss": [2.338176189613342, 2.1292791790008545, 2.040596046257019, 1.9932062183380126, 1.9694281526565551, 1.9660797050476073, 1.9612958723068237, 1.9773297472000122, 2.0001719047546387, 2.0133660373687743, 2.035990170669556, 2.0752111070632933, 2.094096640968323, 2.136322516822815, 2.1774051900863647, 2.207689792251587, 2.256069539260864, 2.3012923690795897, 2.35971828994751, 2.404488061714172, 2.452907931137085, 2.499979725456238, 2.5415087120056152, 2.614633938217163, 2.6623366161346436, 2.725576666069031, 2.787718291282654, 2.8352518451690676, 2.8934197732925413, 2.964603570175171, 3.013731290817261, 3.062977688407898, 3.1303784723281862, 3.2004599840164185, 3.2499866275787355, 3.3079338598251344, 3.3666446771621703, 3.42188390750885, 3.4914466163635254, 3.5863454666137695], "val_acc": [0.2445, 0.2888, 0.3116, 0.3281, 0.3361, 0.3354, 0.3397, 0.3439, 0.3445, 0.3483, 0.3482, 0.3482, 0.3471, 0.3456, 0.3426, 0.3441, 0.3475, 0.3468, 0.3444, 0.3437, 0.3425, 0.3469, 0.3482, 0.3423, 0.3453, 0.342, 0.3457, 0.3462, 0.3475, 0.3469, 0.3438, 0.3477, 0.3456, 0.3449, 0.3447, 0.3451, 0.3453, 0.3441, 0.3429, 0.3434], "loss": [2.589688328361511, 1.9896189943313598, 1.6740191507339477, 1.4686180360794068, 1.308664199066162, 1.1683383732795716, 1.0462328325271606, 0.9350505855083465, 0.8332117674350739, 0.7387137815475464, 0.6562708520889282, 0.58256208486557, 0.5072855607032776, 0.4453061261177063, 0.3851058765649796, 0.3350585554242134, 0.28697933657169344, 0.24558604156970978, 0.21222288759946822, 0.18073262238502502, 0.15127694076299666, 0.12920502161979674, 0.1103347974538803, 0.09116933692097663, 0.07956165007352829, 0.06559281170666217, 0.05632359029054642, 0.04682693205177784, 0.03969411908984184, 0.03427273569703102, 0.028891790720820428, 0.024038383689522744, 0.02034430919736624, 0.017766752387583257, 0.014646421121060849, 0.013064968813210726, 0.010836682622879743, 0.00882122131884098, 0.007910439094156027, 0.006308506985753775], "acc": [0.18, 0.3191, 0.4184, 0.4917, 0.5556, 0.6126, 0.6692, 0.7169, 0.7622, 0.8026, 0.8381, 0.8701, 0.8989, 0.9238, 0.9455, 0.9655, 0.9744, 0.9833, 0.9917, 0.9934, 0.9975, 0.9986, 0.9987, 0.9995, 0.9996, 0.9999, 0.9999, 0.9999, 1.0, 0.9999, 1.0, 1.0, 0.9999, 1.0, 1.0, 1.0, 1.0, 1.0, 1.0, 1.0]}