{"val_loss": [0.026216251820325852, 0.02055926446020603, 0.018674237728118895, 0.015746859753131868, 0.01539031682908535, 0.014302354606986046, 0.013778610068559646, 0.013522133579850196, 0.013094926078617572, 0.012854228368401527, 0.012818567523360252, 0.01342893407046795, 0.013002675880491733, 0.012277569000422955, 0.01235668840110302, 0.012170637544989586, 0.012396680700778961, 0.01208157554268837, 0.011982812145352363, 0.01202629101574421, 0.011818249017000198, 0.011850309734046459, 0.01181074836552143, 0.011804684868454934, 0.011755574843287467], "val_class_loss": [0.0, 0.0, 0.0, 0.0, 0.0, 0.0, 0.0, 0.0, 0.0, 0.0, 0.0, 0.0, 0.0, 0.0, 0.0, 0.0, 0.0, 0.0, 0.0, 0.0, 0.0, 0.0, 0.0, 0.0, 0.0], "val_reconstruction_loss": [0.026216251820325852, 0.02055926446020603, 0.018674237728118895, 0.015746859753131868, 0.01539031682908535, 0.014302354606986046, 0.013778610068559646, 0.013522133579850196, 0.013094926078617572, 0.012854228368401527, 0.012818567523360252, 0.01342893407046795, 0.013002675880491733, 0.012277569000422955, 0.01235668840110302, 0.012170637544989586, 0.012396680700778961, 0.01208157554268837, 0.011982812145352363, 0.01202629101574421, 0.011818249017000198, 0.011850309734046459, 0.01181074836552143, 0.011804684868454934, 0.011755574843287467], "val_class_acc": [0.0892, 0.0947, 0.0909, 0.0912, 0.0913, 0.0912, 0.0979, 0.099, 0.0913, 0.0923, 0.0907, 0.0943, 0.0985, 0.0916, 0.0903, 0.0927, 0.096, 0.1001, 0.0927, 0.093, 0.0915, 0.0936, 0.0897, 0.0925, 0.0917], "val_reconstruction_mean_squared_error": [0.026216251820325852, 0.02055926446020603, 0.018674237728118895, 0.015746859753131868, 0.01539031682908535, 0.014302354606986046, 0.013778610068559646, 0.013522133579850196, 0.013094926078617572, 0.012854228368401527, 0.012818567523360252, 0.01342893407046795, 0.013002675880491733, 0.012277569000422955, 0.01235668840110302, 0.012170637544989586, 0.012396680700778961, 0.01208157554268837, 0.011982812145352363, 0.01202629101574421, 0.011818249017000198, 0.011850309734046459, 0.01181074836552143, 0.011804684868454934, 0.011755574843287467], "loss": [0.037287016347646716, 0.024507074806690215, 0.02015155316889286, 0.017834330171346665, 0.016510259988307952, 0.015638225911557675, 0.015026694551110267, 0.0146011445915699, 0.014233550048172474, 0.013911948682069778, 0.013660202557444573, 0.013479877298772334, 0.013312519145607948, 0.013154629308581352, 0.01301597486704588, 0.012891785307228565, 0.012774718669652938, 0.012693928928375245, 0.012561305465400218, 0.012510712169408798, 0.012411798876821995, 0.012337487812042237, 0.012263232370615006, 0.01220193955540657, 0.012138962897658348], "class_loss": [0.0, 0.0, 0.0, 0.0, 0.0, 0.0, 0.0, 0.0, 0.0, 0.0, 0.0, 0.0, 0.0, 0.0, 0.0, 0.0, 0.0, 0.0, 0.0, 0.0, 0.0, 0.0, 0.0, 0.0, 0.0], "reconstruction_loss": [0.037287016347646716, 0.024507074806690215, 0.02015155316889286, 0.017834330171346665, 0.016510259988307952, 0.015638225911557675, 0.015026694551110267, 0.0146011445915699, 0.014233550048172474, 0.013911948682069778, 0.013660202557444573, 0.013479877298772334, 0.013312519145607948, 0.013154629308581352, 0.01301597486704588, 0.012891785307228565, 0.012774718669652938, 0.012693928928375245, 0.012561305465400218, 0.012510712169408798, 0.012411798876821995, 0.012337487812042237, 0.012263232370615006, 0.01220193955540657, 0.012138962897658348], "class_acc": [0.00942, 0.01292, 0.01966, 0.01938, 0.02334, 0.02932, 0.03368, 0.02758, 0.02922, 0.0316, 0.03836, 0.04132, 0.04356, 0.04124, 0.0426, 0.03936, 0.03852, 0.04528, 0.04058, 0.0384, 0.04032, 0.04194, 0.03944, 0.042, 0.0363], "reconstruction_mean_squared_error": [0.037287016347646716, 0.024507074806690215, 0.02015155316889286, 0.017834330171346665, 0.016510259988307952, 0.015638225911557675, 0.015026694551110267, 0.0146011445915699, 0.014233550048172474, 0.013911948682069778, 0.013660202557444573, 0.013479877298772334, 0.013312519145607948, 0.013154629308581352, 0.01301597486704588, 0.012891785307228565, 0.012774718669652938, 0.012693928928375245, 0.012561305465400218, 0.012510712169408798, 0.012411798876821995, 0.012337487812042237, 0.012263232370615006, 0.01220193955540657, 0.012138962897658348]}