{"val_loss": [0.02592673769593239, 0.020129786032438278, 0.017292398029565812, 0.01572449631989002, 0.015202198818325996, 0.014126114159822465, 0.013697974801063538, 0.013461958366632462, 0.013208871856331825, 0.012880799823999405, 0.012851861383020878, 0.012515642619132995, 0.012374677984416485, 0.012427971059083939, 0.012150239968299866, 0.012064384832978248, 0.012082160599529743, 0.012053620263934136, 0.01197230965644121, 0.011843667286634446], "val_class_loss": [0.0, 0.0, 0.0, 0.0, 0.0, 0.0, 0.0, 0.0, 0.0, 0.0, 0.0, 0.0, 0.0, 0.0, 0.0, 0.0, 0.0, 0.0, 0.0, 0.0], "val_reconstruction_loss": [0.02592673769593239, 0.020129786032438278, 0.017292398029565812, 0.01572449631989002, 0.015202198818325996, 0.014126114159822465, 0.013697974801063538, 0.013461958366632462, 0.013208871856331825, 0.012880799823999405, 0.012851861383020878, 0.012515642619132995, 0.012374677984416485, 0.012427971059083939, 0.012150239968299866, 0.012064384832978248, 0.012082160599529743, 0.012053620263934136, 0.01197230965644121, 0.011843667286634446], "val_class_acc": [0.0795, 0.0773, 0.0766, 0.0754, 0.0785, 0.0754, 0.0781, 0.0805, 0.071, 0.0697, 0.073, 0.0725, 0.0753, 0.0774, 0.0779, 0.0752, 0.0768, 0.0757, 0.0804, 0.0733], "val_reconstruction_mean_squared_error": [0.02592673769593239, 0.020129786032438278, 0.017292398029565812, 0.01572449631989002, 0.015202198818325996, 0.014126114159822465, 0.013697974801063538, 0.013461958366632462, 0.013208871856331825, 0.012880799823999405, 0.012851861383020878, 0.012515642619132995, 0.012374677984416485, 0.012427971059083939, 0.012150239968299866, 0.012064384832978248, 0.012082160599529743, 0.012053620263934136, 0.01197230965644121, 0.011843667286634446], "loss": [0.037297925344109535, 0.024471699591875076, 0.02020622554242611, 0.0178731906747818, 0.01648343407869339, 0.01567297083646059, 0.015002353265881539, 0.014554132054448127, 0.014176839671730996, 0.013888924987912178, 0.01365847963809967, 0.01345783331722021, 0.01327393906533718, 0.01309021101117134, 0.012981523144841195, 0.01283409550845623, 0.012750969482958317, 0.012643965535759926, 0.012559750452637672, 0.012449453707635403], "class_loss": [0.0, 0.0, 0.0, 0.0, 0.0, 0.0, 0.0, 0.0, 0.0, 0.0, 0.0, 0.0, 0.0, 0.0, 0.0, 0.0, 0.0, 0.0, 0.0, 0.0], "reconstruction_loss": [0.037297925344109535, 0.024471699591875076, 0.02020622554242611, 0.0178731906747818, 0.01648343407869339, 0.01567297083646059, 0.015002353265881539, 0.014554132054448127, 0.014176839671730996, 0.013888924987912178, 0.01365847963809967, 0.01345783331722021, 0.01327393906533718, 0.01309021101117134, 0.012981523144841195, 0.01283409550845623, 0.012750969482958317, 0.012643965535759926, 0.012559750452637672, 0.012449453707635403], "class_acc": [0.05132, 0.06728, 0.08354, 0.0878, 0.10836, 0.13686, 0.14664, 0.16846, 0.17478, 0.1776, 0.18036, 0.17862, 0.18322, 0.192, 0.19192, 0.18442, 0.19342, 0.1909, 0.1964, 0.1956], "reconstruction_mean_squared_error": [0.037297925344109535, 0.024471699591875076, 0.02020622554242611, 0.0178731906747818, 0.01648343407869339, 0.01567297083646059, 0.015002353265881539, 0.014554132054448127, 0.014176839671730996, 0.013888924987912178, 0.01365847963809967, 0.01345783331722021, 0.01327393906533718, 0.01309021101117134, 0.012981523144841195, 0.01283409550845623, 0.012750969482958317, 0.012643965535759926, 0.012559750452637672, 0.012449453707635403]}