{"val_loss": [0.009826735128462315, 0.006266504134982824, 0.003991822357475757, 0.002989311598241329, 0.0024505944687873123, 0.002119283155351877, 0.0019652412701398132, 0.0018013054609298707, 0.0016581667006015778, 0.0015615444414317607, 0.0014948455143719913, 0.0014173462823033334, 0.0013921505624428392, 0.001349305597692728, 0.0013112162817269565, 0.0012598671443760396, 0.0012639115694910287, 0.001205706886202097, 0.0011847209541127085, 0.0011868363838642836, 0.0011651230340823532, 0.001144901877641678, 0.0010752211673185229, 0.0010705505967140197, 0.001051371375657618], "val_class_loss": [0.0, 0.0, 0.0, 0.0, 0.0, 0.0, 0.0, 0.0, 0.0, 0.0, 0.0, 0.0, 0.0, 0.0, 0.0, 0.0, 0.0, 0.0, 0.0, 0.0, 0.0, 0.0, 0.0, 0.0, 0.0], "val_reconstruction_loss": [0.009826735128462315, 0.006266504134982824, 0.003991822357475757, 0.002989311598241329, 0.0024505944687873123, 0.002119283155351877, 0.0019652412701398132, 0.0018013054609298707, 0.0016581667006015778, 0.0015615444414317607, 0.0014948455143719913, 0.0014173462823033334, 0.0013921505624428392, 0.001349305597692728, 0.0013112162817269565, 0.0012598671443760396, 0.0012639115694910287, 0.001205706886202097, 0.0011847209541127085, 0.0011868363838642836, 0.0011651230340823532, 0.001144901877641678, 0.0010752211673185229, 0.0010705505967140197, 0.001051371375657618], "val_class_acc": [0.0849, 0.08, 0.0745, 0.0763, 0.0799, 0.0803, 0.08, 0.0809, 0.0807, 0.0808, 0.0836, 0.0819, 0.0825, 0.0825, 0.082, 0.0833, 0.0849, 0.0838, 0.0852, 0.0868, 0.0875, 0.0869, 0.0857, 0.0869, 0.0879], "val_reconstruction_mean_squared_error": [0.009826735173165799, 0.006266504136472941, 0.003991822369396687, 0.002989311610907316, 0.0024505944672971965, 0.002119283148646355, 0.0019652412585914134, 0.0018013054639101028, 0.0016581667006015778, 0.0015615444486960768, 0.0014948455195873975, 0.0014173462817445397, 0.0013921505650505424, 0.0013493055943399669, 0.0013112162854522467, 0.0012598671467974783, 0.0012639115657657385, 0.001205706882663071, 0.0011847209563478828, 0.0011868363816291093, 0.0011651230365037919, 0.0011449018703773618, 0.001075221167691052, 0.0010705506023019552, 0.0010513713736087084], "loss": [0.019874320430755616, 0.009030825627148152, 0.005684773251861334, 0.004182383439540863, 0.0034092312805354594, 0.0029773647233471276, 0.0027042901146411896, 0.0025116601883620024, 0.0023766959834098816, 0.002261707491800189, 0.0021364970625191927, 0.0020607942611351607, 0.0019693416189029813, 0.0018779210144281386, 0.001854493843689561, 0.0017969237944483758, 0.0017832988998293877, 0.0017121136120706796, 0.0016693240551650525, 0.0016368966145813464, 0.0015793651348352431, 0.0015583885987102985, 0.0015278866031393408, 0.0014990903579816222, 0.0014583923902362584], "class_loss": [0.0, 0.0, 0.0, 0.0, 0.0, 0.0, 0.0, 0.0, 0.0, 0.0, 0.0, 0.0, 0.0, 0.0, 0.0, 0.0, 0.0, 0.0, 0.0, 0.0, 0.0, 0.0, 0.0, 0.0, 0.0], "reconstruction_loss": [0.019874320430755616, 0.009030825627148152, 0.005684773251861334, 0.004182383439540863, 0.0034092312805354594, 0.0029773647233471276, 0.0027042901146411896, 0.0025116601883620024, 0.0023766959834098816, 0.002261707491800189, 0.0021364970625191927, 0.0020607942611351607, 0.0019693416189029813, 0.0018779210144281386, 0.001854493843689561, 0.0017969237944483758, 0.0017832988998293877, 0.0017121136120706796, 0.0016693240551650525, 0.0016368966145813464, 0.0015793651348352431, 0.0015583885987102985, 0.0015278866031393408, 0.0014990903579816222, 0.0014583923902362584], "class_acc": [0.09102, 0.05968, 0.04314, 0.03714, 0.03924, 0.04528, 0.05426, 0.05904, 0.06296, 0.06702, 0.06656, 0.06606, 0.06546, 0.06404, 0.06452, 0.0643, 0.06616, 0.0672, 0.06922, 0.06976, 0.07266, 0.07454, 0.07518, 0.0766, 0.0766], "reconstruction_mean_squared_error": [0.019874320455789567, 0.009030825636088848, 0.005684773256629705, 0.004182383448034525, 0.0034092312790453432, 0.0029773647270724176, 0.0027042901147156955, 0.002511660188511014, 0.002376695986762643, 0.0022617074912786484, 0.0021364970621466635, 0.002060794265791774, 0.001969341619499028, 0.0018779210135340691, 0.0018544938431680202, 0.0017969237983226777, 0.0017832988945394755, 0.0017121136120706796, 0.0016693240554630756, 0.001636896614432335, 0.0015793651343137026, 0.0015583886016905307, 0.0015278866063058376, 0.0014990903577208519, 0.001458392391204834]}