{"val_loss": [0.009382248364388942, 0.005365458355844021, 0.003730689511448145, 0.0029603352803736927, 0.0024256096161901952, 0.0021350795526057483, 0.0019189155127853155, 0.001772359168343246, 0.0016540608882904054, 0.001542908103018999, 0.001470126959681511, 0.0014048411015421152, 0.0013467696581035853, 0.001313194152712822, 0.0012878210747614503, 0.0012280140286311508, 0.0011982005400583149, 0.0011558188412338496, 0.0011247132148593665, 0.0011128464434295893], "val_class_loss": [0.0, 0.0, 0.0, 0.0, 0.0, 0.0, 0.0, 0.0, 0.0, 0.0, 0.0, 0.0, 0.0, 0.0, 0.0, 0.0, 0.0, 0.0, 0.0, 0.0], "val_reconstruction_loss": [0.009382248364388942, 0.005365458355844021, 0.003730689511448145, 0.0029603352803736927, 0.0024256096161901952, 0.0021350795526057483, 0.0019189155127853155, 0.001772359168343246, 0.0016540608882904054, 0.001542908103018999, 0.001470126959681511, 0.0014048411015421152, 0.0013467696581035853, 0.001313194152712822, 0.0012878210747614503, 0.0012280140286311508, 0.0011982005400583149, 0.0011558188412338496, 0.0011247132148593665, 0.0011128464434295893], "val_class_acc": [0.1001, 0.1052, 0.1084, 0.1087, 0.1089, 0.1089, 0.1096, 0.1091, 0.1088, 0.1087, 0.1067, 0.1077, 0.1067, 0.108, 0.1056, 0.1099, 0.1109, 0.1106, 0.1123, 0.1144], "val_reconstruction_mean_squared_error": [0.00938224831968546, 0.005365458351373672, 0.003730689501389861, 0.0029603353086858986, 0.0024256096109747886, 0.0021350795574486257, 0.001918915507569909, 0.0017723591649904846, 0.001654060883820057, 0.001542908100411296, 0.0014701269544661044, 0.0014048411032184958, 0.0013467696607112885, 0.0013131941549479962, 0.0012878210730850697, 0.0012280140245333315, 0.0011982005463913082, 0.0011558188492432236, 0.0011247132206335664, 0.0011128464464098215], "loss": [0.02039264824062586, 0.007905557297319173, 0.005188235959112645, 0.004079666319638491, 0.0034502085749804974, 0.0030071975859999656, 0.002744278555214405, 0.0025662711929529906, 0.0023868125827610494, 0.0022579171025753023, 0.0021322930984199046, 0.0020002875528484583, 0.0019028060819208622, 0.0018483247160166502, 0.0017614104318618774, 0.001701573434174061, 0.0016594717578962445, 0.0015767842685431243, 0.0015542134941369295, 0.001522915129698813], "class_loss": [0.0, 0.0, 0.0, 0.0, 0.0, 0.0, 0.0, 0.0, 0.0, 0.0, 0.0, 0.0, 0.0, 0.0, 0.0, 0.0, 0.0, 0.0, 0.0, 0.0], "reconstruction_loss": [0.02039264824062586, 0.007905557297319173, 0.005188235959112645, 0.004079666319638491, 0.0034502085749804974, 0.0030071975859999656, 0.002744278555214405, 0.0025662711929529906, 0.0023868125827610494, 0.0022579171025753023, 0.0021322930984199046, 0.0020002875528484583, 0.0019028060819208622, 0.0018483247160166502, 0.0017614104318618774, 0.001701573434174061, 0.0016594717578962445, 0.0015767842685431243, 0.0015542134941369295, 0.001522915129698813], "class_acc": [0.16692, 0.16398, 0.16384, 0.16928, 0.167, 0.15824, 0.14552, 0.13362, 0.1255, 0.11942, 0.11668, 0.11526, 0.11522, 0.11398, 0.11474, 0.11184, 0.1112, 0.11138, 0.1104, 0.1098], "reconstruction_mean_squared_error": [0.02039264825105667, 0.007905557286590337, 0.00518823596060276, 0.004079666317254305, 0.003450208576619625, 0.0030071975857019423, 0.002744278556406498, 0.002566271199584007, 0.0023868125803768636, 0.002257917097508907, 0.002132293095514178, 0.0020002875497937204, 0.0019028060822188855, 0.0018483247166126966, 0.0017614104331284762, 0.0017015734378993512, 0.0016594717587530613, 0.0015767842676490545, 0.001554213490858674, 0.001522915127389133]}