{"val_loss": [2.8935301528930664, 2.7646816062927244, 2.6905290632247927, 2.6332211431503296, 2.592703303337097, 2.567747772026062, 2.5489282358169554, 2.535702048301697, 2.528101650238037, 2.524494857406616, 2.5260163953781127, 2.5213399877548217, 2.523057898521423, 2.526507585334778, 2.5279044845581056, 2.5295822410583497, 2.5344239158630373, 2.539300457572937, 2.539587011528015, 2.542687961769104, 2.547875174331665, 2.552980900001526, 2.557016666984558, 2.5606232444763184, 2.563005360984802, 2.567224295425415, 2.5705355516433714, 2.575215842819214, 2.580232999801636, 2.583399256515503, 2.5871547538757325, 2.5904385122299196, 2.5944469156265257, 2.5982990314483643, 2.6029643075942994, 2.607616343688965, 2.6109380323410036, 2.613264435195923, 2.6168436475753785, 2.6214836763381957, 2.6246480005264283, 2.628577100944519, 2.6321469648361204, 2.636148506736755, 2.642219554710388, 2.6435088916778566, 2.6463783723831176, 2.6509742446899414, 2.654163681411743, 2.6579941226959227, 2.6625741394042968, 2.6652667655944824, 2.6679596740722658, 2.6728583709716798, 2.677213710975647, 2.679369598770142, 2.6827613851547243, 2.686419263648987, 2.6899882579803465, 2.692262110328674, 2.6959043519973753, 2.701065674781799, 2.704315783882141, 2.7091433700561525, 2.711234701538086, 2.7135710063934324, 2.7154458391189573, 2.720926332092285, 2.724475739097595, 2.729064901542664, 2.7321203813552857, 2.73567569065094, 2.7390457553863525, 2.7432212774276734, 2.7462587886810303, 2.7486372245788573, 2.7547444747924805, 2.7580007202148438, 2.761409736442566, 2.763848588371277], "val_acc": [0.1199, 0.1477, 0.1645, 0.1759, 0.1871, 0.192, 0.1982, 0.2029, 0.2076, 0.2097, 0.2125, 0.2146, 0.2174, 0.2173, 0.2181, 0.2207, 0.2218, 0.2225, 0.2213, 0.2234, 0.224, 0.2246, 0.2253, 0.2262, 0.2269, 0.2282, 0.2287, 0.2292, 0.2296, 0.2298, 0.2305, 0.2313, 0.233, 0.2318, 0.232, 0.2329, 0.2327, 0.2325, 0.2341, 0.2357, 0.2349, 0.2347, 0.2352, 0.2356, 0.2352, 0.2355, 0.236, 0.2362, 0.2355, 0.2356, 0.2366, 0.2354, 0.2364, 0.236, 0.2373, 0.2366, 0.2367, 0.2371, 0.237, 0.2381, 0.2385, 0.239, 0.2389, 0.2388, 0.2389, 0.2388, 0.2388, 0.2387, 0.239, 0.2392, 0.2398, 0.2414, 0.2409, 0.2412, 0.2414, 0.2415, 0.2422, 0.2414, 0.2413, 0.2417], "loss": [3.0927861824035645, 2.5074160976409914, 2.0926286792755127, 1.761206901550293, 1.4751666955947875, 1.2371099252700806, 1.0481887345314025, 0.8796122560501098, 0.7425744891166687, 0.6181734781265259, 0.5256212544441223, 0.45061167478561404, 0.3775312569141388, 0.32691240310668945, 0.28348495316505434, 0.24251035284996034, 0.21364403009414673, 0.1917871241569519, 0.1671852285861969, 0.15106574833393097, 0.1364154282808304, 0.12509292018413543, 0.11391250610351562, 0.10157318311929703, 0.09311618232727051, 0.085178131878376, 0.07812989300489426, 0.07232016235589982, 0.06990236932039261, 0.06239749825000763, 0.05781855821609497, 0.05377104300260544, 0.05011696368455887, 0.04755993592739105, 0.04607286989688873, 0.042911707699298855, 0.04075294756889343, 0.038093273013830184, 0.03551668494939804, 0.03285017791390419, 0.03126232236623764, 0.029145751506090164, 0.027910126984119415, 0.026528490900993348, 0.025291632816195488, 0.023443516075611116, 0.022776095807552337, 0.02169681814312935, 0.020773278802633285, 0.020015072986483574, 0.018808936432003976, 0.018275839030742647, 0.017223213613033295, 0.016567061871290208, 0.015275043606758118, 0.014875175967812538, 0.013918302208185195, 0.01345487916469574, 0.013041445218026639, 0.012461616098880768, 0.012174278981983661, 0.011571910306811333, 0.010940416067838668, 0.010805916205048562, 0.010111936315894127, 0.009544592648744583, 0.009388064861297608, 0.008955619238317013, 0.008474675212055445, 0.008273851037025451, 0.007903608817607164, 0.0075664489418268204, 0.007222079947590828, 0.007048173334449529, 0.006756788164377213, 0.006667529977858066, 0.006544898748397827, 0.005989667810499668, 0.005694564249366521, 0.005493587575852871], "acc": [0.092, 0.197, 0.296, 0.393, 0.514, 0.624, 0.73, 0.81, 0.874, 0.928, 0.956, 0.979, 0.991, 0.995, 0.996, 0.999, 0.999, 0.999, 1.0, 1.0, 1.0, 1.0, 1.0, 1.0, 1.0, 1.0, 1.0, 1.0, 1.0, 1.0, 1.0, 1.0, 1.0, 1.0, 1.0, 1.0, 1.0, 1.0, 1.0, 1.0, 1.0, 1.0, 1.0, 1.0, 1.0, 1.0, 1.0, 1.0, 1.0, 1.0, 1.0, 1.0, 1.0, 1.0, 1.0, 1.0, 1.0, 1.0, 1.0, 1.0, 1.0, 1.0, 1.0, 1.0, 1.0, 1.0, 1.0, 1.0, 1.0, 1.0, 1.0, 1.0, 1.0, 1.0, 1.0, 1.0, 1.0, 1.0, 1.0, 1.0]}