{"val_loss": [0.022075199700891973, 0.020771721428632737, 0.02013029821962118, 0.019721111746132374, 0.019455159591138364, 0.01921799728870392, 0.0190784679800272, 0.018939754866063595, 0.01883961246907711, 0.01868715338408947, 0.01870538688749075, 0.018510397005081176, 0.018435286283493044, 0.01841772817373276, 0.018296390268206595, 0.018304291680455206, 0.01823563312590122, 0.018251518225669863, 0.018226246133446693, 0.01813331837207079, 0.018055899192392828, 0.018020725125074386, 0.0179476993188262, 0.017970546971261502, 0.017918938554823398, 0.01792722474783659, 0.017905614945292473, 0.017871263578534125, 0.01787486618310213, 0.017799224624037744, 0.01787551831305027, 0.017772287824749947, 0.01784327007085085, 0.017771248798072337, 0.017835959431529044, 0.01777656937390566, 0.0178622993722558, 0.017772540923953056, 0.017792545549571513, 0.017756944808363914], "val_class_loss": [2.078311773490906, 1.951612163925171, 1.886388297843933, 1.8453826232910155, 1.8118107902526857, 1.7914908605575561, 1.7762008361816406, 1.762521780014038, 1.7478133001327514, 1.7358724733352662, 1.7371601972579955, 1.719006922531128, 1.7099362278938293, 1.7062372025489807, 1.6963350111007691, 1.6937882561683655, 1.6856985483169555, 1.687635298538208, 1.6837772448539734, 1.6767037563323974, 1.6701702874183655, 1.6664534010887146, 1.6568414319038391, 1.6591120222091675, 1.6536379956245422, 1.65457121219635, 1.6513331768989563, 1.6483267983436585, 1.6488476414680482, 1.6420173989295959, 1.6433636799812317, 1.637925517463684, 1.6432603242874146, 1.6378983984947204, 1.6410882571220398, 1.6365337594985963, 1.6437511105537415, 1.6362882480621337, 1.6382743036270142, 1.6340918085098266], "val_reconstruction_loss": [0.0012920824444852769, 0.0012556002255529166, 0.0012664157059043646, 0.0012672859515994786, 0.0013370520735159516, 0.001303089067991823, 0.0013164600026793778, 0.0013145374393090607, 0.0013614798864349724, 0.0013284290462732315, 0.0013337853347882627, 0.0013203281596302985, 0.0013359244002029299, 0.0013553565264679491, 0.001333040567394346, 0.0013664094527252018, 0.001378648006170988, 0.0013751655593514443, 0.0013884740876033903, 0.0013662811814807356, 0.001354196675401181, 0.0013561915153637528, 0.0013792854025028646, 0.0013794271314516663, 0.0013825589429587125, 0.0013815130192786455, 0.0013922835391014814, 0.0013879959459416568, 0.0013863901319913566, 0.0013790510434657335, 0.0014418818973004819, 0.001393033022712916, 0.0014106671892106532, 0.0013922651699744164, 0.0014250772530213, 0.0014112321680411696, 0.0014247886463999747, 0.0014096588179469108, 0.0014098028717562557, 0.0014160270927473903], "val_class_acc": [0.2672, 0.3137, 0.337, 0.355, 0.3649, 0.3729, 0.3822, 0.3834, 0.3914, 0.3915, 0.3933, 0.3999, 0.4057, 0.4078, 0.4148, 0.4102, 0.4169, 0.4164, 0.4185, 0.4161, 0.4212, 0.4207, 0.4263, 0.4237, 0.426, 0.4261, 0.4258, 0.4296, 0.4288, 0.4333, 0.4329, 0.4338, 0.4327, 0.4347, 0.4354, 0.4376, 0.4348, 0.4379, 0.4387, 0.4399], "val_reconstruction_mean_squared_error": [0.001292082446999848, 0.0012556002247147262, 0.001266415704600513, 0.0012672859554179012, 0.0013370520744472741, 0.0013030890645459295, 0.0013164600029587745, 0.0013145374414511024, 0.0013614798853173852, 0.0013284290486946702, 0.001333785332739353, 0.0013203281577676535, 0.0013359244007617236, 0.001355356518831104, 0.001333040564507246, 0.001366409458592534, 0.0013786480128765105, 0.0013751655607484282, 0.0013884740898385643, 0.0013662811823189258, 0.0013541966794058682, 0.001356191511731595, 0.0013792854060418903, 0.0013794271329417825, 0.0013825589444488287, 0.001381513019837439, 0.001392283542919904, 0.0013879959428682923, 0.0013863901294767856, 0.0013790510423481465, 0.0014418819010257721, 0.0013930330241099, 0.0014106671910732985, 0.0013922651740722357, 0.0014250772505998612, 0.001411232161708176, 0.0014247886448167265, 0.0014096588157117367, 0.0014098028765060007, 0.001416027092654258], "loss": [0.02553329800069332, 0.02208902792930603, 0.021136369509994982, 0.020428739409148692, 0.020006166364252568, 0.019500864969193937, 0.019353330378234387, 0.019121965351700784, 0.018784581117331983, 0.018687732119858264, 0.01836263062953949, 0.018272994419932364, 0.018077783988416196, 0.017856726676225662, 0.017753033162653448, 0.017539392575621603, 0.017404897052049638, 0.01723857825100422, 0.017089203788340092, 0.016940874187648298, 0.016782650634646415, 0.016668033427000045, 0.01658025214076042, 0.01638860129415989, 0.01644044859558344, 0.016260951663553715, 0.016064509117603303, 0.015940371344983578, 0.01580755209773779, 0.01568726223409176, 0.015552578902244568, 0.015413691912591457, 0.01549113294929266, 0.01534451168179512, 0.01510929996818304, 0.015166736133396625, 0.01500692697763443, 0.014858143823593855, 0.014757530638575553, 0.014586678548157215], "class_loss": [2.3410067790985107, 2.005092363548279, 1.9013704076766968, 1.8373771785736084, 1.7882766052246093, 1.7450705255508423, 1.7179825366973878, 1.6962677198410034, 1.66782701587677, 1.6521316080093384, 1.6250287721633911, 1.6151519631385802, 1.5898527643203735, 1.5716338034629822, 1.5610647375106812, 1.5416495239257813, 1.523926279258728, 1.5078994506835937, 1.4956588815689087, 1.48399925031662, 1.4690203330039977, 1.4554312776565552, 1.4411120539665223, 1.4289112871170044, 1.4229149480819703, 1.4053853979110718, 1.39119463224411, 1.3796051405906677, 1.365972537612915, 1.3529604694366455, 1.341924843597412, 1.330038096523285, 1.3271415555000305, 1.3096806587219239, 1.2962837480545044, 1.2960132585525512, 1.276870041179657, 1.2668590715408325, 1.2544072778701783, 1.2417391887664795], "reconstruction_loss": [0.0021232307598926126, 0.0020381047567352654, 0.0021226658636704088, 0.0020549680475145577, 0.0021234007354825734, 0.002050160074234009, 0.0021735053988173603, 0.0021592885348945857, 0.0021063113208860157, 0.002166416429169476, 0.002112343274615705, 0.002121475170366466, 0.0021792566711083053, 0.0021403889901936055, 0.0021423861214891074, 0.0021228976394981145, 0.0021656345508992672, 0.002159584051556885, 0.0021326152600347997, 0.002100882006622851, 0.0020924476673826577, 0.0021137209836393596, 0.002169131936505437, 0.0020994887249544264, 0.002211299433745444, 0.0022070979967713355, 0.0021525631207972764, 0.0021443202329799534, 0.0021478270065039395, 0.002157657859288156, 0.0021333307459950445, 0.0021133112132549286, 0.002219717683084309, 0.0022477053698152305, 0.0021464627671986818, 0.0022066038405522703, 0.0022382268538698553, 0.0021895534398034214, 0.0022134581757709383, 0.0021692869391292335], "class_acc": [0.2067, 0.2914, 0.3267, 0.3518, 0.3705, 0.384, 0.3987, 0.4096, 0.415, 0.425, 0.4347, 0.4348, 0.4475, 0.4548, 0.4605, 0.4648, 0.4711, 0.4796, 0.4836, 0.4828, 0.4941, 0.4947, 0.5061, 0.5076, 0.5092, 0.5165, 0.5218, 0.5275, 0.5337, 0.5371, 0.5415, 0.5498, 0.5494, 0.5569, 0.5637, 0.5588, 0.5624, 0.5716, 0.5779, 0.5793], "reconstruction_mean_squared_error": [0.0021232307616621256, 0.002038104759901762, 0.0021226658668369053, 0.002054968055151403, 0.00212340073492378, 0.0020501600744202734, 0.0021735054034739735, 0.00215928854662925, 0.0021063113236799835, 0.0021664164321497084, 0.0021123432774096725, 0.002121475167013705, 0.002179256670922041, 0.0021403889920562505, 0.0021423861181363462, 0.0021228976348415017, 0.0021656345454975964, 0.0021595840413123368, 0.0021326152620837094, 0.0021008820109069347, 0.002092447664029896, 0.0021137209843844177, 0.002169131938368082, 0.002099488731659949, 0.0022112994289025666, 0.0022070979975163936, 0.002152563114836812, 0.002144320240058005, 0.002147827007621527, 0.0021576578583568334, 0.0021333307407796383, 0.002113311203941703, 0.002219717687740922, 0.0022477053778246045, 0.00214646276012063, 0.0022066038444638254, 0.0022382268534973265, 0.0021895534414798023, 0.0022134581781923773, 0.0021692869326099752]}