{"val_loss": [2.517870852470398, 2.4778394596099855, 2.355687128448486, 2.432439099884033, 2.4312531061172487, 2.3185618322372434, 2.308599901199341, 2.3604617864608763, 2.3421540807723997, 2.320954284095764, 2.333016663169861, 2.3240369535446166, 2.347183234024048, 2.3776676488876345, 2.4164671371459963, 2.340551082801819, 2.3492117349624633, 2.341392558670044, 2.366642479515076, 2.378394505310059, 2.2994878074645997, 2.3740043863296507, 2.395739521408081, 2.406742109107971, 2.3754694725036622, 2.368342295265198, 2.3624683153152466, 2.373202868652344, 2.4376887813568113, 2.4091622428894044, 2.3981183994293214, 2.407415651702881, 2.4023085088729856, 2.42918231716156, 2.4449481702804565, 2.4012636058807373, 2.3615969753265382, 2.38989494934082, 2.470601780128479, 2.4543516777038574], "val_acc": [0.1151, 0.129, 0.1201, 0.1307, 0.1497, 0.1426, 0.15, 0.1612, 0.1565, 0.1619, 0.1655, 0.1681, 0.1678, 0.171, 0.1566, 0.1653, 0.1637, 0.1815, 0.1826, 0.1755, 0.1842, 0.1761, 0.1767, 0.1829, 0.184, 0.1784, 0.1841, 0.1804, 0.1711, 0.1825, 0.1895, 0.1879, 0.185, 0.1801, 0.1818, 0.1852, 0.186, 0.1841, 0.187, 0.1857], "loss": [2.4457573986053465, 2.1797084617614746, 1.883900113105774, 1.7217753553390502, 1.5711163520812987, 1.4274710941314697, 1.2761439418792724, 1.1511740398406982, 1.0438820433616638, 0.9413978576660156, 0.8462991046905518, 0.7712356042861939, 0.7067233753204346, 0.6318375158309937, 0.589797455072403, 0.5150728464126587, 0.4813396394252777, 0.42340611457824706, 0.3874032020568848, 0.3526419901847839, 0.32589553356170653, 0.30150511503219607, 0.27353652477264406, 0.24996376931667327, 0.23557696223258973, 0.21758468866348266, 0.20457740724086762, 0.18605587005615234, 0.17641691088676453, 0.16418107628822326, 0.15034989953041078, 0.145092169046402, 0.13476700633764266, 0.12767326325178147, 0.12093778252601624, 0.11399269223213196, 0.10926146864891052, 0.10502488434314727, 0.09932364404201507, 0.09404753088951111], "acc": [0.09, 0.26, 0.47, 0.56, 0.6, 0.72, 0.9, 0.89, 0.91, 0.97, 0.98, 0.99, 0.98, 0.99, 0.97, 0.99, 0.99, 1.0, 1.0, 1.0, 1.0, 1.0, 1.0, 1.0, 1.0, 1.0, 1.0, 1.0, 1.0, 1.0, 1.0, 1.0, 1.0, 1.0, 1.0, 1.0, 1.0, 1.0, 1.0, 1.0]}