{"val_loss": [0.009186511898040772, 0.005099100089073181, 0.0035504556242376565, 0.00283772777505219, 0.0023376420568674804, 0.0020873211324214935, 0.001956697380915284, 0.001849040324985981, 0.0017832210801541806, 0.0016258658306673168, 0.0015765800839290024, 0.0014753409009426832, 0.0014510068943724035, 0.001426568835042417, 0.0014211312774568797, 0.0013567814402282237, 0.0013429130524396896, 0.0012955925308167934, 0.001248332941532135, 0.001254997464083135, 0.0012829825345426799, 0.0012003361266106367, 0.0012435369346290826, 0.0012259650439023972, 0.0011992895221337675], "val_class_loss": [0.0, 0.0, 0.0, 0.0, 0.0, 0.0, 0.0, 0.0, 0.0, 0.0, 0.0, 0.0, 0.0, 0.0, 0.0, 0.0, 0.0, 0.0, 0.0, 0.0, 0.0, 0.0, 0.0, 0.0, 0.0], "val_reconstruction_loss": [0.009186511898040772, 0.005099100089073181, 0.0035504556242376565, 0.00283772777505219, 0.0023376420568674804, 0.0020873211324214935, 0.001956697380915284, 0.001849040324985981, 0.0017832210801541806, 0.0016258658306673168, 0.0015765800839290024, 0.0014753409009426832, 0.0014510068943724035, 0.001426568835042417, 0.0014211312774568797, 0.0013567814402282237, 0.0013429130524396896, 0.0012955925308167934, 0.001248332941532135, 0.001254997464083135, 0.0012829825345426799, 0.0012003361266106367, 0.0012435369346290826, 0.0012259650439023972, 0.0011992895221337675], "val_class_acc": [0.1049, 0.1038, 0.1077, 0.1089, 0.1043, 0.1055, 0.1066, 0.1063, 0.1068, 0.1053, 0.1061, 0.1047, 0.1043, 0.1042, 0.1046, 0.1068, 0.1048, 0.1057, 0.1049, 0.1012, 0.1011, 0.1004, 0.0988, 0.0991, 0.1], "val_reconstruction_mean_squared_error": [0.009186511878669262, 0.005099100106954574, 0.00355045564211905, 0.00283772776350379, 0.0023376420550048353, 0.0020873211316764354, 0.001956697394698858, 0.0018490403197705745, 0.0017832210822030902, 0.0016258658327162265, 0.0015765800761058926, 0.0014753409039229154, 0.0014510068943724035, 0.0014265688391402365, 0.001421131277270615, 0.0013567814439535142, 0.0013429130502045155, 0.001295592525601387, 0.0012483329433947803, 0.001254997457191348, 0.0012829825308173894, 0.0012003361266106367, 0.0012435369292274118, 0.0012259650480002165, 0.0011992895243689418], "loss": [0.018960724553465844, 0.007552459515482187, 0.004957358153313399, 0.0038949262303113936, 0.0032916364945471286, 0.0029431158493459226, 0.0027658174284547568, 0.0025566323328763247, 0.0023994828631728887, 0.002348826315179467, 0.002227590735480189, 0.0021901792754232883, 0.002116253959983587, 0.002067397994995117, 0.002001018737331033, 0.001916261761263013, 0.001863673408329487, 0.0018094535608589649, 0.001753606845214963, 0.0017174021731317043, 0.001700845792889595, 0.0016618107651174068, 0.0016228690768033266, 0.0015892977575585245, 0.0015601055589318275], "class_loss": [0.0, 0.0, 0.0, 0.0, 0.0, 0.0, 0.0, 0.0, 0.0, 0.0, 0.0, 0.0, 0.0, 0.0, 0.0, 0.0, 0.0, 0.0, 0.0, 0.0, 0.0, 0.0, 0.0, 0.0, 0.0], "reconstruction_loss": [0.018960724553465844, 0.007552459515482187, 0.004957358153313399, 0.0038949262303113936, 0.0032916364945471286, 0.0029431158493459226, 0.0027658174284547568, 0.0025566323328763247, 0.0023994828631728887, 0.002348826315179467, 0.002227590735480189, 0.0021901792754232883, 0.002116253959983587, 0.002067397994995117, 0.002001018737331033, 0.001916261761263013, 0.001863673408329487, 0.0018094535608589649, 0.001753606845214963, 0.0017174021731317043, 0.001700845792889595, 0.0016618107651174068, 0.0016228690768033266, 0.0015892977575585245, 0.0015601055589318275], "class_acc": [0.05652, 0.04246, 0.03522, 0.03154, 0.0296, 0.0292, 0.02852, 0.02842, 0.02816, 0.02672, 0.0277, 0.02808, 0.02822, 0.03008, 0.0311, 0.03328, 0.03416, 0.03612, 0.0358, 0.0359, 0.03482, 0.03486, 0.03448, 0.03388, 0.03358], "reconstruction_mean_squared_error": [0.018960724610090254, 0.0075524595245718956, 0.004957358160167932, 0.0038949262239784004, 0.0032916364984214306, 0.0029431158517301084, 0.0027658174294233322, 0.002556632331237197, 0.0023994828603416682, 0.0023488263166695834, 0.0022275907331705093, 0.0021901792820543053, 0.0021162539634108544, 0.0020673979908972977, 0.0020010187397152186, 0.00191626176007092, 0.0018636734089255333, 0.0018094535590708256, 0.0017536068476736546, 0.0017174021760374308, 0.0017008457899838686, 0.0016618107656762003, 0.0016228690767660736, 0.0015892977582663299, 0.0015601055611670018]}