{"val_loss": [1.90723984375, 1.8822715116500854, 1.835293302345276, 1.8193773754119873, 1.8465299243927003, 1.7831264379501344, 1.8312578174591065, 1.776724928855896, 1.767374974155426, 1.7597979797363281, 1.7863545831680299, 1.8421430654525757, 1.8724063052177429, 1.8660868474006653, 1.8677586406707765, 1.839182099533081, 1.8379752909660338, 1.896559607219696, 1.8811917963981628, 1.9312250160217286, 1.9194710388183593, 1.934728024482727, 1.9831641077995301, 1.9875747139930726, 1.9889870671272278, 2.0469687291145324, 2.0781460085868835, 2.094970821285248, 2.1129645320892334, 2.157889232826233, 2.166865607357025, 2.1676689195632934, 2.254174382019043, 2.3259575577735903, 2.321555756187439, 2.2928205092430116, 2.3379226083755493, 2.408274357318878, 2.408960827064514, 2.4518245915412904, 2.4975941899299623, 2.5236768013954163, 2.5926885986328125, 2.6037372456550596, 2.806551851272583, 2.6523611486434935, 2.671487728691101, 2.707812251281738, 2.741728940486908, 2.776184403324127, 2.7990850317001343, 3.6936112184524537, 2.7559038939476013, 2.8041556127548217, 2.830863301181793, 2.866239583683014, 2.8962989678382876, 2.9193072019577024, 2.9614603501319885, 2.986484873485565, 3.000484556007385, 3.0456738454818724, 2.8847593727111818, 2.9678956431388857, 3.0068680421829224, 3.0297953542709353, 3.0626001717567446, 3.078086051082611, 3.0893192971229553, 3.1122593212127687, 3.133949795818329, 3.1463002745628357, 3.1700442468643186, 3.2217667488098143, 3.229712976360321, 3.275121651172638, 2.823275993347168, 3.0107868867874146, 3.0874310441970825, 3.1348556188583374], "val_class_loss": [1.8921306781768799, 1.8679419229507446, 1.821299171257019, 1.8060974946975707, 1.8334339275360108, 1.7702897804260254, 1.8184269762039185, 1.7639418096542359, 1.7546810433387756, 1.7471121642112732, 1.773632233810425, 1.8294896057128907, 1.8596121980667115, 1.853252716445923, 1.8550161094665527, 1.8265171772956847, 1.8252535851478577, 1.8838908393859863, 1.8683820945739746, 1.918518283176422, 1.9067434164047241, 1.921996420478821, 1.9703886261940002, 1.9746893609046936, 1.9761021800994873, 2.034116483974457, 2.065297709083557, 2.0820874422073365, 2.1001272651672362, 2.1450531227111815, 2.1539700355529785, 2.1546754594802855, 2.2412249760627745, 2.3130298614501954, 2.308525605392456, 2.2798794521331787, 2.3249892745018004, 2.3953469338417053, 2.39600465259552, 2.438867777442932, 2.484584938621521, 2.5107701627731323, 2.5797082851409914, 2.5907942442893983, 2.7921493829727173, 2.6394181575775146, 2.6585667304992677, 2.6949017972946168, 2.728801944732666, 2.7632828313827513, 2.786181878376007, 3.6766336996078492, 2.742660062408447, 2.7911192189216614, 2.8179054691314698, 2.8532413122177123, 2.8833007520675658, 2.9064117252349853, 2.9485731660842895, 2.97342272939682, 2.9875909730911254, 3.0326217224121095, 2.8697387048721312, 2.9546017754554748, 2.993753825855255, 3.016731768131256, 3.0495972618103027, 3.0651068501472474, 3.0763981028556824, 3.0993308502197268, 3.1210195417404174, 3.133384502410889, 3.157100889968872, 3.2088152747154237, 3.216590652561188, 3.2620490646362303, 2.806939046096802, 2.9971502973556516, 3.074106792640686, 3.121649862098694], "val_reconstruction_loss": [0.015109167025983333, 0.014329584676027298, 0.013994129367172719, 0.013279881139099598, 0.01309599757939577, 0.012836655797064304, 0.01283083853572607, 0.01278311692327261, 0.012693928971886636, 0.012685816931724549, 0.01272234801352024, 0.012653460499644279, 0.012794105164706707, 0.01283413132429123, 0.012742530198395252, 0.012664922671020032, 0.012721705834567547, 0.012668768171966075, 0.012809700700640678, 0.012706733451783657, 0.012727620621025563, 0.01273160393834114, 0.012775483554601669, 0.012885352122783661, 0.012884886950254441, 0.012852246747910976, 0.012848299449682236, 0.012883378385007381, 0.012837267054617406, 0.012836115033924579, 0.012895568028092384, 0.01299345849752426, 0.012949405120313168, 0.012927695678174495, 0.013030150385200978, 0.012941055110096931, 0.012933333656191827, 0.012927423119544984, 0.012956172303855418, 0.01295681267529726, 0.01300924859046936, 0.012906643863022328, 0.01298031120300293, 0.012943005709350109, 0.014402469635009766, 0.012942993332445621, 0.01292099552899599, 0.012910457365214824, 0.012926994349062443, 0.012901575239002705, 0.012903152039647103, 0.016977520856261252, 0.013243830581009388, 0.013036397065222263, 0.012957832655310631, 0.01299826928973198, 0.012998212495446205, 0.012895474277436734, 0.012887186105549335, 0.013062140369415283, 0.012893582671880722, 0.013052126987278461, 0.015020668952167034, 0.013293869583308696, 0.013114212471246719, 0.013063591550290585, 0.013002909243106842, 0.0129792036190629, 0.012921195158362389, 0.012928469699621201, 0.012930254063010216, 0.012915771824121475, 0.012943359714746475, 0.012951474882662297, 0.01312232243269682, 0.01307258349210024, 0.01633695087581873, 0.013636586573719979, 0.013324253618717193, 0.013205757129192352], "val_class_acc": [0.3272, 0.3272, 0.3457, 0.351, 0.3391, 0.3842, 0.3559, 0.3804, 0.3826, 0.38, 0.3822, 0.3694, 0.3642, 0.3677, 0.3679, 0.3805, 0.3842, 0.3747, 0.3758, 0.3705, 0.381, 0.3792, 0.3738, 0.3728, 0.3799, 0.3775, 0.3693, 0.3705, 0.3744, 0.3777, 0.3689, 0.3809, 0.3732, 0.3692, 0.3711, 0.3751, 0.3776, 0.3723, 0.3765, 0.3717, 0.376, 0.3767, 0.3788, 0.3754, 0.3527, 0.3792, 0.3783, 0.3785, 0.3734, 0.3756, 0.3787, 0.31, 0.3804, 0.3814, 0.3804, 0.3825, 0.3803, 0.38, 0.378, 0.3759, 0.3796, 0.3749, 0.361, 0.3772, 0.3781, 0.3788, 0.3806, 0.3776, 0.3793, 0.3797, 0.3781, 0.378, 0.3801, 0.3779, 0.3743, 0.3749, 0.3625, 0.3789, 0.3796, 0.3804], "val_reconstruction_mean_squared_error": [0.015109167025983333, 0.014329584676027298, 0.013994129367172719, 0.013279881139099598, 0.01309599757939577, 0.012836655797064304, 0.01283083853572607, 0.01278311692327261, 0.012693928971886636, 0.012685816931724549, 0.01272234801352024, 0.012653460499644279, 0.012794105164706707, 0.01283413132429123, 0.012742530198395252, 0.012664922671020032, 0.012721705834567547, 0.012668768171966075, 0.012809700700640678, 0.012706733451783657, 0.012727620621025563, 0.01273160393834114, 0.012775483554601669, 0.012885352122783661, 0.012884886950254441, 0.012852246747910976, 0.012848299449682236, 0.012883378385007381, 0.012837267054617406, 0.012836115033924579, 0.012895568028092384, 0.01299345849752426, 0.012949405120313168, 0.012927695678174495, 0.013030150385200978, 0.012941055110096931, 0.012933333656191827, 0.012927423119544984, 0.012956172303855418, 0.01295681267529726, 0.01300924859046936, 0.012906643863022328, 0.01298031120300293, 0.012943005709350109, 0.014402469635009766, 0.012942993332445621, 0.01292099552899599, 0.012910457365214824, 0.012926994349062443, 0.012901575239002705, 0.012903152039647103, 0.016977520856261252, 0.013243830581009388, 0.013036397065222263, 0.012957832655310631, 0.01299826928973198, 0.012998212495446205, 0.012895474277436734, 0.012887186105549335, 0.013062140369415283, 0.012893582671880722, 0.013052126987278461, 0.015020668952167034, 0.013293869583308696, 0.013114212471246719, 0.013063591550290585, 0.013002909243106842, 0.0129792036190629, 0.012921195158362389, 0.012928469699621201, 0.012930254063010216, 0.012915771824121475, 0.012943359714746475, 0.012951474882662297, 0.01312232243269682, 0.01307258349210024, 0.01633695087581873, 0.013636586573719979, 0.013324253618717193, 0.013205757129192352],