{"val_loss": [1.7618424306869507, 1.6873859729766845, 1.6356600218772888, 1.616344629096985, 1.629155067062378, 1.584594737815857, 1.6253083980560303, 1.5689841026306153, 1.5910841604232788, 1.5572202523231506, 1.5600576446533203, 1.599865394306183, 1.5711183532714843, 1.5649885652542115, 1.6236614190101624, 1.5921143136024476, 1.646033927154541, 1.6388960432052613, 1.7301718161582946, 1.6576236671447755, 1.6854346179962159, 1.6972367749214172, 1.7514916513442993, 1.8392872382164, 1.7663910356521606, 1.8374431594848633, 1.857643274116516, 1.866477032184601, 1.8954706408500672, 1.9619543787956237, 1.9660700755119325, 2.050978529262543, 2.079740986251831, 2.107651841926575, 2.171112447452545, 2.3573592483520507, 2.2005535506248473, 2.2437931159973146, 2.367040913581848, 2.3516292682647704, 2.324557369804382, 2.3465264568328856, 2.3740634324073793, 2.4158891538619995, 2.4347849181175234, 2.443306859207153, 2.4468570335388184, 2.5055911853790285, 2.483774170970917, 2.487058650779724, 2.4984129130363466, 2.594387673282623, 2.6194731833457947, 2.5933910822868347, 2.660078395938873, 2.6486106976509096, 2.6005368534088134, 2.6674627159118653, 2.6868153844833373, 2.6387808891296385, 2.7209765968322754, 2.6835010508537294, 2.778218593883514, 2.7387378600120544, 2.6426724033355713, 2.806252345561981, 2.724238819503784, 2.844596884250641, 2.797026443481445, 2.8739091170310975, 2.7613040488243104, 2.8881827625274656, 2.823902038669586, 2.916133578681946, 2.847606878662109, 2.9469289202690123, 2.8449384413719176, 3.059546837615967, 2.971431531715393, 2.83665120639801], "val_class_loss": [1.7462624446868897, 1.6725341915130616, 1.6214853395462037, 1.601908217906952, 1.6136217496871947, 1.5702304329872132, 1.610843163394928, 1.5549056200027467, 1.5771355025291443, 1.5432523690223694, 1.5456371916770935, 1.5857498558044434, 1.5571465633392334, 1.5510074849128723, 1.6097225245475768, 1.5781447035789489, 1.632167694377899, 1.6245792226791382, 1.7161875471115113, 1.6436978901863097, 1.6713415842056274, 1.683382865524292, 1.737675096130371, 1.8255020466804504, 1.7524903977394104, 1.8231715588569641, 1.8437950949668884, 1.8525584705352782, 1.881681919002533, 1.9481467987060548, 1.9523564851760864, 2.0368611771583556, 2.065980754375458, 2.093944915008545, 2.1570702583312986, 2.3433432127952574, 2.1868337339401247, 2.2302671468734743, 2.3531721183776857, 2.33797007894516, 2.310153420829773, 2.3329992404937743, 2.360575525379181, 2.402401532173157, 2.421364663314819, 2.4297833165168763, 2.433250479412079, 2.492138357925415, 2.470128813934326, 2.4733788208007814, 2.484223349761963, 2.581014610290527, 2.606122594165802, 2.5799147636413573, 2.644178690624237, 2.6352306392669678, 2.5869414870262144, 2.654124771118164, 2.6734508712768554, 2.6243449279785156, 2.707693643283844, 2.6699801136016847, 2.7650316259384153, 2.7253401239395143, 2.6279954916954043, 2.792968015003204, 2.7104893964767456, 2.831416135883331, 2.783592174053192, 2.860803320884705, 2.747684385204315, 2.875083192920685, 2.810530611228943, 2.9030997153282168, 2.834262446117401, 2.9339326272964477, 2.831511884880066, 3.0443662061691286, 2.9583166005134585, 2.8228619360923766], "val_reconstruction_loss": [0.015579985174536706, 0.014851783427596093, 0.014174681156873703, 0.014436410523951053, 0.015533316494524479, 0.014364305564761162, 0.014465233694016933, 0.014078483344614506, 0.013948657108843326, 0.013967882651090622, 0.014420454640686512, 0.014115540139377117, 0.01397178973555565, 0.01398107960820198, 0.013938892610371113, 0.013969609867036343, 0.013866232131421566, 0.014316823768615723, 0.013984270155429841, 0.013925780725479125, 0.014093034707009792, 0.013853909695148468, 0.013816556437313556, 0.013785191367566585, 0.013900634562969208, 0.01427160072028637, 0.013848178055882454, 0.013918561388552188, 0.013788721872866153, 0.01380758330076933, 0.013713590800762177, 0.014117351633310318, 0.013760233357548713, 0.013706929087638854, 0.014042189472913741, 0.01401603614538908, 0.013719816823303699, 0.013525968013703824, 0.013868798024952412, 0.013659192514419556, 0.014403947137296199, 0.013527216228842735, 0.013487908940017224, 0.013487619870901107, 0.013420256689190864, 0.013523541286587715, 0.013606554871797561, 0.01345282400995493, 0.013645359942317008, 0.013679831226170064, 0.014189563454687595, 0.013373063957691193, 0.013350584614276887, 0.013476316843926906, 0.015899705950915815, 0.013380063097178936, 0.013595366409420967, 0.013337947836518288, 0.01336451368778944, 0.014435960957407951, 0.01328295951038599, 0.01352093554288149, 0.013186966785788536, 0.013397734156250953, 0.01467691509127617, 0.013284328247606754, 0.01374942103177309, 0.013180749498307704, 0.013434268173575402, 0.01310580053627491, 0.013619660463929177, 0.013099570447206497, 0.013371426621079445, 0.0130338626652956, 0.013344435028731822, 0.012996292768418788, 0.013426555731892586, 0.015180636589229107, 0.013114928816258907, 0.013789272078871727], "val_class_acc": [0.3836, 0.41, 0.4232, 0.4289, 0.421, 0.4501, 0.4227, 0.4515, 0.4499, 0.4512, 0.4585, 0.445, 0.4512, 0.4565, 0.4472, 0.46, 0.4505, 0.4587, 0.4332, 0.461, 0.4553, 0.4632, 0.4576, 0.4527, 0.4581, 0.4479, 0.4473, 0.4607, 0.4591, 0.4512, 0.4575, 0.4561, 0.4526, 0.4591, 0.4452, 0.4424, 0.4571, 0.4596, 0.4421, 0.4542, 0.4503, 0.4587, 0.4566, 0.4575, 0.4599, 0.4552, 0.4588, 0.4589, 0.4597, 0.4587, 0.4515, 0.4557, 0.4564, 0.4566, 0.4258, 0.4579, 0.4555, 0.454, 0.4576, 0.4356, 0.4589, 0.4555, 0.4592, 0.4575, 0.4389, 0.4594, 0.4511, 0.4554, 0.4553, 0.4578, 0.4529, 0.4558, 0.4549, 0.4596, 0.4522, 0.4586, 0.455, 0.4288, 0.4556, 0.4506], "val_reconstruction_mean_squared_error": [0.015579985174536706, 0.014851783427596093, 0.014174681156873703, 0.014436410523951053, 0.015533316494524479, 0.014364305564761162, 0.014465233694016933, 0.014078483344614506, 0.013948657108843326, 0.013967882651090622, 0.014420454640686512, 0.014115540139377117, 0.01397178973555565, 0.01398107960820198, 0.013938892610371113, 0.013969609867036343, 0.013866232131421566, 0.014316823768615723, 0.013984270155429841, 0.013925780725479125, 0.014093034707009792, 0.013853909695148468, 0.013816556437313556, 0.013785191367566585, 0.013900634562969208, 0.01427160072028637, 0.013848178055882454, 0.013918561388552188, 0.013788721872866153, 0.01380758330076933, 0.013713590800762177, 0.014117351633310318, 0.013760233357548713, 0.013706929087638854, 0.014042189472913741, 0.01401603614538908, 0.013719816823303699, 0.013525968013703824, 0.013868798024952412, 0.013659192514419556, 0.014403947137296199, 0.013527216228842735, 0.013487908940017224, 0.013487619870901107, 0.013420256689190864, 0.013523541286587715, 0.013606554871797561, 0.01345282400995493, 0.013645359942317008, 0.013679831226170064, 0.014189563454687595, 0.013373063957691193, 0.013350584614276887, 0.013476316843926906, 0.015899705950915815, 0.013380063097178936, 0.013595366409420967, 0.013337947836518288, 0.01336451368778944, 0.014435960957407951, 0.01328295951038599, 0.01352093554288149, 0.013186966785788536, 0.013397734156250953, 0.01467691509127617, 0.013284328247606754, 0.01374942103177309, 0.013180749498307704, 0.013434268173575402, 0.01310580053627491, 0.013619660463929177, 0.013099570447206497, 0.013371426621079445, 0.0130338626652956, 0.013344435028731822, 0.012996292768418788, 0.013426555731892586, 0.015180636589229107, 0.013114928816258907, 0.013789272078871727],