{"val_loss": [0.019167627692222595, 0.01836489456444979, 0.017964196640253068, 0.017585044129192828, 0.017344022585451604, 0.01722532629072666, 0.017011636117100715, 0.01692794578373432, 0.0167297155380249, 0.0166602995544672, 0.01654208286255598, 0.016470946460962296, 0.016319304718077184, 0.016227431482076646, 0.01614187857657671, 0.016013518890738487, 0.015876673635840416, 0.015778362041711808, 0.01571638742685318, 0.015632285685837268, 0.015544733798503876, 0.015519975453615189, 0.015455009742081166, 0.015399046924710273, 0.015366568034887314, 0.015309597294032574, 0.015369270318746566, 0.01529373369961977, 0.015249018181860446, 0.015228060269355774, 0.015211496512591838, 0.015134524311125278, 0.01515396101474762, 0.015093685364723206, 0.015116667661070823, 0.015119378644227981, 0.015125983034074307, 0.015065194308757782, 0.01506569537818432, 0.015107463864982127, 0.015078074565529823, 0.015042298234254122, 0.015070101109147072, 0.015068271561712027, 0.015032612027972937, 0.015106044770032167, 0.015049252985417844, 0.015122904025018214, 0.015173249278962611, 0.015130291310697794, 0.01515093682333827, 0.015128091228753329, 0.015130996204912662, 0.015173366364836693, 0.015150528145581484, 0.015165139421075582, 0.015162542266398668, 0.015289492163062095, 0.015217384696751834, 0.015274454287439584, 0.015279400880634784, 0.01523924725651741, 0.015331024324148894, 0.01528060013204813, 0.015442375229299069, 0.01540096899047494, 0.015376254773885012, 0.015433908338099718, 0.015458005976676941, 0.015509147379547358, 0.015498697270452977, 0.015502712745964526, 0.015497003155946732, 0.01553063570484519, 0.015590261298418045, 0.015674131486564876, 0.015733549282699825, 0.015717703768610956, 0.015666003771126272, 0.015715880554169417], "val_class_loss": [1.7964150957107543, 1.714451767730713, 1.6721170623779298, 1.6338530618667602, 1.6084510749816894, 1.5889203515052794, 1.573999090385437, 1.5641019611358642, 1.545677790260315, 1.5347061687469483, 1.5229546244621277, 1.5142660742759704, 1.4994927014350892, 1.4876958306312562, 1.4804195740699768, 1.4690497869491577, 1.4535732959747314, 1.4452220035552978, 1.4390573043823243, 1.4292949680328368, 1.4217488569259644, 1.421674463558197, 1.4137600980758667, 1.4075823895454407, 1.404994239807129, 1.3973589552879333, 1.4027603486061095, 1.3948296867370606, 1.391143691921234, 1.388569856929779, 1.3855355486869811, 1.3804631050109863, 1.380825063610077, 1.377703716945648, 1.376191270160675, 1.3766831014633178, 1.3782556728363038, 1.3717089250564576, 1.3717493814468384, 1.3765661911010743, 1.371935572719574, 1.3697707998275757, 1.3718391193389892, 1.370701280593872, 1.3714937335014343, 1.3755588220596313, 1.3707391397476196, 1.3750124497413636, 1.3781179252624511, 1.373821387386322, 1.3765171146392823, 1.3767597282409667, 1.3777926503181457, 1.3818471390724183, 1.3783263615608214, 1.37797341632843, 1.380370514011383, 1.3909665315628053, 1.3835377084732057, 1.3896532222747802, 1.3887772565841674, 1.387743285369873, 1.3924718130111695, 1.3903952694892883, 1.4053689035415649, 1.4051242871284484, 1.4010347411155701, 1.4013889070510863, 1.4063127688407897, 1.4095118572235108, 1.408408202457428, 1.4095390751838683, 1.4100680337905884, 1.4145447771072388, 1.419792953491211, 1.4230337074279784, 1.4327152069091798, 1.4315791774749755, 1.4289558906555175, 1.4320030394554137], "val_reconstruction_loss": [0.001203477200306952, 0.001220377277582884, 0.001243026400450617, 0.0012465138816274703, 0.0012595122372731566, 0.0013361231522634625, 0.0012716455820947885, 0.0012869265163317322, 0.0012729379332624376, 0.0013132382051087915, 0.0013125369481742381, 0.0013282860330305994, 0.0013243779968470336, 0.0013504734724760056, 0.0013376831717789174, 0.0013230213342234492, 0.0013409410337917507, 0.0013261423414573073, 0.0013258146828040481, 0.0013393363527953624, 0.0013272455347701907, 0.001303231154102832, 0.001317409094888717, 0.0013232233551330865, 0.001316625954117626, 0.0013360080420970917, 0.0013416671628132463, 0.001345437164325267, 0.0013375815451145171, 0.001342362019047141, 0.0013561413454823196, 0.0013298935766331852, 0.0013457106849178672, 0.0013166485226713122, 0.001354755239188671, 0.0013525479537434876, 0.001343426659796387, 0.0013481053810566663, 0.0013482018782757222, 0.0013418022396042943, 0.0013587191440165042, 0.0013445905406959354, 0.0013517102560028434, 0.0013612590411677956, 0.0013176750164479018, 0.0013504568787291646, 0.0013418618674390019, 0.0013727798283100128, 0.0013920703443698586, 0.0013920777363702656, 0.001385765979066491, 0.00136049425015226, 0.0013530700204893947, 0.0013548952738754452, 0.0013672648111358284, 0.001385405582562089, 0.0013588374519720673, 0.0013798271619714796, 0.0013820079561322927, 0.0013779223501682281, 0.0013916285928338766, 0.001361814711522311, 0.0014063065309077502, 0.0013766477804630995, 0.0013886865260079504, 0.0013497264420613646, 0.0013659076812677085, 0.0014200195895507932, 0.0013948786024935544, 0.0014140291750431061, 0.001414615574479103, 0.0014073223150335252, 0.0013963231392204762, 0.0013851882371120154, 0.0013923321017995478, 0.001443794757127762, 0.001406397522240877, 0.0014019123481586575, 0.0013764451690018178, 0.0013958504704758524], "val_class_acc": [0.3663, 0.3983, 0.4126, 0.4252, 0.439, 0.4443, 0.4481, 0.4494, 0.4568, 0.4617, 0.467, 0.4685, 0.4739, 0.4787, 0.4769, 0.483, 0.486, 0.4902, 0.4897, 0.4949, 0.4927, 0.4967, 0.4971, 0.4992, 0.4999, 0.5013, 0.5054, 0.5064, 0.5061, 0.506, 0.5101, 0.5133, 0.5094, 0.5135, 0.5128, 0.5109, 0.5117, 0.515, 0.5162, 0.5139, 0.5177, 0.5177, 0.5163, 0.5152, 0.5158, 0.5148, 0.5194, 0.5181, 0.5165, 0.5198, 0.5205, 0.5174, 0.5189, 0.5187, 0.5179, 0.5206, 0.5204, 0.5161, 0.5195, 0.5185, 0.5172, 0.517, 0.5166, 0.5189, 0.5163, 0.5181, 0.5175, 0.5151, 0.5153, 0.5147, 0.5169, 0.5168, 0.5173, 0.5169, 0.5169, 0.5157, 0.5137, 0.5133, 0.516, 0.5162], "val_reconstruction_mean_squared_error": [0.001203477200306952, 0.001220377272926271, 0.0012430264019407332, 0.001246513882931322, 0.0012595122405327857, 0.0013361231521703302, 0.001271645584795624, 0.0012869265149347484, 0.0012729379378259183, 0.001313238207437098, 0.0013125369491055609, 0.0013282860328443348, 0.0013243779986165463, 0.0013504734746180474, 0.0013376831758767367, 0.0013230213398113847, 0.0013409410393796862, 0.0013261423424817621, 0.0013258146803826094, 0.0013393363532610237, 0.0013272455342113972, 0.0013032311581075192, 0.0013174090966582299, 0.0013232233552262188, 0.0013166259553283454, 0.00133600803790614, 0.001341667159460485, 0.0013454371662810444, 0.0013375815402716397, 0.0013423620210029185, 0.001356141346413642, 0.0013298935787752271, 0.0013457106867805124, 0.0013166485212743283, 0.001354755239095539, 0.001352547956816852, 0.001343426659889519, 0.0013481053806841373, 0.0013482018753886223, 0.001341802239138633, 0.0013587191504426301, 0.0013445905356667936, 0.0013517102549783886, 0.0013612590417265893, 0.0013176750177517533, 0.001350456877797842, 0.0013418618691153825, 0.001372779825888574, 0.001392070341296494, 0.0013920777462422848, 0.0013857659805566072, 0.0013604942496865987, 0.0013530700161121785, 0.0013548952717334032, 0.0013672648141160608, 0.0013854055859148502, 0.0013588374502956867, 0.0013798271611332894, 0.001382007952220738, 0.001377922350820154, 0.0013916285884566606, 0.001361814715154469, 0.0014063065260648728, 0.0013766477790661156, 0.0013886865326203405, 0.001349726442154497, 0.0013659076829440893, 0.0014200195904821157, 0.0013948786046355964, 0.001414029175695032, 0.0014146155694499613, 0.0014073223158717156, 0.0013963231351226569, 0.0013851882319897413, 0.0013923321048729123, 0.0014437947588041425, 0.0014063975193537772, 0.001401912347227335, 0.0013764451708644628, 0.0013958504713140428],