{"val_loss": [0.009800875645875931, 0.005086320339143276, 0.003572589473798871, 0.002862748785689473, 0.002325787654146552, 0.0021310158170759676, 0.0018336893007159234, 0.0017102624733000994, 0.0015811912510544062, 0.001515943455696106, 0.0015011174513027072, 0.0013612137794494629, 0.0013217838872224092, 0.0012721004951745272, 0.001268207504414022, 0.0012377979502081872, 0.0012254630461335182, 0.0011625050384551287, 0.0011391675606369973, 0.0011332480607554316], "val_class_loss": [0.0, 0.0, 0.0, 0.0, 0.0, 0.0, 0.0, 0.0, 0.0, 0.0, 0.0, 0.0, 0.0, 0.0, 0.0, 0.0, 0.0, 0.0, 0.0, 0.0], "val_reconstruction_loss": [0.009800875645875931, 0.005086320339143276, 0.003572589473798871, 0.002862748785689473, 0.002325787654146552, 0.0021310158170759676, 0.0018336893007159234, 0.0017102624733000994, 0.0015811912510544062, 0.001515943455696106, 0.0015011174513027072, 0.0013612137794494629, 0.0013217838872224092, 0.0012721004951745272, 0.001268207504414022, 0.0012377979502081872, 0.0012254630461335182, 0.0011625050384551287, 0.0011391675606369973, 0.0011332480607554316], "val_class_acc": [0.0972, 0.1, 0.1008, 0.1042, 0.1071, 0.1046, 0.1047, 0.1034, 0.1015, 0.1002, 0.097, 0.0942, 0.0932, 0.0933, 0.0921, 0.0917, 0.0926, 0.0926, 0.0921, 0.0909], "val_reconstruction_mean_squared_error": [0.009800875607132912, 0.005086320322751999, 0.0035725894670933485, 0.002862748795375228, 0.0023257876504212617, 0.0021310158111155033, 0.0018336893010884522, 0.0017102624759078027, 0.0015811912527307868, 0.0015159434469416738, 0.0015011174488812685, 0.0013612137775868176, 0.00132178388312459, 0.0012721005007624627, 0.0012682074993848802, 0.0012377979500219226, 0.0012254630463197826, 0.0011625050358474254, 0.0011391675548627972, 0.0011332480616867541], "loss": [0.019283563588261603, 0.007979787052571774, 0.0050099423940479755, 0.003898266532868147, 0.003302009022757411, 0.0029110381658375263, 0.0026950860872119666, 0.002518298241570592, 0.0023425332779809832, 0.002197321415692568, 0.002135515464246273, 0.002031776184886694, 0.001953136860430241, 0.0019031608146801591, 0.0018168079572916031, 0.0017977028212696315, 0.0016917673807963728, 0.0016890326708555222, 0.001649514065235853, 0.0016157217766344547], "class_loss": [0.0, 0.0, 0.0, 0.0, 0.0, 0.0, 0.0, 0.0, 0.0, 0.0, 0.0, 0.0, 0.0, 0.0, 0.0, 0.0, 0.0, 0.0, 0.0, 0.0], "reconstruction_loss": [0.019283563588261603, 0.007979787052571774, 0.0050099423940479755, 0.003898266532868147, 0.003302009022757411, 0.0029110381658375263, 0.0026950860872119666, 0.002518298241570592, 0.0023425332779809832, 0.002197321415692568, 0.002135515464246273, 0.002031776184886694, 0.001953136860430241, 0.0019031608146801591, 0.0018168079572916031, 0.0017977028212696315, 0.0016917673807963728, 0.0016890326708555222, 0.001649514065235853, 0.0016157217766344547], "class_acc": [0.11888, 0.12062, 0.1253, 0.12062, 0.11178, 0.10706, 0.10488, 0.10422, 0.10644, 0.10626, 0.10796, 0.10856, 0.10692, 0.10768, 0.10688, 0.10516, 0.10432, 0.10452, 0.10286, 0.10236], "reconstruction_mean_squared_error": [0.019283563647270203, 0.007979787039011716, 0.00500994239076972, 0.0038982665311545132, 0.0033020090214163065, 0.002911038160994649, 0.002695086086168885, 0.0025182982421666383, 0.002342533279582858, 0.00219732141174376, 0.0021355154624581336, 0.0020317761812359094, 0.001953136857673526, 0.0019031608171761036, 0.0018168079581856727, 0.0017977028208225965, 0.0016917673769965768, 0.0016890326701104641, 0.001649514065310359, 0.0016157217770069838]}