{"val_loss": [0.009200547640025616, 0.005082181639969349, 0.0034393900118768216, 0.002741343829035759, 0.0022866298366338014, 0.0020532824259251355, 0.0019135612338781356, 0.0017537326503545047, 0.0016053044153377413, 0.001608906690776348, 0.0014836539581418037, 0.0014383601406589151, 0.0014226624503731727, 0.0013562510080635548, 0.001338706424087286, 0.00134189483076334, 0.0013018175126984716, 0.0012460612146183848, 0.0012563833747059106, 0.0012767595576122404], "val_class_loss": [0.0, 0.0, 0.0, 0.0, 0.0, 0.0, 0.0, 0.0, 0.0, 0.0, 0.0, 0.0, 0.0, 0.0, 0.0, 0.0, 0.0, 0.0, 0.0, 0.0], "val_reconstruction_loss": [0.009200547640025616, 0.005082181639969349, 0.0034393900118768216, 0.002741343829035759, 0.0022866298366338014, 0.0020532824259251355, 0.0019135612338781356, 0.0017537326503545047, 0.0016053044153377413, 0.001608906690776348, 0.0014836539581418037, 0.0014383601406589151, 0.0014226624503731727, 0.0013562510080635548, 0.001338706424087286, 0.00134189483076334, 0.0013018175126984716, 0.0012460612146183848, 0.0012563833747059106, 0.0012767595576122404], "val_class_acc": [0.0975, 0.104, 0.1071, 0.1097, 0.1086, 0.113, 0.1132, 0.1138, 0.1102, 0.1099, 0.1117, 0.113, 0.1148, 0.1117, 0.1119, 0.1136, 0.1125, 0.1115, 0.1105, 0.1089], "val_reconstruction_mean_squared_error": [0.009200547641515731, 0.005082181638479233, 0.003439390005171299, 0.00274134384393692, 0.0022866298407316207, 0.002053282418102026, 0.0019135612294077873, 0.0017537326492369175, 0.001605304418131709, 0.00160890669580549, 0.0014836539566516877, 0.001438360146805644, 0.0014226624485105276, 0.0013562510028481483, 0.0013387064227834344, 0.0013418948248028755, 0.0013018175087869167, 0.0012460612097755074, 0.0012563833754509687, 0.00127675955966115], "loss": [0.01958582011938095, 0.00776611319810152, 0.00488254840940237, 0.0037517318774759768, 0.003200236202329397, 0.0028517111264914274, 0.0026378155194967984, 0.0024269245850294828, 0.0022585060090571643, 0.002162944670841098, 0.0020531785467267035, 0.0019759040252119303, 0.001924783456325531, 0.0018608046152442693, 0.0018066304136812688, 0.0017429179465025663, 0.0017030698189139366, 0.0016861623118445278, 0.0016489670903235673, 0.001585211074128747], "class_loss": [0.0, 0.0, 0.0, 0.0, 0.0, 0.0, 0.0, 0.0, 0.0, 0.0, 0.0, 0.0, 0.0, 0.0, 0.0, 0.0, 0.0, 0.0, 0.0, 0.0], "reconstruction_loss": [0.01958582011938095, 0.00776611319810152, 0.00488254840940237, 0.0037517318774759768, 0.003200236202329397, 0.0028517111264914274, 0.0026378155194967984, 0.0024269245850294828, 0.0022585060090571643, 0.002162944670841098, 0.0020531785467267035, 0.0019759040252119303, 0.001924783456325531, 0.0018608046152442693, 0.0018066304136812688, 0.0017429179465025663, 0.0017030698189139366, 0.0016861623118445278, 0.0016489670903235673, 0.001585211074128747], "class_acc": [0.165, 0.1418, 0.13512, 0.12274, 0.10358, 0.09042, 0.08444, 0.08544, 0.0818, 0.07718, 0.0741, 0.0701, 0.0661, 0.0618, 0.0607, 0.05914, 0.05892, 0.05556, 0.05572, 0.0543], "reconstruction_mean_squared_error": [0.01958582013309002, 0.007766113183498383, 0.004882548415064812, 0.0037517318794131277, 0.0032002362087368967, 0.002851711128279567, 0.0026378155198693277, 0.002426924589276314, 0.0022585060086473823, 0.0021629446737468244, 0.0020531785440444945, 0.0019759040220826865, 0.0019247834534198045, 0.0018608046127855777, 0.0018066304112970828, 0.0017429179468005896, 0.0017030698201060295, 0.0016861623104661703, 0.0016489670933783054, 0.0015852110740542413]}