{"val_loss": [0.025746172052621842, 0.020289435440301894, 0.018976302909851073, 0.015917447155714037, 0.014946260210871696, 0.014115586736798287, 0.01455232359468937, 0.013338911406695842, 0.013057512144744396, 0.012938576109707356, 0.012652278855443, 0.012599047513306141, 0.012556373244524003, 0.012303072546422482, 0.01229405966848135, 0.012069628870487212, 0.012580765530467034, 0.011960402381420135, 0.011980992734432221, 0.011868717131018638], "val_class_loss": [0.0, 0.0, 0.0, 0.0, 0.0, 0.0, 0.0, 0.0, 0.0, 0.0, 0.0, 0.0, 0.0, 0.0, 0.0, 0.0, 0.0, 0.0, 0.0, 0.0], "val_reconstruction_loss": [0.025746172052621842, 0.020289435440301894, 0.018976302909851073, 0.015917447155714037, 0.014946260210871696, 0.014115586736798287, 0.01455232359468937, 0.013338911406695842, 0.013057512144744396, 0.012938576109707356, 0.012652278855443, 0.012599047513306141, 0.012556373244524003, 0.012303072546422482, 0.01229405966848135, 0.012069628870487212, 0.012580765530467034, 0.011960402381420135, 0.011980992734432221, 0.011868717131018638], "val_class_acc": [0.086, 0.0893, 0.0844, 0.0846, 0.0884, 0.0895, 0.0875, 0.0915, 0.09, 0.0903, 0.0948, 0.0905, 0.0908, 0.0913, 0.0917, 0.0901, 0.09, 0.0925, 0.088, 0.0902], "val_reconstruction_mean_squared_error": [0.025746172052621842, 0.020289435440301894, 0.018976302909851073, 0.015917447155714037, 0.014946260210871696, 0.014115586736798287, 0.01455232359468937, 0.013338911406695842, 0.013057512144744396, 0.012938576109707356, 0.012652278855443, 0.012599047513306141, 0.012556373244524003, 0.012303072546422482, 0.01229405966848135, 0.012069628870487212, 0.012580765530467034, 0.011960402381420135, 0.011980992734432221, 0.011868717131018638], "loss": [0.03714702602148056, 0.02438621415257454, 0.020134526168107986, 0.017854178179502488, 0.01651158160030842, 0.015625490359663964, 0.015047563256621361, 0.014548442326188087, 0.014215727581381798, 0.013899779288768769, 0.013629300552904606, 0.013437414059340954, 0.01327551681816578, 0.013107765199542045, 0.012958443459570408, 0.012851107667088508, 0.012733289007544517, 0.012622535576820373, 0.012527677449285984, 0.012463852360248566], "class_loss": [0.0, 0.0, 0.0, 0.0, 0.0, 0.0, 0.0, 0.0, 0.0, 0.0, 0.0, 0.0, 0.0, 0.0, 0.0, 0.0, 0.0, 0.0, 0.0, 0.0], "reconstruction_loss": [0.03714702602148056, 0.02438621415257454, 0.020134526168107986, 0.017854178179502488, 0.01651158160030842, 0.015625490359663964, 0.015047563256621361, 0.014548442326188087, 0.014215727581381798, 0.013899779288768769, 0.013629300552904606, 0.013437414059340954, 0.01327551681816578, 0.013107765199542045, 0.012958443459570408, 0.012851107667088508, 0.012733289007544517, 0.012622535576820373, 0.012527677449285984, 0.012463852360248566], "class_acc": [0.00436, 0.00076, 0.00092, 0.0021, 0.0028, 0.00246, 0.0046, 0.00436, 0.00632, 0.00602, 0.00694, 0.00764, 0.00806, 0.00944, 0.0085, 0.00988, 0.0111, 0.01042, 0.0122, 0.01088], "reconstruction_mean_squared_error": [0.03714702602148056, 0.02438621415257454, 0.020134526168107986, 0.017854178179502488, 0.01651158160030842, 0.015625490359663964, 0.015047563256621361, 0.014548442326188087, 0.014215727581381798, 0.013899779288768769, 0.013629300552904606, 0.013437414059340954, 0.01327551681816578, 0.013107765199542045, 0.012958443459570408, 0.012851107667088508, 0.012733289007544517, 0.012622535576820373, 0.012527677449285984, 0.012463852360248566]}