{"val_loss": [2.6327376739501953, 2.4922598901748656, 2.464458715248108, 2.458942384719849, 2.537866393661499, 2.445911988258362, 2.4247823358535765, 2.411769223213196, 2.4476386850357055, 2.4547555658340454, 2.43968710269928, 2.412228145980835, 2.3902761207580565, 2.46041221370697, 2.4714651990890504, 2.4660468633651735, 2.42489481716156, 2.428799902153015, 2.457989019012451, 2.456509358406067, 2.4517028978347777, 2.4472640306472777, 2.453048127365112, 2.459197692871094, 2.4847324613571167, 2.453390795135498, 2.4571079639434816, 2.4877323480606077, 2.486124420928955, 2.4855380184173583, 2.4814781490325926, 2.4642229890823364, 2.467059412956238, 2.4746141609191894, 2.4996958036422727, 2.4749764722824095, 2.5017307106018065, 2.4953511505126955, 2.4930289705276487, 2.5129987913131715], "val_class_loss": [2.6204961444854735, 2.479500043296814, 2.45094094581604, 2.444263384437561, 2.522720104980469, 2.4309870624542236, 2.4101587261199953, 2.3973931913375854, 2.433467420578003, 2.4408177619934084, 2.4261739336013792, 2.398693437194824, 2.3766733180999755, 2.4471027101516722, 2.4583753227233887, 2.452928155517578, 2.4117544410705567, 2.4156578578948973, 2.4449567680358886, 2.443444571304321, 2.4386324016571046, 2.4342398345947265, 2.4401322231292726, 2.4462989465713503, 2.471742653274536, 2.4403795583724976, 2.444125144958496, 2.4748196657180785, 2.4731974573135376, 2.4726380220413207, 2.4686018075942995, 2.4513246742248533, 2.4541190725326536, 2.4616475734710694, 2.4867855026245116, 2.4620931665420533, 2.488860587310791, 2.4824798362731935, 2.4801491830825806, 2.5000888986587526], "val_reconstruction_loss": [0.012241529920697212, 0.012759853616356849, 0.01351776991188526, 0.014679002919793129, 0.01514629123955965, 0.014924925263226032, 0.014623610274493694, 0.014376029761135578, 0.01417126197218895, 0.013937798072397709, 0.013513169188797474, 0.013534715978801251, 0.01360280075520277, 0.01330950182080269, 0.01308988081663847, 0.013118708050251006, 0.013140376390516758, 0.013142046275734901, 0.013032253064215184, 0.013064784799516201, 0.013070493920147419, 0.013024199709296226, 0.012915905712544917, 0.012898745439946652, 0.012989809374511241, 0.01301123506128788, 0.012982818450033665, 0.012912678867578506, 0.012926963376998902, 0.012900000184774399, 0.012876343055069447, 0.012898312294483185, 0.012940340468287468, 0.01296658641844988, 0.012910301259160041, 0.012883305183053017, 0.012870121833682061, 0.012871311794221402, 0.01287978686094284, 0.01290989789068699], "val_class_acc": [0.1157, 0.12, 0.1384, 0.1359, 0.1414, 0.1528, 0.1576, 0.1541, 0.1576, 0.1515, 0.1641, 0.1643, 0.158, 0.165, 0.1645, 0.1661, 0.1642, 0.1674, 0.1709, 0.1696, 0.1597, 0.1688, 0.1729, 0.1706, 0.1725, 0.1724, 0.1743, 0.1739, 0.1761, 0.1725, 0.1758, 0.1745, 0.1752, 0.1758, 0.1757, 0.1782, 0.1777, 0.1768, 0.1767, 0.1786], "val_reconstruction_mean_squared_error": [0.012241529920697212, 0.012759853616356849, 0.01351776991188526, 0.014679002919793129, 0.01514629123955965, 0.014924925263226032, 0.014623610274493694, 0.014376029761135578, 0.01417126197218895, 0.013937798072397709, 0.013513169188797474, 0.013534715978801251, 0.01360280075520277, 0.01330950182080269, 0.01308988081663847, 0.013118708050251006, 0.013140376390516758, 0.013142046275734901, 0.013032253064215184, 0.013064784799516201, 0.013070493920147419, 0.013024199709296226, 0.012915905712544917, 0.012898745439946652, 0.012989809374511241, 0.01301123506128788, 0.012982818450033665, 0.012912678867578506, 0.012926963376998902, 0.012900000184774399, 0.012876343055069447, 0.012898312294483185, 0.012940340468287468, 0.01296658641844988, 0.012910301259160041, 0.012883305183053017, 0.012870121833682061, 0.012871311794221402, 0.01287978686094284, 0.01290989789068699], "loss": [2.4315712738037107, 1.9167183017730713, 1.6795349359512328, 1.4726511526107788, 1.3309725952148437, 1.180493211746216, 1.0679285359382629, 0.961099944114685, 0.8456806874275208, 0.7807810807228088, 0.6931921362876892, 0.6226250457763672, 0.5779801988601685, 0.5184000134468079, 0.48048889994621274, 0.43105594873428343, 0.4016455101966858, 0.35588252782821655, 0.329029905796051, 0.3059780383110046, 0.28390694975852965, 0.26063431859016417, 0.2451196938753128, 0.22788819968700408, 0.20730008006095887, 0.19449602961540222, 0.18150808036327362, 0.17126957595348358, 0.16376169085502623, 0.1533970993757248, 0.1456281238794327, 0.13940370172262193, 0.132466681599617, 0.1272829857468605, 0.12072144210338592, 0.1147442376613617, 0.10994090378284455, 0.1057233464717865, 0.10062462091445923, 0.09685919016599655], "class_loss": [2.418359832763672, 1.9032781028747559, 1.6654954624176026, 1.457743124961853, 1.3150983905792237, 1.1642066955566406, 1.0522347140312194, 0.9450860404968262, 0.8305978965759278, 0.765330924987793, 0.6780405426025391, 0.6081460094451905, 0.5627933192253113, 0.5040969371795654, 0.4656705391407013, 0.4161733078956604, 0.38706700563430785, 0.3416391086578369, 0.31491172313690186, 0.29157726049423216, 0.2694036996364593, 0.24654168128967285, 0.23086843252182007, 0.21395160555839537, 0.19315875291824341, 0.18002292394638061, 0.16722086787223817, 0.15719536006450652, 0.14982384502887724, 0.13954025983810425, 0.13190904259681702, 0.12591516613960266, 0.11888779014348984, 0.11324403047561646, 0.1069465184211731, 0.1010893303155899, 0.09689674615859985, 0.0921631246805191, 0.08718823850154876, 0.08393424183130264], "reconstruction_loss": [0.013211466521024704, 0.013440199345350266, 0.014039478451013564, 0.014908035248517991, 0.01587419554591179, 0.01628652885556221, 0.015693832412362097, 0.016013914085924626, 0.015082791000604629, 0.015450149439275265, 0.015151594951748847, 0.014479032717645168, 0.015186867527663708, 0.014303071945905686, 0.014818365424871445, 0.014882648587226868, 0.014578507095575333, 0.014243418872356415, 0.014118179306387901, 0.014400770366191864, 0.014503248408436776, 0.014092636108398438, 0.014251260459423066, 0.013936595171689986, 0.014141329117119312, 0.014473106563091278, 0.014287209436297417, 0.01407421838492155, 0.013937847763299942, 0.013856838569045066, 0.013719079494476318, 0.013488537147641182, 0.013578892499208451, 0.014038954600691796, 0.013774923607707023, 0.013654907532036305, 0.013044159039855003, 0.0135602218657732, 0.013436380997300148, 0.012924948520958424], "class_acc": [0.13, 0.36, 0.54, 0.72, 0.76, 0.87, 0.89, 0.94, 0.96, 0.97, 0.97, 0.99, 1.0, 1.0, 1.0, 1.0, 1.0, 1.0, 1.0, 1.0, 1.0, 1.0, 1.0, 1.0, 1.0, 1.0, 1.0, 1.0, 1.0, 1.0, 1.0, 1.0, 1.0, 1.0, 1.0, 1.0, 1.0, 1.0, 1.0, 1.0], "reconstruction_mean_squared_error": [0.013211466521024704, 0.013440199345350266, 0.014039478451013564, 0.014908035248517991, 0.01587419554591179, 0.01628652885556221, 0.015693832412362097, 0.016013914085924626, 0.015082791000604629, 0.015450149439275265, 0.015151594951748847, 0.014479032717645168, 0.015186867527663708, 0.014303071945905686, 0.014818365424871445, 0.014882648587226868, 0.014578507095575333, 0.014243418872356415, 0.014118179306387901, 0.014400770366191864, 0.014503248408436776, 0.014092636108398438, 0.014251260459423066, 0.013936595171689986, 0.014141329117119312, 0.014473106563091278, 0.014287209436297417, 0.01407421838492155, 0.013937847763299942, 0.013856838569045066, 0.013719079494476318, 0.013488537147641182, 0.013578892499208451, 0.014038954600691796, 0.013774923607707023, 0.013654907532036305, 0.013044159039855003, 0.0135602218657732, 0.013436380997300148, 0.012924948520958424]}