{"val_loss": [0.021828535032272337, 0.020532808370888233, 0.019923242810368537, 0.019611790931224823, 0.01925200072824955, 0.019060913656651975, 0.018849313096702097, 0.018702071949839593, 0.018588587434589864, 0.018512660685181617, 0.018393395768105985, 0.018387285897135733, 0.01824400912672281, 0.01820153626948595, 0.018159602211415767, 0.018082707618176937, 0.01802916574627161, 0.018021001662313938, 0.01795351068377495, 0.017901682950556278, 0.017920908810198307, 0.01788153208643198, 0.01786849858313799, 0.017862893424928188, 0.017882927991449832, 0.01785516402423382, 0.017812491254508494, 0.017772733284533025, 0.017784784220159052, 0.017779181660711765, 0.01786738324165344, 0.01781578385382891, 0.017833358478546144, 0.01783534771203995, 0.017807438084483148, 0.017828439697623252, 0.01782229996025562, 0.01783793426901102, 0.017868123961985113, 0.017881230747699737, 0.017834732876718044, 0.017863906112313272, 0.017840728618204595, 0.017877800449728965, 0.017938993960618974, 0.017973749527335166, 0.017946511694788933, 0.0180088791012764, 0.01795502197891474, 0.018033075864613057, 0.017977449284493924, 0.018044200913608074, 0.018066905902326107, 0.01805682038217783, 0.018124352926015854, 0.018147954200208188, 0.018217017747461796, 0.018201235716044904, 0.01823552749156952, 0.018256039328873156, 0.018354327976703645, 0.018346818369627, 0.018361308774352075, 0.018428520476818085, 0.01847813275307417, 0.018496149435639382, 0.018610628260672092, 0.0186194531917572, 0.01866568561643362, 0.01869288280159235, 0.018730635657906534, 0.018786160026490688, 0.018830555754899978, 0.018855684331059455, 0.01896136462688446, 0.018943852305412293, 0.019029505734145642, 0.01910599306970835, 0.019150603641569616, 0.019227780503034593], "val_class_loss": [2.072640403175354, 1.9414349422454833, 1.878864792060852, 1.8466345346450805, 1.8129893226623535, 1.7902447380065918, 1.7695123641014099, 1.7537092843055726, 1.743752822494507, 1.7340056812286377, 1.723757466697693, 1.7158761288642883, 1.7047259111404418, 1.7043646711349487, 1.6966427604675294, 1.690707882118225, 1.682338197517395, 1.6835019095420838, 1.676847116470337, 1.6724721325874328, 1.6728544414520263, 1.6704014633178712, 1.668419142818451, 1.6668371821403503, 1.6688171399116516, 1.6642875074386596, 1.661259275341034, 1.6570383083343505, 1.659207989692688, 1.6574596859931945, 1.6618485005378723, 1.6595353863716125, 1.660682785320282, 1.6598412720680238, 1.658739011669159, 1.6594969539642335, 1.6592251249313354, 1.6590818334579467, 1.6617891072273254, 1.6607249976158143, 1.6594636284828186, 1.6644088774681092, 1.6609497743606567, 1.6616205646514892, 1.6669079333305359, 1.6703588186264038, 1.6662116649627685, 1.6716455877304077, 1.6703520458221435, 1.6753263891220094, 1.670930804347992, 1.6759607252120972, 1.6794004949569703, 1.677447954940796, 1.6831590695381164, 1.6871766101837158, 1.6904962644577026, 1.6922748240470886, 1.691810550403595, 1.6973445033073424, 1.7026527660369872, 1.706901655960083, 1.7053498668670655, 1.7113310405731201, 1.7172329782485962, 1.7183803366661072, 1.726916630268097, 1.7298005135536194, 1.734528814983368, 1.7372837920188904, 1.7411919158935547, 1.744423579120636, 1.749199489593506, 1.752911739063263, 1.7612418517112731, 1.7606698949813844, 1.7713184862136842, 1.776972616004944, 1.7826291085243224, 1.7890847317695617], "val_reconstruction_loss": [0.001102131473366171, 0.0011184593656100332, 0.0011345953114330768, 0.0011454460112378, 0.001122107987292111, 0.001158466645143926, 0.0011541898483410477, 0.001164979509729892, 0.00115105963582173, 0.0011726042551919817, 0.001155821455642581, 0.0012285249914973974, 0.0011967504112981259, 0.0011578899282962084, 0.0011931749530136586, 0.001175629201810807, 0.0012057841585949064, 0.0011859829244203865, 0.0011850399234332144, 0.0011769619872793555, 0.0011923647716641425, 0.0011775178362615406, 0.0011843075327575207, 0.0011945219605229796, 0.0011947569582611323, 0.0012122893539257347, 0.0011998988823965192, 0.0012023506010882556, 0.0011927047257311641, 0.0012045851626433432, 0.0012488985939882696, 0.0012204303917475044, 0.0012265309711918236, 0.0012369353342801333, 0.0012200483330525459, 0.0012334704998880626, 0.0012300491043366491, 0.0012471163518726826, 0.001250233259331435, 0.0012739811483770608, 0.0012400969682261347, 0.0012198176706209778, 0.0012312312223948538, 0.0012615951844491065, 0.0012699149881489574, 0.0012701617176644503, 0.001284395440481603, 0.0012924235465936362, 0.0012515018925070762, 0.00127981231007725, 0.0012681416573934257, 0.0012845940045081079, 0.001272901327162981, 0.0012823411889374256, 0.0012927625738084316, 0.0012761884855106472, 0.0013120555000379682, 0.0012784878640435635, 0.0013174223046749831, 0.0012825946683995425, 0.0013278006699867547, 0.0012778022210113704, 0.0013078104572370648, 0.0013152104584500193, 0.0013058033405803143, 0.0013123464696109294, 0.00134146237205714, 0.0013214484504424035, 0.0013203978571109474, 0.0013200453215278685, 0.00131871688188985, 0.0013419246394187213, 0.0013385612394660712, 0.0013265673657879232, 0.0013489465221762657, 0.0013371537514962255, 0.0013163212323561312, 0.0013362672640010714, 0.0013243129847571255, 0.0013369336158037186], "val_class_acc": [0.2763, 0.3191, 0.3451, 0.3586, 0.3704, 0.3782, 0.3836, 0.3905, 0.3948, 0.3984, 0.3998, 0.4027, 0.4112, 0.4108, 0.412, 0.414, 0.4144, 0.4164, 0.4177, 0.4214, 0.4179, 0.4227, 0.424, 0.4233, 0.426, 0.4269, 0.426, 0.4246, 0.427, 0.4257, 0.4253, 0.4287, 0.428, 0.4313, 0.4298, 0.4288, 0.4288, 0.4289, 0.4284, 0.4326, 0.4323, 0.431, 0.4335, 0.4329, 0.4303, 0.4289, 0.4327, 0.4303, 0.4301, 0.4323, 0.4332, 0.4302, 0.4319, 0.4334, 0.4312, 0.4307, 0.4279, 0.4302, 0.4315, 0.431, 0.4286, 0.428, 0.4276, 0.4264, 0.4272, 0.4256, 0.4284, 0.4281, 0.4261, 0.4255, 0.4262, 0.4249, 0.4269, 0.426, 0.4235, 0.4252, 0.4227, 0.421, 0.4227, 0.4207], "val_reconstruction_mean_squared_error": [0.0011021314683370292, 0.0011184593659825622, 0.0011345953094772994, 0.001145446009002626, 0.001122107983753085, 0.0011584666448645293, 0.0011541898453608155, 0.0011649795154109598, 0.0011510596343316138, 0.001172604254540056, 0.0011558214573189616, 0.001228524988796562, 0.001196750410925597, 0.001157889927737415, 0.0011931749517098069, 0.0011756292045116425, 0.0012057841588743031, 0.0011859829291701316, 0.001185039920732379, 0.001176961986720562, 0.0011923647718504072, 0.0011775178333744407, 0.0011843075312674045, 0.001194521964993328, 0.0011947569661773742, 0.0012122893538326024, 0.0011998988832347096, 0.001202350600156933, 0.001192704727128148, 0.0012045851605013013, 0.00124889859193936, 0.0012204303939826787, 0.0012265309671871364, 0.0012369353314861655, 0.0012200483337044717, 0.0012334704984910787, 0.0012300491040572524, 0.001247116345912218, 0.0012502332577481866, 0.0012739811504259705, 0.001240096965804696, 0.001219817668106407, 0.0012312312204390764, 0.0012615951852872967, 0.0012699149889871478, 0.0012701617144979538, 0.0012843954401090742, 0.0012924235437996685, 0.0012515018955804407, 0.0012798123132437467, 0.0012681416594423353, 0.0012845940028317273, 0.0012729013295844198, 0.0012823411929421126, 0.0012927625732496381, 0.001276188484299928, 0.0013120555013418197, 0.001278487865999341, 0.0013174223023466765, 0.0012825946668162942, 0.0013278006652370094, 0.0012778022198937833, 0.0013078104600310325, 0.0013152104567736387, 0.001305803336109966, 0.0013123464678414167, 0.001341462374664843, 0.001321448446251452, 0.0013203978601843119, 0.0013200453232042491, 0.0013187168842181563, 0.0013419246337376535, 0.00133856123611331, 0.0013265673664398492, 0.0013489465206861495, 0.0013371537518687545, 0.0013163212343119085, 0.0013362672675400972, 0.0013243129890412092, 0.0013369336117990316],