{"val_loss": [0.02804291526079178, 0.026399024933576584, 0.02528136329948902, 0.024540259259939193, 0.023973632642626762, 0.023558189350366594, 0.023199436147511004, 0.02291551171094179, 0.022704875530302523, 0.022462377020716667, 0.022271844241023065, 0.022145281736552714, 0.022002593424916266, 0.021895213937759398, 0.02181448597162962, 0.02171930463165045, 0.021608132623136045, 0.02155916355252266, 0.021488245432078838, 0.021457211439311504, 0.02143951102644205, 0.02137670188099146, 0.021320082157850265, 0.021263489931821825, 0.021292040726542474, 0.021203805705904962, 0.021267647463083267, 0.021189874435961247, 0.021157133331894874, 0.02111527631431818, 0.021135027894377708, 0.021126276750862597, 0.021068204705417155, 0.0211067287966609, 0.021100125476717947, 0.02112542269527912, 0.02113251841813326, 0.021192982822656633, 0.021166924519836903, 0.02114467286169529, 0.02116482814848423, 0.021171299520134926, 0.02120261663943529, 0.021188997915387153, 0.021286896643042563, 0.02122233782708645, 0.02124268895685673, 0.02125524943470955, 0.021285905373096468, 0.021283032250404357, 0.021256631813943386, 0.021272528144717216, 0.02130242168009281, 0.02133536684960127, 0.021359836523234844, 0.02134909023195505, 0.021439796289801596, 0.021444996201992035, 0.02146996923238039, 0.02145421671271324, 0.02149108576774597, 0.021517653733491897, 0.02154796975404024, 0.021573395696282388, 0.021592790946364404, 0.02162331804186106, 0.021627233916521073, 0.021639038148522378, 0.021688254015147686, 0.021690426574647426, 0.021757815781235694, 0.02176465087682009, 0.021812995791435242, 0.021798403051495552, 0.021822460140287877, 0.021808373849093916, 0.021909774984419345, 0.021936030258238315, 0.02201714390963316, 0.022009942843019964], "val_class_loss": [2.7010815296173094, 2.5375146738052368, 2.4268326894760133, 2.3520462535858155, 2.295183018684387, 2.2505308853149413, 2.2155197204589845, 2.185795784187317, 2.1627312370300293, 2.1386511878967287, 2.120703102493286, 2.1036269947052, 2.0920021923065186, 2.082388850212097, 2.0726240203857422, 2.0630239263534547, 2.052102842712402, 2.0463103504180906, 2.0381844732284544, 2.0349174268722536, 2.0324197061538696, 2.02634539642334, 2.020258253288269, 2.0131243673324586, 2.0158521451950073, 2.0087368469238283, 2.013509383773804, 2.0040623487472535, 2.0012453289985657, 1.9957762043952942, 1.9986419625282288, 1.9959132396697998, 1.9911200628280639, 1.994139391040802, 1.9937998954772949, 1.9957627992630005, 1.9942023090362548, 2.0004542026519774, 1.9973766073226928, 1.9948000261306762, 1.9942833804130555, 1.998168514919281, 2.0002293176651, 1.999363788509369, 2.0079176404953003, 2.0026714305877684, 2.0035528144836428, 2.0045322687149048, 2.006557007408142, 2.006886814880371, 2.00290861120224, 2.005885711479187, 2.0065838745117186, 2.0101783812522886, 2.012419455242157, 2.009829757499695, 2.0194432589530944, 2.019620475578308, 2.0228111366271975, 2.0194360275268552, 2.0228654315948487, 2.025318105316162, 2.0276876112937927, 2.0300652465820312, 2.0321579216957093, 2.0347050983428954, 2.034764822101593, 2.036839513587952, 2.040629637145996, 2.0418687183380126, 2.0475284498214723, 2.047458250141144, 2.0533846024513243, 2.0510731778144837, 2.0539056533813476, 2.0515990983963013, 2.0619132289886473, 2.063481711578369, 2.07234956445694, 2.071030954837799], "val_reconstruction_loss": [0.0010321005692705513, 0.0010238787453621626, 0.0010130369134247303, 0.0010197972238063812, 0.0010218029828742146, 0.0010528810017742217, 0.0010442393857985734, 0.0010575543724931776, 0.001077563649136573, 0.0010758656271733344, 0.0010648136790841819, 0.0011090122572146356, 0.0010825720097869635, 0.0010713258823379873, 0.0010882462497800588, 0.0010890658588148653, 0.0010871046420186758, 0.00109606052339077, 0.0011064011365175246, 0.0011080376024357975, 0.0011153144313022494, 0.0011132483133114875, 0.0011175000783987343, 0.00113224673923105, 0.0011335197639651597, 0.0011164377143606543, 0.00113255401737988, 0.0011492513805627822, 0.0011446805167943238, 0.0011575147295370698, 0.001148608683887869, 0.0011671447582542896, 0.001157004513591528, 0.0011653353395871817, 0.001162126949429512, 0.0011677950978279115, 0.0011904957582242787, 0.0011884412778541446, 0.001193158903438598, 0.0011966729875653981, 0.0012219947983510792, 0.0011896148296073078, 0.0012003238725475968, 0.0011953604667447508, 0.0012077206640504301, 0.0011956239751540125, 0.0012071612572297453, 0.00120992715600878, 0.0012203358220867814, 0.0012141645764932037, 0.0012275461359880864, 0.001213671466242522, 0.0012365833875723183, 0.0012335834484547377, 0.0012356424226425589, 0.0012507931359112263, 0.0012453641201369465, 0.0012487918480299414, 0.0012418583114631474, 0.0012598568927496671, 0.0012624318975955249, 0.001264473155234009, 0.0012710940741933882, 0.0012727436443790794, 0.0012712122220546007, 0.0012762674648314715, 0.0012795861427672207, 0.0012706434404477476, 0.0012819581230171025, 0.0012717398107983172, 0.0012825317643582821, 0.0012900688131339847, 0.001279150229692459, 0.0012876717786304652, 0.0012834040603600441, 0.0012923833548091352, 0.0012906431599520147, 0.0013012135919183493, 0.001293648739811033, 0.0012996337856166064], "val_class_acc": [0.1186, 0.1479, 0.167, 0.1905, 0.2079, 0.22, 0.2307, 0.2386, 0.2464, 0.2563, 0.2607, 0.2663, 0.2728, 0.2772, 0.2811, 0.284, 0.2863, 0.2891, 0.2916, 0.2943, 0.2974, 0.2994, 0.3012, 0.3019, 0.3036, 0.3063, 0.3084, 0.3088, 0.3095, 0.312, 0.3131, 0.3146, 0.3164, 0.3164, 0.3181, 0.3159, 0.3204, 0.3182, 0.3188, 0.3207, 0.3202, 0.3207, 0.3217, 0.3203, 0.3226, 0.3213, 0.3228, 0.3246, 0.3245, 0.3248, 0.3243, 0.3256, 0.3252, 0.3247, 0.326, 0.3273, 0.3268, 0.3266, 0.3277, 0.3286, 0.3273, 0.3276, 0.3281, 0.3289, 0.3274, 0.3266, 0.3269, 0.3269, 0.329, 0.3285, 0.3295, 0.3291, 0.3285, 0.3285, 0.328, 0.3281, 0.3303, 0.3273, 0.3265, 0.3282], "val_reconstruction_mean_squared_error": [0.0010321005681529641, 0.001023878748062998, 0.0010130369107238949, 0.0010197972190566361, 0.0010218029824085534, 0.0010528809987008572, 0.0010442393869161605, 0.0010575543771497906, 0.0010775636488571762, 0.0010758656293153764, 0.0010648136770352722, 0.0011090122558176517, 0.0010825720054097473, 0.0010713258815929294, 0.0010882462493143976, 0.0010890658556483685, 0.0010871046401560306, 0.0010960605222731829, 0.0011064011351205408, 0.0011080376022495329, 0.0011153144291602074, 0.001113248316384852, 0.001117500081192702, 0.0011322467391379177, 0.001133519756887108, 0.0011164377120323479, 0.0011325540171936155, 0.0011492513845674695, 0.0011446805207058787, 0.0011575147324241698, 0.0011486086868681014, 0.001167144761327654, 0.001157004520110786, 0.0011653353405185044, 0.0011621269463561476, 0.0011677950952202081, 0.001190495754033327, 0.0011884412757121026, 0.0011931589044630528, 0.001196672987192869, 0.0012219947949051856, 0.0011896148295141757, 0.0012003238758072257, 0.0011953604597598315, 0.0012077206632122397, 0.001195623974315822, 0.001207161252759397, 0.0012099271519109608, 0.0012203358231112362, 0.0012141645758412779, 0.0012275461352430283, 0.0012136714697815478, 0.0012365833883173764, 0.0012335834474302828, 0.0012356424167752266, 0.0012507931362837554, 0.0012453641200438142, 0.00124879185333848, 0.0012418583106249572, 0.0012598568933084608, 0.0012624319015070795, 0.0012644731517881154, 0.0012710940771736205, 0.0012727436443790794, 0.0012712122255936265, 0.0012762674684636294, 0.0012795861443504692, 0.001270643438771367, 0.0012819581256248056, 0.0012717398082837462, 0.001282531767524779, 0.001290068812482059, 0.0012791502261534334, 0.00128767178542912, 0.001283404060639441, 0.0012923833537846804, 0.0012906431631185115, 0.0013012135931290687, 0.0012936487397179008, 0.001299633782543242],