{"val_loss": [2.180097517776489, 2.1149858797073366, 2.086083911705017, 2.048622864341736, 2.0654932041168212, 2.0613448768615723, 2.072737473869324, 1.9833544897079467, 2.0562607580184937, 2.058112358856201, 2.0494043940544127, 2.049902054595947, 1.9932625305175782, 2.009557339286804, 2.019706482696533, 2.0331771138191224, 2.0191821827888488, 2.039650452232361, 2.0405838101387026, 2.045417920970917, 2.0744945489883424, 2.059956421661377, 2.0629118483543394, 2.0802470917701723, 2.0882198738098143, 2.0850571007728576, 2.098657855606079, 2.124539180183411, 2.1372021406173705, 2.1145038146972657, 2.1399029188156127, 2.1387554805755613, 2.141816836643219, 2.1806640635490417, 2.17175439453125, 2.1827930398941042, 2.180529091835022, 2.1851146670341492, 2.2084206030845643, 2.228607581424713, 2.2204167530059813, 2.2430133544921875, 2.251969327545166, 2.2394842306137086, 2.248098261833191, 2.2616462240219115, 2.2721648626327515, 2.2863352293014527, 2.300178010845184, 2.291718358135223, 2.3022386843681337, 2.3081091648101806, 2.3259246936798097, 2.329016064453125, 2.339101950263977, 2.344177111816406, 2.352356157016754, 2.360307433605194, 2.3766476573944093, 2.3742937633514405, 2.381049925804138, 2.4082779232025144, 2.3861525089263917, 2.395352494907379, 2.4178589937210084, 2.4053960576057434, 2.4206661953926085, 2.429878147697449, 2.4356714124679564, 2.444813238430023, 2.456027556705475, 2.447090158462524, 2.467552805900574, 2.472572291946411, 2.4753789766311645, 2.4857817794799804, 2.4972832558631897, 2.4972694614410402, 2.501561867237091, 2.510503880405426], "val_class_loss": [2.1658421638488767, 2.10054821434021, 2.0724024028778074, 2.0347406272888184, 2.0520533542633057, 2.048101523208618, 2.0596632287979126, 1.9703644519805907, 2.0433353128433227, 2.0453811120986938, 2.0367546733856203, 2.0371006839752197, 1.9807904077529908, 1.9970915497779846, 2.0073089168548583, 2.0207542821884155, 2.0068513292312624, 2.027264210891724, 2.028212617111206, 2.0330990352630613, 2.0622114609718323, 2.047671814632416, 2.050654990386963, 2.068047423171997, 2.0760201252937316, 2.0728573919296265, 2.086344571304321, 2.112365085029602, 2.125014389038086, 2.102272892665863, 2.127696839904785, 2.1264624390602114, 2.129637424468994, 2.1684994842529295, 2.1595864678382872, 2.170546336174011, 2.168345984649658, 2.172864496231079, 2.1962333859443666, 2.2164642272949218, 2.2081591941833496, 2.230838234424591, 2.239746050834656, 2.2272900226593015, 2.2359227023124695, 2.2494541295051573, 2.259991822242737, 2.2741582105636597, 2.2879753394126894, 2.27953536529541, 2.290035566329956, 2.2958118747711183, 2.3137036880493165, 2.316776641845703, 2.326879657745361, 2.3318978432655335, 2.340113691329956, 2.348055904960632, 2.3644005435943605, 2.362005565452576, 2.368779518032074, 2.3959895634651183, 2.373754453277588, 2.383055818748474, 2.405551879501343, 2.393079407310486, 2.408324035167694, 2.417531192588806, 2.423323958206177, 2.432392879486084, 2.443630812931061, 2.434648233985901, 2.4552038844108584, 2.460217689704895, 2.462992490196228, 2.4733758288383485, 2.4849076595306396, 2.4848875615119934, 2.4891307689666746, 2.4980632071495057], "val_reconstruction_loss": [0.014255350294709205, 0.01443766539245844, 0.013681510151922703, 0.013882236090302468, 0.013439849050343037, 0.013243353287875652, 0.013074243853986263, 0.012990038995444774, 0.012925443635880947, 0.012731245817244052, 0.012649713553488255, 0.012801366201043128, 0.012472123795747758, 0.012465788224339485, 0.012397565788030624, 0.012422836242616177, 0.01233085575401783, 0.012386240829527379, 0.01237119381427765, 0.012318888194859028, 0.012283086413145065, 0.01228461038172245, 0.012256857508420944, 0.012199667002260686, 0.012199748586118222, 0.012199708788096906, 0.012313287045061589, 0.012174093280732632, 0.012187749737501145, 0.012230922040343284, 0.012206079126894474, 0.012293041995167732, 0.012179411789774894, 0.012164577901363372, 0.012167925669252873, 0.01224670603275299, 0.012183107353746891, 0.01225017343610525, 0.01218721752911806, 0.01214334813952446, 0.012257561640441417, 0.012175121334195137, 0.01222327981442213, 0.01219420953541994, 0.012175557769834994, 0.012192093692719936, 0.012173037533462048, 0.012177019640803336, 0.012202673463523389, 0.012182991288602353, 0.01220312120616436, 0.012297290989756585, 0.012221000297367572, 0.01223942614197731, 0.012222293749451637, 0.01227927147001028, 0.012242462326586247, 0.012251526893675327, 0.012247117333114147, 0.012288199177384376, 0.01227040943801403, 0.012288362070918083, 0.012398056043684482, 0.012296676586568356, 0.012307116585969925, 0.012316653959453106, 0.012342159759998321, 0.01234695350676775, 0.012347453044354915, 0.012420362032949925, 0.012396744102239609, 0.012441930185258389, 0.012348918581008912, 0.012354606539011001, 0.012386483423411846, 0.012405947452783585, 0.012375591868162155, 0.012381905221939087, 0.012431100876629353, 0.012440668068826198], "val_class_acc": [0.2066, 0.2316, 0.2647, 0.2755, 0.261, 0.2662, 0.2674, 0.2989, 0.271, 0.2794, 0.291, 0.2778, 0.2981, 0.2982, 0.2985, 0.2964, 0.295, 0.2958, 0.2992, 0.2931, 0.2954, 0.2941, 0.2939, 0.2973, 0.2903, 0.3043, 0.2992, 0.2978, 0.2902, 0.299, 0.2951, 0.2984, 0.2971, 0.2963, 0.2945, 0.2961, 0.2972, 0.2948, 0.296, 0.2973, 0.2939, 0.294, 0.2948, 0.2957, 0.2982, 0.2942, 0.2943, 0.2924, 0.2943, 0.2944, 0.2963, 0.296, 0.2958, 0.2966, 0.2922, 0.2906, 0.2949, 0.296, 0.2925, 0.2932, 0.295, 0.2927, 0.2924, 0.2925, 0.294, 0.293, 0.2932, 0.2936, 0.293, 0.2931, 0.2936, 0.2916, 0.2927, 0.2921, 0.2934, 0.2911, 0.2914, 0.2914, 0.2932, 0.2903], "val_reconstruction_mean_squared_error": [0.014255350294709205, 0.01443766539245844, 0.013681510151922703, 0.013882236090302468, 0.013439849050343037, 0.013243353287875652, 0.013074243853986263, 0.012990038995444774, 0.012925443635880947, 0.012731245817244052, 0.012649713553488255, 0.012801366201043128, 0.012472123795747758, 0.012465788224339485, 0.012397565788030624, 0.012422836242616177, 0.01233085575401783, 0.012386240829527379, 0.01237119381427765, 0.012318888194859028, 0.012283086413145065, 0.01228461038172245, 0.012256857508420944, 0.012199667002260686, 0.012199748586118222, 0.012199708788096906, 0.012313287045061589, 0.012174093280732632, 0.012187749737501145, 0.012230922040343284, 0.012206079126894474, 0.012293041995167732, 0.012179411789774894, 0.012164577901363372, 0.012167925669252873, 0.01224670603275299, 0.012183107353746891, 0.01225017343610525, 0.01218721752911806, 0.01214334813952446, 0.012257561640441417, 0.012175121334195137, 0.01222327981442213, 0.01219420953541994, 0.012175557769834994, 0.012192093692719936, 0.012173037533462048, 0.012177019640803336, 0.012202673463523389, 0.012182991288602353, 0.01220312120616436, 0.012297290989756585, 0.012221000297367572, 0.01223942614197731, 0.012222293749451637, 0.01227927147001028, 0.012242462326586247, 0.012251526893675327, 0.012247117333114147, 0.012288199177384376, 0.01227040943801403, 0.012288362070918083, 0.012398056043684482, 0.012296676586568356, 0.012307116585969925, 0.012316653959453106, 0.012342159759998321, 0.01234695350676775, 0.012347453044354915, 0.012420362032949925, 0.012396744102239609, 0.012441930185258389, 0.012348918581008912, 0.012354606539011001, 0.012386483423411846, 0.012405947452783585, 0.012375591868162155, 0.012381905221939087, 0.012431100876629353, 0.012440668068826198],