{"val_loss": [1.9411971229553222, 1.9889841194152833, 1.9430995958328248, 1.8410586799621582, 1.8156030164718628, 1.8542731910705565, 1.8419225355148316, 1.8369814819335937, 1.8154759973526, 1.8365682361602784, 1.9360714639663696, 1.8916824802398682, 1.8501759023666382, 1.8862356945037841, 1.9682092418670654, 1.9169844226837158, 1.9319119997024536, 1.9405797890663148, 1.9870331218719481, 1.979003222846985, 1.9949369101524352, 2.0435233194351197, 2.0253829233169554, 2.0454234377861025, 2.0876602948188783, 2.101554688453674, 2.104096565246582, 2.1358073122024535, 2.1953614654541016, 2.1690798152923585, 2.2336547094345094, 2.219918105506897, 2.263283825588226, 2.2740509523391723, 2.309916876220703, 2.3292894499778747, 2.486250276851654, 2.421490618610382, 2.4244694658279418, 2.4626333271980285, 2.5204718822479246, 2.592870410728455, 2.678933912563324, 2.6099968479156495, 2.6809236446380615, 2.708838688468933, 2.7538942427635194, 2.7729009558677675, 2.8808352226257323, 2.81854903755188, 2.865183269405365, 2.916327039718628, 2.9179436584472658, 2.9505155630111695, 3.010980712890625, 2.7775468826293945, 2.899200469112396, 2.951164033317566, 3.0017272441864016, 3.0405549057006835, 3.0595160682678224, 3.0980529849052427, 3.194968043231964, 2.8924231605529784, 3.0422524419784547, 3.0991518339157103, 3.1399314374923706, 3.175866765975952, 3.216719414329529, 3.261878878593445, 3.287423081111908, 3.314340323352814, 3.3970724058151247, 3.0069344990730285, 3.1364450479507444, 3.197971023654938, 3.255807691192627, 3.296990990829468, 3.334805463409424, 3.3855990253448485], "val_acc": [0.3024, 0.3017, 0.3212, 0.3395, 0.3587, 0.3396, 0.35, 0.3534, 0.3636, 0.3593, 0.334, 0.3457, 0.3649, 0.3532, 0.3486, 0.3572, 0.357, 0.3528, 0.3466, 0.3577, 0.3559, 0.3561, 0.3593, 0.3581, 0.3494, 0.3526, 0.3556, 0.3559, 0.3507, 0.3598, 0.3514, 0.3639, 0.365, 0.362, 0.3563, 0.3592, 0.3565, 0.359, 0.3575, 0.3577, 0.3528, 0.349, 0.3548, 0.3629, 0.3596, 0.3612, 0.3584, 0.3581, 0.3312, 0.3601, 0.3595, 0.3641, 0.3634, 0.3571, 0.3608, 0.365, 0.3635, 0.3627, 0.3651, 0.3627, 0.3661, 0.3646, 0.3652, 0.366, 0.3616, 0.3588, 0.3643, 0.3639, 0.3642, 0.3629, 0.3626, 0.362, 0.3615, 0.3631, 0.3623, 0.3622, 0.3634, 0.3658, 0.3634, 0.3658], "loss": [2.073302996635437, 1.8538185544967651, 1.7489988534927368, 1.6521704095840455, 1.5725204433441162, 1.4999386533737182, 1.4311395456314087, 1.3561064997673036, 1.293894875049591, 1.2290922689437866, 1.171672323322296, 1.1240293257713319, 1.071183863067627, 1.0113527114391327, 0.9632285157680511, 0.9154542169094085, 0.8657796425104142, 0.8045094433307648, 0.7607600688934326, 0.7067409265518189, 0.6636721747398376, 0.6223516125440598, 0.5730935792684555, 0.5312358827590943, 0.48923995792865754, 0.44611752281188966, 0.40484336071014404, 0.3738703629493713, 0.3335893661737442, 0.30191513714790347, 0.26588809934854507, 0.24070042055845262, 0.20895100995302202, 0.19054066401720046, 0.16724415949583055, 0.14092858377099038, 0.12302244517207146, 0.10943765960335732, 0.095313585627079, 0.08538463369011878, 0.07378314414620399, 0.06078280263543129, 0.05228149257302284, 0.048236325067281725, 0.04042530574798584, 0.032072213642299174, 0.03105183648765087, 0.0252860898822546, 0.03616609640419483, 0.03727651864737272, 0.014116272934526206, 0.012313494395464659, 0.01154662356749177, 0.011350724946707486, 0.0112644285723567, 0.06895934689044952, 0.013088892793655396, 0.00912770655080676, 0.007663359963893891, 0.006593729969859123, 0.0057561573009938, 0.005256379691883922, 0.004750499801337719, 0.06131406892947853, 0.0074865360889583826, 0.00500561880543828, 0.0040411718083545566, 0.003485081972926855, 0.003029380299150944, 0.0026966503739356993, 0.002435445670038462, 0.002249180006608367, 0.0020304238157346846, 0.0705102480666712, 0.0055630625871941446, 0.0036472970318049192, 0.0028056741546839477, 0.002368368353880942, 0.002052155278250575, 0.0017369573078118265], "acc": [0.2454, 0.3426, 0.3915, 0.428, 0.4628, 0.4892, 0.518, 0.5487, 0.574, 0.5976, 0.6222, 0.6474, 0.6606, 0.6906, 0.7111, 0.7281, 0.7496, 0.7744, 0.7932, 0.8171, 0.833, 0.8507, 0.8701, 0.885, 0.9047, 0.9189, 0.9357, 0.9426, 0.9578, 0.9658, 0.9753, 0.9805, 0.9879, 0.9908, 0.994, 0.9972, 0.999, 0.9984, 0.9993, 0.9993, 0.9995, 0.9997, 0.9999, 1.0, 1.0, 1.0, 1.0, 1.0, 0.9958, 0.9964, 1.0, 1.0, 1.0, 1.0, 1.0, 0.986, 1.0, 1.0, 1.0, 1.0, 1.0, 1.0, 1.0, 0.9879, 1.0, 1.0, 1.0, 1.0, 1.0, 1.0, 1.0, 1.0, 1.0, 0.982, 1.0, 1.0, 1.0, 1.0, 1.0, 1.0]}