{"val_loss": [0.009537613700330258, 0.006220770508050919, 0.003475449649989605, 0.0026604373916983603, 0.0022357245799154045, 0.0019626946937292816, 0.0018459140058606862, 0.0016944980341941117, 0.0015556556914001704, 0.0014918064242228865, 0.001403747072070837, 0.0013603697743266821, 0.0013178832488134503, 0.0012511226080358028, 0.0012088431997224688, 0.0011867219356819986, 0.0011666542461141944, 0.001166188039071858, 0.0011129042945802212, 0.0010758279632776975, 0.0010457285422831775, 0.00110800506696105, 0.0010216769319027663, 0.0010590767979621887, 0.0009986543213948607], "val_class_loss": [0.0, 0.0, 0.0, 0.0, 0.0, 0.0, 0.0, 0.0, 0.0, 0.0, 0.0, 0.0, 0.0, 0.0, 0.0, 0.0, 0.0, 0.0, 0.0, 0.0, 0.0, 0.0, 0.0, 0.0, 0.0], "val_reconstruction_loss": [0.009537613700330258, 0.006220770508050919, 0.003475449649989605, 0.0026604373916983603, 0.0022357245799154045, 0.0019626946937292816, 0.0018459140058606862, 0.0016944980341941117, 0.0015556556914001704, 0.0014918064242228865, 0.001403747072070837, 0.0013603697743266821, 0.0013178832488134503, 0.0012511226080358028, 0.0012088431997224688, 0.0011867219356819986, 0.0011666542461141944, 0.001166188039071858, 0.0011129042945802212, 0.0010758279632776975, 0.0010457285422831775, 0.00110800506696105, 0.0010216769319027663, 0.0010590767979621887, 0.0009986543213948607], "val_class_acc": [0.0808, 0.0788, 0.0748, 0.0714, 0.068, 0.0672, 0.0689, 0.0689, 0.0708, 0.071, 0.0691, 0.07, 0.0722, 0.0731, 0.0711, 0.0719, 0.0736, 0.073, 0.0729, 0.073, 0.074, 0.0757, 0.0759, 0.0735, 0.075], "val_reconstruction_mean_squared_error": [0.009537613721191883, 0.006220770512521267, 0.0034754496563225985, 0.0026604373842477797, 0.002235724575445056, 0.001962694700062275, 0.0018459140047430993, 0.0016944980334490539, 0.0015556556968018412, 0.0014918064268305898, 0.001403747072070837, 0.0013603697709739207, 0.00131788325086236, 0.0012511226108297706, 0.0012088431933894753, 0.0011867219371721148, 0.0011666542457416653, 0.0011661880385130643, 0.0011129042949527502, 0.001075827969238162, 0.0010457285465672612, 0.00110800506696105, 0.0010216769343242048, 0.001059076801687479, 0.0009986543208360672], "loss": [0.019399738765060903, 0.008906840792298316, 0.005171924965530634, 0.00374956537514925, 0.0031551542136073114, 0.002774921603426337, 0.0025824912308901548, 0.0024182688748463988, 0.0023019906720891594, 0.0021955952858179807, 0.0020845504015684128, 0.0020069446757435797, 0.0019123040801286698, 0.0018504604822397231, 0.0017903102369233965, 0.0017301439330726861, 0.0016872037756443024, 0.0016603196346014737, 0.0016135252756625414, 0.001564799360744655, 0.0015361100209131838, 0.0015015782383456825, 0.0014540583990514278, 0.0014430133194848894, 0.0014062963331863284], "class_loss": [0.0, 0.0, 0.0, 0.0, 0.0, 0.0, 0.0, 0.0, 0.0, 0.0, 0.0, 0.0, 0.0, 0.0, 0.0, 0.0, 0.0, 0.0, 0.0, 0.0, 0.0, 0.0, 0.0, 0.0, 0.0], "reconstruction_loss": [0.019399738765060903, 0.008906840792298316, 0.005171924965530634, 0.00374956537514925, 0.0031551542136073114, 0.002774921603426337, 0.0025824912308901548, 0.0024182688748463988, 0.0023019906720891594, 0.0021955952858179807, 0.0020845504015684128, 0.0020069446757435797, 0.0019123040801286698, 0.0018504604822397231, 0.0017903102369233965, 0.0017301439330726861, 0.0016872037756443024, 0.0016603196346014737, 0.0016135252756625414, 0.001564799360744655, 0.0015361100209131838, 0.0015015782383456825, 0.0014540583990514278, 0.0014430133194848894, 0.0014062963331863284], "class_acc": [0.0712, 0.05518, 0.04756, 0.04446, 0.0433, 0.04416, 0.04704, 0.05142, 0.0539, 0.05692, 0.05992, 0.06268, 0.06472, 0.06834, 0.07382, 0.07826, 0.08194, 0.08694, 0.09036, 0.09318, 0.09662, 0.10064, 0.1034, 0.10424, 0.10432], "reconstruction_mean_squared_error": [0.019399738814234735, 0.008906840786635875, 0.00517192494943738, 0.0037495653714239596, 0.003155154223591089, 0.0027749215990304946, 0.0025824912333488464, 0.002418268869780004, 0.002301990671120584, 0.0021955952870100735, 0.0020845504052937032, 0.002006944678798318, 0.0019123040770739317, 0.0018504604780673981, 0.001790310236364603, 0.0017301439334079624, 0.0016872037799656391, 0.0016603196356445552, 0.0016135252746194602, 0.0015647993618622422, 0.0015361100244149566, 0.0015015782379731535, 0.0014540584019571542, 0.001443013320825994, 0.001406296334937215]}