{"val_loss": [2.785465985870361, 2.6585887666702273, 2.5814340772628785, 2.5359673793792723, 2.506612650680542, 2.4844682216644287, 2.473445805931091, 2.465729454803467, 2.462238911819458, 2.459766588783264, 2.4618133920669556, 2.4640984872817993, 2.46702841796875, 2.471766576194763, 2.475966576385498, 2.484133540344238, 2.4890548444747926, 2.496869980239868, 2.5010523834228517, 2.5068598287582398, 2.5124955625534056, 2.5187371158599854, 2.52530483379364, 2.53218574180603, 2.535858930397034, 2.5389410869598388, 2.5451912433624266, 2.5510981424331667, 2.559160154724121, 2.5629113235473633, 2.5657744358062744, 2.5705311847686767, 2.575960948753357, 2.5808437818527223, 2.585909286689758, 2.5898671712875365, 2.5955926509857177, 2.600277707862854, 2.6077592267990113, 2.6122676176071167], "val_acc": [0.1484, 0.1737, 0.1901, 0.1996, 0.2084, 0.2147, 0.2211, 0.2243, 0.2252, 0.2278, 0.2302, 0.2322, 0.2326, 0.2323, 0.2337, 0.2365, 0.235, 0.2362, 0.2372, 0.2389, 0.2389, 0.2411, 0.2408, 0.2424, 0.2423, 0.2429, 0.2438, 0.2441, 0.2449, 0.2438, 0.2443, 0.2455, 0.2459, 0.2466, 0.2456, 0.2464, 0.2463, 0.2471, 0.2472, 0.2466], "loss": [2.8499012680053712, 2.281099358558655, 1.89227463722229, 1.5928688011169434, 1.346409776687622, 1.1348323106765748, 0.9567139167785644, 0.8155369935035706, 0.6844441876411438, 0.5941116509437561, 0.49750749015808104, 0.42333207130432127, 0.36085610842704774, 0.31787413787841795, 0.27211444330215456, 0.24013307929039002, 0.21365135192871093, 0.18401992452144622, 0.16715802276134492, 0.1462527434825897, 0.13566344982385636, 0.11941047382354736, 0.11116518151760102, 0.10256806194782257, 0.0927020600438118, 0.08290968579053878, 0.07735482788085937, 0.07223240929841995, 0.06786123704910278, 0.0625459201335907, 0.05756732136011124, 0.05225915908813476, 0.04984168094396591, 0.046599679112434386, 0.044203520119190216, 0.04182145270705223, 0.03914265525341034, 0.036423704624176025, 0.03656011465191841, 0.03319022524356842], "acc": [0.122, 0.254, 0.354, 0.465, 0.585, 0.684, 0.761, 0.829, 0.884, 0.925, 0.956, 0.975, 0.988, 0.989, 0.995, 0.999, 0.999, 1.0, 1.0, 1.0, 1.0, 1.0, 1.0, 1.0, 1.0, 1.0, 1.0, 1.0, 1.0, 1.0, 1.0, 1.0, 1.0, 1.0, 1.0, 1.0, 1.0, 1.0, 1.0, 1.0]}