{"val_loss": [2.1411191387176514, 2.0670191160202025, 2.108586431121826, 2.108802021789551, 2.0186348224639894, 2.001527053260803, 1.99832766456604, 2.019746509361267, 1.9700493114471436, 2.0271595754623415, 2.0031486291885376, 2.023118698501587, 1.995103526878357, 2.0424926202774047, 2.0089543964385985, 2.011334669494629, 2.073654091644287, 2.0428256494522095, 2.0295208267211913, 2.024153544998169, 2.033809358596802, 2.053960140419006, 2.0554176164627074, 2.0654067384719847, 2.112095273208618, 2.0656365755081176, 2.0863929016113283, 2.097799022102356, 2.0913177627563475, 2.1227104761123656, 2.1245774898529053, 2.142677007675171, 2.1549385652542115, 2.139248608589172, 2.169459370803833, 2.1590049837112426, 2.174803122138977, 2.186494461250305, 2.1965428913116454, 2.1935579164505006], "val_class_loss": [2.1271051944732666, 2.0527979692459106, 2.0947804277420046, 2.095085255241394, 2.005201865005493, 1.9881197216033935, 1.9852496515274047, 2.0067816509246827, 1.9571139951705934, 2.0143707971572877, 1.990405993461609, 2.010434580612183, 1.9824668479919434, 2.0298799512863157, 1.9963888206481935, 1.998777905845642, 2.061106576919556, 2.0303640922546387, 2.017116614151001, 2.0116801889419555, 2.021435167503357, 2.0416151182174684, 2.0430803731918337, 2.0530523319244383, 2.099738225364685, 2.0533272439956667, 2.0740785776138306, 2.085490245628357, 2.079040603065491, 2.1104398612976074, 2.112202214050293, 2.130359166908264, 2.1426307779312133, 2.126987676239014, 2.1571849138259886, 2.146679361152649, 2.162511396598816, 2.1741632904052732, 2.1842541528701784, 2.1812846799850463], "val_reconstruction_loss": [0.014013942790031432, 0.014221146140992642, 0.013806001295149327, 0.013716768558323383, 0.013432957398891448, 0.013407336156070232, 0.013078015528619289, 0.012964856642484665, 0.012935316398739814, 0.01278878064751625, 0.012742634478211404, 0.012684119366109371, 0.012636675907671452, 0.012612670734524727, 0.012565575782954693, 0.012556763842701912, 0.012547512738406659, 0.012461559338867664, 0.012404210317134857, 0.012473353679478168, 0.012374184504151344, 0.012345020817220212, 0.012337246446311474, 0.012354404778778553, 0.012357049259543418, 0.012309326080977916, 0.012314322276413442, 0.01230877643674612, 0.012277154484391213, 0.012270615515112876, 0.012375274413824081, 0.012317839163541794, 0.012307789026200772, 0.012260936047136784, 0.012274459084868431, 0.012325621278584003, 0.01229172648638487, 0.012331173339486122, 0.012288735485076904, 0.01227324060946703], "val_class_acc": [0.2187, 0.2618, 0.2408, 0.2582, 0.2825, 0.2921, 0.297, 0.2857, 0.309, 0.2848, 0.2898, 0.2907, 0.2974, 0.288, 0.2983, 0.2945, 0.2858, 0.294, 0.2917, 0.3009, 0.2996, 0.2904, 0.292, 0.2993, 0.2938, 0.2968, 0.2996, 0.2996, 0.2925, 0.295, 0.2986, 0.2934, 0.2905, 0.2941, 0.2901, 0.2956, 0.2992, 0.2943, 0.2911, 0.2921], "val_reconstruction_mean_squared_error": [0.014013942790031432, 0.014221146140992642, 0.013806001295149327, 0.013716768558323383, 0.013432957398891448, 0.013407336156070232, 0.013078015528619289, 0.012964856642484665, 0.012935316398739814, 0.01278878064751625, 0.012742634478211404, 0.012684119366109371, 0.012636675907671452, 0.012612670734524727, 0.012565575782954693, 0.012556763842701912, 0.012547512738406659, 0.012461559338867664, 0.012404210317134857, 0.012473353679478168, 0.012374184504151344, 0.012345020817220212, 0.012337246446311474, 0.012354404778778553, 0.012357049259543418, 0.012309326080977916, 0.012314322276413442, 0.01230877643674612, 0.012277154484391213, 0.012270615515112876, 0.012375274413824081, 0.012317839163541794, 0.012307789026200772, 0.012260936047136784, 0.012274459084868431, 0.012325621278584003, 0.01229172648638487, 0.012331173339486122, 0.012288735485076904, 0.01227324060946703], "loss": [2.2865704879760744, 1.9145158843994141, 1.7404030227661134, 1.6136379623413086, 1.5095376081466674, 1.3820492362976073, 1.271399034500122, 1.171540491104126, 1.0686589450836181, 0.9789978713989258, 0.911748197555542, 0.8270674557685852, 0.7500586409568787, 0.6875116009712219, 0.635028404712677, 0.5732563664913177, 0.5340077805519104, 0.4854980912208557, 0.4333029685020447, 0.4013835005760193, 0.3708077983856201, 0.32554827618598936, 0.3068139772415161, 0.27831569480895996, 0.2615464110374451, 0.23378863382339476, 0.21662696003913878, 0.20532275247573853, 0.1855633728504181, 0.1702443790435791, 0.15717419230937957, 0.14963674938678742, 0.14088635766506194, 0.13036081898212432, 0.12075023078918456, 0.11260543090105057, 0.10608068680763244, 0.10016272515058518, 0.09501166236400604, 0.0904860817193985], "class_loss": [2.272167106628418, 1.8987843914031983, 1.7245307235717773, 1.597684564590454, 1.4935509595870973, 1.3660231885910035, 1.2556144142150878, 1.1558829774856567, 1.0533399534225465, 0.9635446443557739, 0.8963722124099731, 0.8117452530860901, 0.7349179744720459, 0.6722872343063354, 0.6198425254821778, 0.558240422964096, 0.5189212117195129, 0.4705305256843567, 0.41858194732666015, 0.38654665184021, 0.3560832817554474, 0.31097965836524966, 0.29232194089889524, 0.26380414485931397, 0.2471294138431549, 0.21943576776981355, 0.20243395555019378, 0.1911187821626663, 0.17143901389837266, 0.15614682829380036, 0.14313958775997163, 0.13560444182157516, 0.12697740018367767, 0.11647942221164703, 0.10696471780538559, 0.0989339097738266, 0.09241773426532746, 0.08653326308727265, 0.0814345074892044, 0.07704798239469528], "reconstruction_loss": [0.014403379276394844, 0.01573148636519909, 0.015872303411364554, 0.01595339596271515, 0.015986651003360747, 0.01602605077624321, 0.015784614622592927, 0.015657511904835702, 0.015318995505571366, 0.015453230135142803, 0.015375980243086815, 0.015322201266884803, 0.015140667334198952, 0.01522436958551407, 0.015185878045856954, 0.015015941023826598, 0.015086569279432296, 0.014967565968632699, 0.01472101829946041, 0.014836847186088561, 0.014724517330527306, 0.014568618334829806, 0.014492036543786526, 0.014511549264192581, 0.014416996777057647, 0.014352867037057876, 0.014193004384636878, 0.014203971318900586, 0.014124358959496021, 0.014097550839185714, 0.014034604489803313, 0.014032307714223861, 0.013908957816660404, 0.01388139696419239, 0.0137855132073164, 0.013671521708369255, 0.01366295237094164, 0.013629462242126465, 0.013577155768871307, 0.013438099473714828], "class_acc": [0.175, 0.346, 0.425, 0.462, 0.525, 0.607, 0.659, 0.722, 0.795, 0.84, 0.844, 0.89, 0.921, 0.941, 0.951, 0.964, 0.969, 0.978, 0.991, 0.991, 0.992, 0.998, 0.998, 0.999, 0.999, 0.999, 1.0, 1.0, 1.0, 1.0, 1.0, 1.0, 1.0, 1.0, 1.0, 1.0, 1.0, 1.0, 1.0, 1.0], "reconstruction_mean_squared_error": [0.014403379276394844, 0.01573148636519909, 0.015872303411364554, 0.01595339596271515, 0.015986651003360747, 0.01602605077624321, 0.015784614622592927, 0.015657511904835702, 0.015318995505571366, 0.015453230135142803, 0.015375980243086815, 0.015322201266884803, 0.015140667334198952, 0.01522436958551407, 0.015185878045856954, 0.015015941023826598, 0.015086569279432296, 0.014967565968632699, 0.01472101829946041, 0.014836847186088561, 0.014724517330527306, 0.014568618334829806, 0.014492036543786526, 0.014511549264192581, 0.014416996777057647, 0.014352867037057876, 0.014193004384636878, 0.014203971318900586, 0.014124358959496021, 0.014097550839185714, 0.014034604489803313, 0.014032307714223861, 0.013908957816660404, 0.01388139696419239, 0.0137855132073164, 0.013671521708369255, 0.01366295237094164, 0.013629462242126465, 0.013577155768871307, 0.013438099473714828]}