{"val_loss": [1.9353001920700073, 1.880304327583313, 1.8518889430999756, 1.8415913158416748, 1.791349845123291, 1.8326899326324464, 1.8367811698913574, 1.773158415222168, 1.7962262152671813, 1.7938187615394592, 1.7689262216567994, 1.812634843826294, 1.9011521417617798, 1.8217637022972106, 1.8277727975845337, 1.8470511295318603, 1.909457829761505, 1.8569064302444458, 1.9214239488601685, 1.9238738807678222, 1.9049561235427857, 1.9467261618614198, 2.0326834477424622, 1.9940628094673156, 1.9789838577270509, 2.025117799282074, 2.0448940376281737, 2.0717291146278383, 2.153043448162079, 2.1461220638275145, 2.189342142009735, 2.2264725704193116, 2.2318059829711916, 2.222292471408844, 2.3096975413322447, 2.3067925743103026, 2.3640710248947143, 2.388428594779968, 2.414301073074341, 2.463330246734619], "val_class_loss": [1.9193972896575928, 1.8654783794403076, 1.8374676481246948, 1.8278385612487793, 1.7779076290130615, 1.819349208831787, 1.8235303625106811, 1.7599842700958253, 1.783256057357788, 1.7806362188339233, 1.7559698749542236, 1.7996345338821411, 1.8881621341705321, 1.808569378566742, 1.8148376465797424, 1.8337114277839661, 1.8964462059020997, 1.8438105692863465, 1.908375142288208, 1.9107715385437012, 1.8918913956642152, 1.9335691667556762, 2.019549217414856, 1.981022466468811, 1.9657184880256653, 2.011978254032135, 2.0317904945373537, 2.0586069458961487, 2.1398434626579284, 2.132954480743408, 2.1762361708641054, 2.213272430419922, 2.218658375740051, 2.2090903506278994, 2.296538169193268, 2.2935374873161316, 2.3508630880355836, 2.375115270423889, 2.40092458152771, 2.4500251984596253], "val_reconstruction_loss": [0.015902904134988786, 0.014825948631763458, 0.01442129297554493, 0.013752757090330124, 0.013442216596007348, 0.013340722087025643, 0.013250805775821209, 0.013174146221578122, 0.012970158107578754, 0.013182542750239373, 0.012956345981359483, 0.013000306414067745, 0.01299000539034605, 0.01319432178735733, 0.012935148748755456, 0.013339701411128044, 0.01301162385046482, 0.013095857538282872, 0.013048808665573597, 0.013102343790233135, 0.013064724226295949, 0.013156998868286609, 0.013134228248894214, 0.013040344257652759, 0.01326536866426468, 0.013139544023573398, 0.013103548020124435, 0.013122169522941112, 0.01319998501241207, 0.013167579539120197, 0.013105971640348435, 0.0132001391813159, 0.013147607466578483, 0.013202121511101722, 0.013159375689923763, 0.013255092756450176, 0.013207938572764397, 0.013313322630524635, 0.013376493874192237, 0.013305051131546498], "val_class_acc": [0.3074, 0.3433, 0.3538, 0.3466, 0.365, 0.3437, 0.3509, 0.3781, 0.3723, 0.378, 0.3811, 0.3736, 0.353, 0.3802, 0.3813, 0.3775, 0.364, 0.3825, 0.3657, 0.3798, 0.3824, 0.3719, 0.3644, 0.3718, 0.3771, 0.3762, 0.3787, 0.3753, 0.3658, 0.3701, 0.3747, 0.3615, 0.3721, 0.3779, 0.3735, 0.3723, 0.3751, 0.3734, 0.3771, 0.3718], "val_reconstruction_mean_squared_error": [0.015902904134988786, 0.014825948631763458, 0.01442129297554493, 0.013752757090330124, 0.013442216596007348, 0.013340722087025643, 0.013250805775821209, 0.013174146221578122, 0.012970158107578754, 0.013182542750239373, 0.012956345981359483, 0.013000306414067745, 0.01299000539034605, 0.01319432178735733, 0.012935148748755456, 0.013339701411128044, 0.01301162385046482, 0.013095857538282872, 0.013048808665573597, 0.013102343790233135, 0.013064724226295949, 0.013156998868286609, 0.013134228248894214, 0.013040344257652759, 0.01326536866426468, 0.013139544023573398, 0.013103548020124435, 0.013122169522941112, 0.01319998501241207, 0.013167579539120197, 0.013105971640348435, 0.0132001391813159, 0.013147607466578483, 0.013202121511101722, 0.013159375689923763, 0.013255092756450176, 0.013207938572764397, 0.013313322630524635, 0.013376493874192237, 0.013305051131546498], "loss": [2.0318469606399536, 1.8149741199493408, 1.6931544437408448, 1.6007279720306395, 1.5134909876823426, 1.436763268661499, 1.3519934731483458, 1.2750499557495116, 1.2080353162765503, 1.1407314887046813, 1.0737938386917114, 1.00825486369133, 0.9467834101200103, 0.8941529964447021, 0.8333605127334595, 0.7856644416809082, 0.7299042451381683, 0.6678778405666351, 0.6231179482936859, 0.5728421404838562, 0.526117631483078, 0.48361222977638246, 0.4411642056941986, 0.3941424815893173, 0.3604853185892105, 0.3222684868454933, 0.28719346737861634, 0.255488894033432, 0.22527711181640625, 0.2012114922642708, 0.17353164558410644, 0.15608796379566192, 0.13536715195178986, 0.1216115046441555, 0.10271674457192422, 0.09105545240044594, 0.08372893796563148, 0.07027484866976738, 0.06291353660821915, 0.07239779461026191], "class_loss": [2.014206676483154, 1.7969011713027954, 1.6758668134689332, 1.5839830017089844, 1.4970945915222167, 1.42080998878479, 1.3363777947425843, 1.2594780310630798, 1.192731050491333, 1.1255526098251343, 1.0587521196365357, 0.993294087600708, 0.931942883348465, 0.8794311049461365, 0.8187065226078033, 0.7710999652862549, 0.7153584760189057, 0.6534207371234894, 0.6087005512714386, 0.5584468085289002, 0.5118308349132538, 0.46931006412506104, 0.42687802574634554, 0.3798979570388794, 0.34629335294961927, 0.3080925899267197, 0.272998192179203, 0.24139626774787903, 0.21116946526765823, 0.18712131484746933, 0.15947996670007705, 0.14203920928239822, 0.12136933569908143, 0.10756958188414574, 0.0887336620748043, 0.07705577325820923, 0.06971561559438705, 0.056344648632407186, 0.04887998741865158, 0.05830783817768097], "reconstruction_loss": [0.017640285739302635, 0.018072952646017073, 0.01728762895166874, 0.016744969774782657, 0.016396396139264108, 0.01595328019708395, 0.015615677443146705, 0.015571922346949577, 0.015304266008734703, 0.01517887756228447, 0.015041718326509, 0.014960774867236614, 0.014840525923669337, 0.014721891111135484, 0.014653990119695664, 0.014564475791156292, 0.014545770947635173, 0.014457103244960308, 0.014417397764325142, 0.01439533295929432, 0.014286796025931836, 0.014302166040241718, 0.01428617966324091, 0.014244524410367013, 0.014191965948045254, 0.01417589648514986, 0.014195275582373143, 0.0140926266849041, 0.014107646505534649, 0.014090177184343338, 0.01405167910605669, 0.014048754492402078, 0.013997816328704357, 0.014041922776401042, 0.013983082708716392, 0.013999679152667522, 0.014013322253525256, 0.013930200062692166, 0.014033549149334431, 0.01408995642066002], "class_acc": [0.2696, 0.3643, 0.4172, 0.4546, 0.4923, 0.5317, 0.5545, 0.5992, 0.6178, 0.6491, 0.6811, 0.7054, 0.73, 0.7567, 0.7754, 0.7993, 0.8191, 0.8473, 0.8626, 0.8834, 0.9016, 0.9183, 0.9296, 0.9466, 0.9533, 0.967, 0.9763, 0.983, 0.9897, 0.9926, 0.996, 0.997, 0.9987, 0.9983, 0.9998, 0.9997, 0.9997, 1.0, 1.0, 0.9972], "reconstruction_mean_squared_error": [0.017640285739302635, 0.018072952646017073, 0.01728762895166874, 0.016744969774782657, 0.016396396139264108, 0.01595328019708395, 0.015615677443146705, 0.015571922346949577, 0.015304266008734703, 0.01517887756228447, 0.015041718326509, 0.014960774867236614, 0.014840525923669337, 0.014721891111135484, 0.014653990119695664, 0.014564475791156292, 0.014545770947635173, 0.014457103244960308, 0.014417397764325142, 0.01439533295929432, 0.014286796025931836, 0.014302166040241718, 0.01428617966324091, 0.014244524410367013, 0.014191965948045254, 0.01417589648514986, 0.014195275582373143, 0.0140926266849041, 0.014107646505534649, 0.014090177184343338, 0.01405167910605669, 0.014048754492402078, 0.013997816328704357, 0.014041922776401042, 0.013983082708716392, 0.013999679152667522, 0.014013322253525256, 0.013930200062692166, 0.014033549149334431, 0.01408995642066002]}