{"val_loss": [3.10625464553833, 3.0669267127990723, 3.0457542667388915, 3.03684616355896, 3.022169197463989, 3.0069125080108643, 2.9986736995697023, 2.9931449970245363, 2.9877919834136963, 2.983571611404419, 2.9771896518707277, 2.973190389633179, 2.9733310806274416, 2.9743460090637206, 2.9721917766571044, 2.9756758659362794, 2.978462961959839, 2.9806086887359617, 2.9848578506469727, 2.987668445968628, 2.9855811737060547, 2.98642297706604, 2.985754192352295, 2.987828177642822, 2.9897328781127928, 2.99009666557312, 2.989848006439209, 2.990286311340332, 2.992073035812378, 2.992217072868347, 2.9932869020462034, 2.9949950496673585, 2.996982208442688, 2.9985458026885987, 3.0005416929244997, 3.0016103937149046, 3.003336151313782, 3.005107448959351, 3.007802304458618, 3.010408144950867], "val_acc": [0.1027, 0.1048, 0.1051, 0.1074, 0.1109, 0.112, 0.1135, 0.1149, 0.1165, 0.1182, 0.1189, 0.1193, 0.1206, 0.1211, 0.122, 0.1228, 0.1231, 0.1238, 0.1248, 0.1251, 0.1257, 0.1266, 0.1259, 0.1259, 0.1261, 0.1269, 0.1272, 0.1272, 0.1267, 0.127, 0.1272, 0.1273, 0.1277, 0.1278, 0.128, 0.1277, 0.128, 0.1279, 0.1275, 0.1273], "loss": [3.1670324325561525, 2.7294726181030273, 2.3487986278533937, 2.029795665740967, 1.726488389968872, 1.5011579132080077, 1.261400134563446, 1.0691303253173827, 0.890584968328476, 0.7532133626937866, 0.6290540277957917, 0.541876335144043, 0.45013976097106934, 0.39059182643890383, 0.3244212973117828, 0.28031117379665377, 0.24521170437335968, 0.22106233954429627, 0.19621009588241578, 0.17169546961784363, 0.15869417428970337, 0.14385894298553467, 0.13192913055419922, 0.12282066822052001, 0.11370521128177642, 0.10556606531143188, 0.09552398055791855, 0.09468818306922913, 0.0867802631855011, 0.07841214060783386, 0.07427029132843017, 0.07372539639472961, 0.06660827577114105, 0.0630626356601715, 0.058133591711521146, 0.058081800639629366, 0.052935938835144046, 0.05094517648220062, 0.05241788446903229, 0.0490752674639225], "acc": [0.08, 0.13, 0.25, 0.33, 0.4, 0.55, 0.68, 0.75, 0.82, 0.9, 0.93, 0.96, 0.98, 0.99, 1.0, 1.0, 1.0, 1.0, 1.0, 1.0, 1.0, 1.0, 1.0, 1.0, 1.0, 1.0, 1.0, 1.0, 1.0, 1.0, 1.0, 1.0, 1.0, 1.0, 1.0, 1.0, 1.0, 1.0, 1.0, 1.0]}