{"val_loss": [2.188944483947754, 2.140694029426575, 2.176318014717102, 2.057453366279602, 2.0070911264419555, 2.0909001794815065, 2.0146467542648314, 2.10011436214447, 2.039719364929199, 2.0966804553985594, 2.1020709196090697, 2.0669462312698363, 2.058598723602295, 2.0633335607528687, 2.063980479812622, 2.0732400480270385, 2.072629279136658, 2.0967828912734987, 2.0885528011322023, 2.1542758375167845, 2.1526468980789186, 2.136819345855713, 2.129347948265076, 2.163578059577942, 2.1699216943740844, 2.176830110168457, 2.2084343410491942, 2.2008809535980225, 2.2245578798294066, 2.2422139879226686, 2.229260669326782, 2.2445235698699952, 2.2629548902511596, 2.262235686683655, 2.282193239402771, 2.2948903991699217, 2.294523966598511, 2.314978479576111, 2.315637593460083, 2.3388276947021485], "val_acc": [0.1923, 0.2308, 0.1923, 0.2523, 0.2772, 0.2415, 0.2748, 0.2445, 0.283, 0.2616, 0.2753, 0.2785, 0.2738, 0.2665, 0.274, 0.2803, 0.2704, 0.2776, 0.2676, 0.2777, 0.2661, 0.2722, 0.2695, 0.275, 0.2779, 0.2693, 0.2616, 0.2676, 0.2695, 0.269, 0.2695, 0.2682, 0.2735, 0.2715, 0.271, 0.2734, 0.2681, 0.266, 0.2712, 0.271], "loss": [2.266282521247864, 1.972011833190918, 1.801382821083069, 1.6698893146514893, 1.5162892427444459, 1.399997555732727, 1.299327338218689, 1.1789989442825317, 1.08694242477417, 1.0134204111099243, 0.9417453603744507, 0.8704869775772095, 0.7608184032440185, 0.7099760074615479, 0.6744873714447022, 0.592357593536377, 0.535285041809082, 0.48518435716629027, 0.4423083758354187, 0.4090886895656586, 0.375442565202713, 0.34923933243751526, 0.3177211949825287, 0.28302229058742523, 0.2597883882522583, 0.23643277382850647, 0.21019611501693725, 0.20669804978370668, 0.1799215351343155, 0.16931330895423888, 0.1571326848268509, 0.14909070038795472, 0.13300615680217742, 0.12310151612758637, 0.11916455626487732, 0.10776466596126556, 0.1008324271440506, 0.09147863167524338, 0.08622388529777526, 0.08314648735523224], "acc": [0.164, 0.311, 0.391, 0.456, 0.558, 0.598, 0.652, 0.723, 0.758, 0.786, 0.815, 0.84, 0.897, 0.9, 0.914, 0.951, 0.967, 0.976, 0.979, 0.984, 0.989, 0.995, 0.994, 0.998, 0.998, 0.999, 1.0, 1.0, 1.0, 1.0, 1.0, 1.0, 1.0, 1.0, 1.0, 1.0, 1.0, 1.0, 1.0, 1.0]}