{"val_loss": [2.2322995769500733, 2.0553678369522093, 1.9636942642211914, 1.9306684250831605, 1.9203338086128234, 1.9158828988075256, 1.9308737393379212, 1.9365126872062683, 1.9705405866622925, 1.9859559279441834, 2.0156983058929443, 2.048591779232025, 2.083268630695343, 2.112514268493652, 2.1620112084388734, 2.2260721731185913, 2.254183233642578, 2.290005262851715, 2.34333455657959, 2.389805692768097, 2.438609974002838, 2.48883666305542, 2.5436715652465822, 2.6229171350479126, 2.654424556350708, 2.6925879006385802, 2.7700622405052187, 2.8349598752975464, 2.887575965309143, 2.9397539708137512, 3.0225689344406126, 3.0495428268432616, 3.1420687702178953, 3.1857436214447024, 3.245944764709473, 3.2991487440109255, 3.3584653902053834, 3.4193381721496583, 3.4659543954849243, 3.553118080329895, 3.620529032897949, 3.6474831819534304, 3.719977751159668, 3.7921840126037596, 3.8456011444091796, 3.8905048608779906, 3.9684760644912718, 4.0339581325531, 4.072505611038208, 4.133461875534057, 4.167887518119812, 4.215124644088745, 4.2523333898544315, 4.301589394760132, 4.325314289665222, 4.411716130828857, 4.45035034122467, 4.472878194046021, 4.523253773880005, 4.573459441375732, 4.605161196899414, 4.633627949905396, 4.691393479156494, 4.707084192848206, 4.749507831954956, 4.835520185089111, 4.881478317070007, 4.894438712120056, 4.943027606773376, 4.956554195594787, 5.018748519134522, 5.044493512916565, 5.066293326950073, 5.109112379264832, 5.095866328048706, 5.136281527328491, 5.157052530097961, 5.191089710426331, 5.206178261184692, 5.270702622413635], "val_acc": [0.2685, 0.3122, 0.327, 0.3421, 0.3445, 0.3513, 0.3559, 0.3565, 0.3552, 0.3532, 0.3527, 0.353, 0.35, 0.3466, 0.3493, 0.3464, 0.3444, 0.3415, 0.348, 0.3454, 0.344, 0.3437, 0.338, 0.3416, 0.3383, 0.341, 0.3421, 0.339, 0.3422, 0.342, 0.3368, 0.3376, 0.3346, 0.3379, 0.3402, 0.3376, 0.3322, 0.3375, 0.3411, 0.3364, 0.3378, 0.3412, 0.3392, 0.3384, 0.3394, 0.3369, 0.3362, 0.3378, 0.3369, 0.3312, 0.3351, 0.3371, 0.3342, 0.3394, 0.3374, 0.3333, 0.3325, 0.3354, 0.3351, 0.3338, 0.3363, 0.3308, 0.3353, 0.3322, 0.3343, 0.3342, 0.3321, 0.3363, 0.3311, 0.3358, 0.3295, 0.3291, 0.3344, 0.3346, 0.3354, 0.3337, 0.3324, 0.3314, 0.3343, 0.3259], "loss": [2.477720734214783, 1.9358900846481324, 1.677786512184143, 1.485690171432495, 1.334145875263214, 1.2024302596092225, 1.0847562178611756, 0.9730674920082092, 0.8717747027873993, 0.7833377621650696, 0.696212193107605, 0.6181015375137329, 0.5447135821819306, 0.48091811957359315, 0.419351312661171, 0.3633924606561661, 0.3170558809041977, 0.27075597927570344, 0.23002753738164902, 0.2012071979045868, 0.16979940011501313, 0.14582188576459884, 0.12383410708308219, 0.1043982901275158, 0.0887177699804306, 0.07552011938691139, 0.06293248840570449, 0.054329035419225694, 0.04620312949419022, 0.03938426042199135, 0.033646777646243575, 0.027826026122272016, 0.024688192301988602, 0.020039766003191472, 0.018038236742466688, 0.015204476255178451, 0.012840959899872542, 0.011017928975075484, 0.009217395933717488, 0.007992263307794928, 0.006929213155433536, 0.005711008556932211, 0.005091235744580627, 0.004407260214537382, 0.003776502793468535, 0.0031855866710655393, 0.003051202777493745, 0.002417569896392524, 0.0022475221287459133, 0.0022356730746105314, 0.0019514885594137013, 0.0015209711571224033, 0.0012479219709988683, 0.0010823602681048214, 0.0009001615111716092, 0.0011466744612436742, 0.0008219671928090975, 0.0007626875867368653, 0.0006642250553006307, 0.0009106946546584368, 0.0005705424558836966, 0.00048662240108242257, 0.00045772421070141715, 0.0003854558189981617, 0.00031680242498405276, 0.00033438091363059355, 0.000308002311992459, 0.0002736622099706437, 0.0002722671375435311, 0.0002319936106388923, 0.00023597852290258744, 0.0003694892532483209, 0.00019394477282767185, 0.00014561199184972792, 0.00018536831152159722, 0.0001380655002372805, 0.0001071009956911439, 0.00010192332053848076, 8.762224803795107e-05, 0.0005669032181962393], "acc": [0.2, 0.3318, 0.4175, 0.4842, 0.5461, 0.5962, 0.6469, 0.6989, 0.7452, 0.7823, 0.8196, 0.8528, 0.8825, 0.9095, 0.9339, 0.9522, 0.9669, 0.979, 0.9859, 0.9912, 0.9958, 0.9975, 0.9978, 0.9989, 0.9986, 0.9997, 0.9999, 0.9999, 1.0, 0.9998, 0.9999, 1.0, 1.0, 1.0, 1.0, 1.0, 1.0, 1.0, 1.0, 1.0, 1.0, 1.0, 1.0, 1.0, 1.0, 1.0, 1.0, 1.0, 1.0, 1.0, 1.0, 1.0, 1.0, 1.0, 1.0, 1.0, 1.0, 1.0, 1.0, 1.0, 1.0, 1.0, 1.0, 1.0, 1.0, 1.0, 1.0, 1.0, 1.0, 1.0, 1.0, 1.0, 1.0, 1.0, 1.0, 1.0, 1.0, 1.0, 1.0, 0.9999]}