{"val_loss": [1.7830726049423218, 1.5936598895072938, 1.5274111251831055, 1.4848157032966613, 1.476703071308136, 1.4553729154586792, 1.4802423476219178, 1.4821582180023194, 1.4916362632751465, 1.5127237691879272, 1.529191764163971, 1.5457504862785338, 1.5949048811912536, 1.6001563325881958, 1.6273098188400268, 1.6566760284423827, 1.6980020159721374, 1.7170795764923095, 1.765684372997284, 1.8053722578048705, 1.828579664516449, 1.8899803175926209, 1.9403155877113343, 1.9718859700202942, 1.9898689668655396, 2.0550781591415404, 2.089794267463684, 2.137432710838318, 2.17609065322876, 2.228671106529236, 2.2645076169013976, 2.3312711017608643, 2.3763889881134035, 2.421673962211609, 2.4818871313095094, 2.5373591792106627, 2.573782626724243, 2.6390360094070435, 2.6432886178970336, 2.7235344449996948, 2.7490995105743408, 2.835777738571167, 2.8529150959014893, 2.911831029891968, 2.9976292974472045, 3.0609694776535035, 3.0711694995880126, 3.1118526071548462, 3.170254532623291, 3.2062265277862547, 3.2533381616592405, 3.3429029478073122, 3.3541598739624026, 3.4267677694320677, 3.470416197776794, 3.4814546985626222, 3.5683973180770874, 3.6094977588653565, 3.630932385444641, 3.7271484155654906, 3.746385741996765, 3.800845813751221, 3.851496844482422, 3.8506768644332885, 3.9367590032577513, 3.964547134399414, 4.025548967170716, 4.070058475112915, 4.0717644048690795, 4.12917870426178, 4.149163121032715, 4.195980483436585, 4.212143090438842, 4.246924725151062, 4.304158360290527, 4.340660927009583, 4.388364633750916, 4.406700688934326, 4.434137616920471, 4.472813842964173], "val_acc": [0.3734, 0.4365, 0.4594, 0.4749, 0.4752, 0.4889, 0.4813, 0.49, 0.4848, 0.4857, 0.4818, 0.4794, 0.4763, 0.4798, 0.4753, 0.4747, 0.4636, 0.4712, 0.4685, 0.4642, 0.4584, 0.4607, 0.4573, 0.4581, 0.459, 0.4517, 0.4512, 0.4555, 0.4536, 0.4485, 0.4475, 0.4428, 0.4422, 0.444, 0.4401, 0.4413, 0.447, 0.4393, 0.4392, 0.4375, 0.4361, 0.4324, 0.437, 0.4356, 0.4317, 0.4297, 0.4322, 0.4296, 0.4335, 0.4277, 0.4289, 0.43, 0.4293, 0.4261, 0.4211, 0.4273, 0.4268, 0.4235, 0.4272, 0.4278, 0.4254, 0.4272, 0.4259, 0.4245, 0.4177, 0.4221, 0.4206, 0.4195, 0.4261, 0.4201, 0.4202, 0.4234, 0.4245, 0.4184, 0.4175, 0.4142, 0.4206, 0.4178, 0.4199, 0.4175], "loss": [2.0856029740142823, 1.6437121987724304, 1.4865127216720582, 1.3849982019233704, 1.300554613761902, 1.226337492160797, 1.1601367609024047, 1.1048092603683473, 1.0507881409454345, 1.00174166847229, 0.9531450611686707, 0.9093179437446595, 0.8690783323287964, 0.8329255198097228, 0.7955787804603577, 0.7624949369621277, 0.7318451530313492, 0.7011865415430069, 0.672469701333046, 0.6476229624795914, 0.6180166308784485, 0.5957404628682137, 0.57200583827734, 0.5493920900249482, 0.528677038731575, 0.5110239483642578, 0.48892388556718824, 0.47048802621126173, 0.4520201566165686, 0.4344595468568802, 0.41631986005306243, 0.4011843657374382, 0.3861461865413189, 0.3730018770456314, 0.35835712361335753, 0.3407369401264191, 0.328287153993845, 0.316286939702034, 0.30458843143939973, 0.29419963299393653, 0.28212104323983195, 0.2705717484307289, 0.2631542626082897, 0.2505057306802273, 0.24278124161183834, 0.2336054021972418, 0.22823660999059678, 0.2169396117401123, 0.20736369964897633, 0.20314968068122863, 0.1931797488850355, 0.191841233869195, 0.1807880040115118, 0.1769829769808054, 0.16862429667294027, 0.16377464078187942, 0.15774060903310777, 0.1530042082798481, 0.14623308193683623, 0.14232838503956793, 0.1388562593436241, 0.13203312350124122, 0.13010984122157096, 0.12423734534144401, 0.12227917569696903, 0.11676379210427404, 0.11346339438170194, 0.11235312032818794, 0.11099468887001276, 0.10553809602767229, 0.10444778910964728, 0.10091077883660793, 0.0977645022663474, 0.09572429698735475, 0.09377128732681274, 0.09318907215595246, 0.09122322104334832, 0.08789396352857351, 0.0857597611169517, 0.08296896738104523], "acc": [0.29432, 0.41722, 0.47582, 0.51092, 0.54462, 0.57268, 0.59584, 0.61748, 0.6367, 0.65502, 0.672, 0.68994, 0.70356, 0.71736, 0.73104, 0.74362, 0.75356, 0.76526, 0.77726, 0.7855, 0.7976, 0.8037, 0.8122, 0.82014, 0.82866, 0.8337, 0.84408, 0.8483, 0.85544, 0.86434, 0.86924, 0.87488, 0.87904, 0.8852, 0.89056, 0.8958, 0.90034, 0.90452, 0.90832, 0.91324, 0.91592, 0.92088, 0.92378, 0.9274, 0.9302, 0.93344, 0.93488, 0.94026, 0.9427, 0.94266, 0.94688, 0.94626, 0.94958, 0.95186, 0.9564, 0.95614, 0.95814, 0.9594, 0.96174, 0.96304, 0.9642, 0.96688, 0.96642, 0.96798, 0.96892, 0.97102, 0.97204, 0.97168, 0.9721, 0.97364, 0.97364, 0.97462, 0.97562, 0.97572, 0.97672, 0.976, 0.97674, 0.97732, 0.97862, 0.97942]}