{"val_loss": [0.03406167002618313, 0.03336948336660862, 0.0324858821451664, 0.03193266099691391, 0.03141400553286076, 0.030795322409272192, 0.030670975813269614, 0.03008995369374752, 0.029995962712168693, 0.029872366052865983, 0.02960906003713608, 0.0293646108597517, 0.02920797879099846, 0.02907031381726265, 0.02883577181994915, 0.028666831162571908, 0.02856799546778202, 0.02841775098145008, 0.028344079157710075, 0.028312525704503058, 0.028226173770427705, 0.028341627350449563, 0.028373086458444597, 0.028360450047254564, 0.02826344312131405, 0.028206863191723823, 0.028294316321611404, 0.02833117658495903, 0.028297706446051597, 0.028295101422071457, 0.028220323565602303, 0.028263891804218292, 0.028163950362801553, 0.02822750742137432, 0.028180669283866883, 0.028230004677176474, 0.02823364515900612, 0.02814138733148575, 0.02821327496767044, 0.028225830724835397], "val_class_loss": [3.20464647026062, 3.1340318126678466, 3.073629123687744, 3.0265033477783203, 2.9804940593719484, 2.926214521598816, 2.908387622833252, 2.860286720466614, 2.845912670135498, 2.8300841537475585, 2.807539637184143, 2.782185960197449, 2.7672800436019895, 2.752185127830505, 2.7328839981079103, 2.7165556102752686, 2.708581447219849, 2.6964419395446777, 2.6895996002197267, 2.685440934944153, 2.679356382369995, 2.687167768287659, 2.688240920829773, 2.6873958057403566, 2.6803499797821044, 2.6757276407241823, 2.682963996696472, 2.68597894115448, 2.683196025657654, 2.6826673234939573, 2.6765160263061523, 2.6793385751724244, 2.670969834136963, 2.6748618238449096, 2.670347579574585, 2.674084773826599, 2.673805586242676, 2.666200028800964, 2.6717146310806275, 2.6727861206054686], "val_reconstruction_loss": [0.002015205955132842, 0.0020291659077629445, 0.00174959158860147, 0.0016676282385364174, 0.0016090656565502287, 0.0015331778219901024, 0.0015871002530679107, 0.0014870871689170598, 0.0015368366541340947, 0.001571525108627975, 0.0015336643613874912, 0.0015427519087679684, 0.0015351789912208915, 0.0015484631845727563, 0.0015069324512034655, 0.0015012756957672535, 0.0014821815611794592, 0.0014533321344293653, 0.0014480837822891772, 0.001458116945810616, 0.0014326105491258203, 0.0014699503280222416, 0.001490677867643535, 0.001486492627672851, 0.001459943899139762, 0.0014495874090120196, 0.0014646769165992737, 0.0014713877777568997, 0.0014657468075864018, 0.001468428759276867, 0.001455163886398077, 0.0014705066558904946, 0.0014542525915428996, 0.0014788898151367903, 0.0014771940973587335, 0.0014891575577668846, 0.0014955898551270365, 0.0014793876690790057, 0.0014961292185820638, 0.001497970121446997], "val_class_acc": [0.1067, 0.108, 0.1113, 0.1124, 0.1145, 0.1157, 0.1199, 0.1224, 0.1249, 0.1273, 0.1311, 0.1347, 0.138, 0.1436, 0.1454, 0.1482, 0.1515, 0.1517, 0.1549, 0.1577, 0.16, 0.161, 0.1619, 0.1632, 0.1643, 0.166, 0.1675, 0.1701, 0.1719, 0.1731, 0.1743, 0.1753, 0.1761, 0.1771, 0.1766, 0.1764, 0.1776, 0.1778, 0.1784, 0.1799], "val_reconstruction_mean_squared_error": [0.0020152059553191068, 0.0020291659066453576, 0.001749591589719057, 0.001667628232203424, 0.0016090656554326416, 0.0015331778203137218, 0.0015871002500876784, 0.0014870871699415146, 0.0015368366487324239, 0.001571525105740875, 0.0015336643619462847, 0.0015427519075572492, 0.0015351789953187108, 0.0015484631849452854, 0.0015069324553012848, 0.001501275698747486, 0.0014821815635077656, 0.001453332129586488, 0.0014480837846174836, 0.001458116942550987, 0.0014326105494052172, 0.0014699503248557448, 0.0014906778709962965, 0.001486492625065148, 0.0014599438996985555, 0.0014495874081738294, 0.0014646769194863736, 0.001471387779340148, 0.001465746810566634, 0.0014684287544339896, 0.0014551638841629028, 0.0014705066580325366, 0.0014542525979690253, 0.0014788898194208742, 0.0014771940940991044, 0.0014891575652174651, 0.0014955898584797977, 0.00147938766842708, 0.0014961292170919478, 0.001497970121819526], "loss": [0.03178217247128487, 0.030453313887119294, 0.029228665232658387, 0.028936187773942947, 0.026782714426517487, 0.027605419233441352, 0.026947305947542192, 0.025535949021577835, 0.025319567769765853, 0.023688313215970994, 0.023083120733499527, 0.02294682800769806, 0.022637043297290802, 0.02260216325521469, 0.02140799641609192, 0.021840064227581023, 0.020419890508055687, 0.020703499391674995, 0.019667606353759765, 0.019990205094218255, 0.019998122304677964, 0.01949255295097828, 0.018580100610852242, 0.017746685296297072, 0.01807798132300377, 0.018527386784553526, 0.018414507657289504, 0.0175293143093586, 0.017659198120236398, 0.016818874776363374, 0.016400871351361274, 0.017062312960624694, 0.016166915744543077, 0.0163541816174984, 0.01600386880338192, 0.0161420663446188, 0.014780602604150771, 0.014653250724077225, 0.015633836686611176, 0.014893381707370281], "class_loss": [2.883434772491455, 2.7719003105163575, 2.666659450531006, 2.61763463973999, 2.457433204650879, 2.464727201461792, 2.377153825759888, 2.3014355087280274, 2.2409541320800783, 2.140819511413574, 2.103382272720337, 2.0351370429992675, 2.0354723358154296, 1.9605888938903808, 1.890429973602295, 1.899779167175293, 1.8240083503723143, 1.8334018325805663, 1.7597779083251952, 1.7291713619232179, 1.708089327812195, 1.6396845388412475, 1.6210526943206787, 1.5622149181365967, 1.5785455513000488, 1.5260447692871093, 1.557798137664795, 1.493710494041443, 1.4963462829589844, 1.4527938079833984, 1.3963968896865844, 1.4355042505264282, 1.3868439435958861, 1.3685138511657715, 1.316613998413086, 1.3222217845916748, 1.2629554414749145, 1.2529503107070923, 1.2978780221939088, 1.24822998046875], "reconstruction_loss": [0.0029478246346116067, 0.0027343112044036387, 0.002562071047723293, 0.0027598416060209273, 0.00220838260371238, 0.002958147618919611, 0.0031757685355842113, 0.0025215941667556764, 0.002910027131438255, 0.0022801187820732593, 0.002049298472702503, 0.0025954584591090677, 0.0022823207825422285, 0.002996274996548891, 0.002503696661442518, 0.002842272687703371, 0.0021798075176775455, 0.0023694819305092097, 0.002069827821105719, 0.0026984917744994163, 0.0029172296077013015, 0.0030957079119980336, 0.002369574420154095, 0.002124536605551839, 0.0022925263084471225, 0.0032669390924274923, 0.0028365262039005755, 0.00259220945648849, 0.0026957353111356497, 0.0022909371368587017, 0.0024369027558714153, 0.002707270458340645, 0.0022984767332673074, 0.0026690436154603956, 0.0028377289324998858, 0.002919849045574665, 0.0021510482393205166, 0.0021237477287650106, 0.002655056454241276, 0.0024110819958150388], "class_acc": [0.09, 0.11, 0.15, 0.13, 0.15, 0.15, 0.14, 0.17, 0.21, 0.19, 0.18, 0.26, 0.27, 0.29, 0.3, 0.32, 0.33, 0.36, 0.41, 0.42, 0.44, 0.46, 0.44, 0.5, 0.47, 0.47, 0.47, 0.48, 0.52, 0.56, 0.59, 0.52, 0.56, 0.56, 0.61, 0.59, 0.65, 0.64, 0.62, 0.62], "reconstruction_mean_squared_error": [0.002947824653238058, 0.0027343112416565417, 0.0025620709918439386, 0.002759841699153185, 0.0022083826549351214, 0.0029581477586179974, 0.0031757685728371144, 0.002521594185382128, 0.0029100271500647067, 0.0022801187634468078, 0.0020492985006421802, 0.0025954583287239076, 0.0022823207825422285, 0.0029962750151753424, 0.0025036966428160666, 0.002842272724956274, 0.0021798074152320625, 0.002369482070207596, 0.0020698277652263643, 0.0026984917744994163, 0.0029172296077013015, 0.003095707818865776, 0.0023695745039731264, 0.0021245365496724844, 0.0022925263457000255, 0.0032669390924274923, 0.002836526148021221, 0.0025922094378620386, 0.0026957353390753267, 0.00229093711823225, 0.002436902760528028, 0.002707270570099354, 0.002298476714640856, 0.0026690435223281385, 0.0028377288952469827, 0.002919848971068859, 0.0021510482113808395, 0.0021237476635724306, 0.002655056416988373, 0.0024110819958150388]}