{"val_loss": [0.026712171286344528, 0.020505498227477072, 0.017268002825975418, 0.01577217425405979, 0.015226769000291825, 0.014208378565311432, 0.013665235638618468, 0.01339880685210228, 0.013172400385141373, 0.012957726657390594, 0.012717431236803531, 0.012486608782410622, 0.01240730375945568, 0.01241359828710556, 0.012180914311110973, 0.012128612065315247, 0.011978733232617379, 0.012005152049660683, 0.011930977670848369, 0.01191293636262417], "val_class_loss": [0.0, 0.0, 0.0, 0.0, 0.0, 0.0, 0.0, 0.0, 0.0, 0.0, 0.0, 0.0, 0.0, 0.0, 0.0, 0.0, 0.0, 0.0, 0.0, 0.0], "val_reconstruction_loss": [0.026712171286344528, 0.020505498227477072, 0.017268002825975418, 0.01577217425405979, 0.015226769000291825, 0.014208378565311432, 0.013665235638618468, 0.01339880685210228, 0.013172400385141373, 0.012957726657390594, 0.012717431236803531, 0.012486608782410622, 0.01240730375945568, 0.01241359828710556, 0.012180914311110973, 0.012128612065315247, 0.011978733232617379, 0.012005152049660683, 0.011930977670848369, 0.01191293636262417], "val_class_acc": [0.121, 0.109, 0.1091, 0.1144, 0.1179, 0.114, 0.1095, 0.1071, 0.1064, 0.105, 0.1082, 0.1148, 0.1114, 0.1089, 0.1065, 0.1107, 0.1085, 0.1076, 0.1048, 0.1052], "val_reconstruction_mean_squared_error": [0.026712171286344528, 0.020505498227477072, 0.017268002825975418, 0.01577217425405979, 0.015226769000291825, 0.014208378565311432, 0.013665235638618468, 0.01339880685210228, 0.013172400385141373, 0.012957726657390594, 0.012717431236803531, 0.012486608782410622, 0.01240730375945568, 0.01241359828710556, 0.012180914311110973, 0.012128612065315247, 0.011978733232617379, 0.012005152049660683, 0.011930977670848369, 0.01191293636262417], "loss": [0.037100910990834235, 0.024283432519435884, 0.020071842151284217, 0.017809194979667663, 0.01647026386797428, 0.015614717414975166, 0.014999005643725395, 0.014509121230840683, 0.014159132535755634, 0.013853068163692951, 0.013618480595350266, 0.013433797612786293, 0.01324166237860918, 0.013088305225372314, 0.01296346052646637, 0.012828075563311577, 0.012715749165713787, 0.01263720664680004, 0.01252995368540287, 0.012445057775974273], "class_loss": [0.0, 0.0, 0.0, 0.0, 0.0, 0.0, 0.0, 0.0, 0.0, 0.0, 0.0, 0.0, 0.0, 0.0, 0.0, 0.0, 0.0, 0.0, 0.0, 0.0], "reconstruction_loss": [0.037100910990834235, 0.024283432519435884, 0.020071842151284217, 0.017809194979667663, 0.01647026386797428, 0.015614717414975166, 0.014999005643725395, 0.014509121230840683, 0.014159132535755634, 0.013853068163692951, 0.013618480595350266, 0.013433797612786293, 0.01324166237860918, 0.013088305225372314, 0.01296346052646637, 0.012828075563311577, 0.012715749165713787, 0.01263720664680004, 0.01252995368540287, 0.012445057775974273], "class_acc": [0.05868, 0.05476, 0.05196, 0.05592, 0.04528, 0.05642, 0.05018, 0.06532, 0.06616, 0.05352, 0.05262, 0.05228, 0.05774, 0.05744, 0.06088, 0.05064, 0.05234, 0.0554, 0.04808, 0.05212], "reconstruction_mean_squared_error": [0.037100910990834235, 0.024283432519435884, 0.020071842151284217, 0.017809194979667663, 0.01647026386797428, 0.015614717414975166, 0.014999005643725395, 0.014509121230840683, 0.014159132535755634, 0.013853068163692951, 0.013618480595350266, 0.013433797612786293, 0.01324166237860918, 0.013088305225372314, 0.01296346052646637, 0.012828075563311577, 0.012715749165713787, 0.01263720664680004, 0.01252995368540287, 0.012445057775974273]}