{"val_loss": [1.984325005531311, 1.9438462619781494, 1.8623187088012696, 1.8502258913040162, 1.883120246887207, 1.8555636571884155, 1.9114437941551208, 1.8596399198532105, 1.9181225296974183, 1.8377830332756042, 1.8923451427459717, 1.9181434432029725, 1.8517064207077025, 1.8674025819778441, 1.9629095929145812, 1.932406393623352, 1.9170642435073852, 1.9536858246803284, 1.9397505243301392, 1.962668896484375, 1.9684776467323304, 1.9878349401473998, 2.081508357620239, 2.086316504764557, 2.0483138478279113, 2.102945708465576, 2.135180733013153, 2.1559482080459595, 2.204676257228851, 2.1843603622436523, 2.2048359872817995, 2.240197350025177, 2.2496509857177736, 2.2737933506011965, 2.3338820382118226, 2.362174999523163, 2.3671878403663635, 2.381312942790985, 2.4523621525764465, 2.5235399654388426], "val_acc": [0.2846, 0.3083, 0.336, 0.3427, 0.3241, 0.3321, 0.3439, 0.3475, 0.3266, 0.3619, 0.35, 0.338, 0.359, 0.3625, 0.3435, 0.357, 0.3495, 0.3565, 0.3503, 0.3531, 0.3565, 0.3545, 0.3493, 0.3517, 0.3589, 0.3547, 0.3552, 0.3525, 0.3567, 0.3553, 0.3559, 0.3529, 0.36, 0.356, 0.3568, 0.3612, 0.3595, 0.3638, 0.3563, 0.3566], "loss": [2.0847032459259034, 1.864288611984253, 1.7599525382995604, 1.6669100143432618, 1.5804359838485718, 1.5107121168136597, 1.4292972401618957, 1.3594504157066345, 1.2985620476722717, 1.2415335740089417, 1.183434626197815, 1.1210682835578918, 1.0617052725791931, 1.0067355310440063, 0.9547634385108947, 0.9096032329559326, 0.8517758821964264, 0.8002365447044373, 0.7566259556770325, 0.6991088325023651, 0.6467531814098358, 0.6034235867977142, 0.5620062198877335, 0.5114333880901336, 0.47660476887226105, 0.4348885669708252, 0.3889884761810303, 0.35689806244373323, 0.32253129757642746, 0.2859463347673416, 0.25778984479904177, 0.22683310455083847, 0.1978207199215889, 0.17809566988945008, 0.14822014383077622, 0.1373404418706894, 0.11445188103318214, 0.09965200035572053, 0.08827074412703514, 0.07324940350055695], "acc": [0.2474, 0.3418, 0.3867, 0.4242, 0.4613, 0.4872, 0.519, 0.5445, 0.5749, 0.5932, 0.6161, 0.6434, 0.6651, 0.6907, 0.7103, 0.7214, 0.7525, 0.7752, 0.7921, 0.8153, 0.8379, 0.8544, 0.876, 0.8965, 0.9055, 0.922, 0.9376, 0.9481, 0.9616, 0.9702, 0.976, 0.9846, 0.9896, 0.9915, 0.9962, 0.9969, 0.999, 0.999, 0.9994, 0.9999]}