{"val_loss": [0.02631047146320343, 0.020351550179719926, 0.01729263840317726, 0.015788187888264655, 0.01477299329638481, 0.014173450964689254, 0.014333701232075691, 0.01353586493730545, 0.01299208522439003, 0.013082191371917724, 0.012641802906990051, 0.01248556733429432, 0.01250280427634716, 0.012604637348651885, 0.012231035858392716, 0.012206617490947246, 0.012053254505991935, 0.012046973849833012, 0.0118836508333683, 0.011808681450784207, 0.011875130793452263, 0.011771962122619151, 0.011665638713538647, 0.011653849174082279, 0.011727230878174306], "val_class_loss": [0.0, 0.0, 0.0, 0.0, 0.0, 0.0, 0.0, 0.0, 0.0, 0.0, 0.0, 0.0, 0.0, 0.0, 0.0, 0.0, 0.0, 0.0, 0.0, 0.0, 0.0, 0.0, 0.0, 0.0, 0.0], "val_reconstruction_loss": [0.02631047146320343, 0.020351550179719926, 0.01729263840317726, 0.015788187888264655, 0.01477299329638481, 0.014173450964689254, 0.014333701232075691, 0.01353586493730545, 0.01299208522439003, 0.013082191371917724, 0.012641802906990051, 0.01248556733429432, 0.01250280427634716, 0.012604637348651885, 0.012231035858392716, 0.012206617490947246, 0.012053254505991935, 0.012046973849833012, 0.0118836508333683, 0.011808681450784207, 0.011875130793452263, 0.011771962122619151, 0.011665638713538647, 0.011653849174082279, 0.011727230878174306], "val_class_acc": [0.0742, 0.0883, 0.0917, 0.0971, 0.0872, 0.0902, 0.0868, 0.0891, 0.0871, 0.0908, 0.0884, 0.0964, 0.0822, 0.0928, 0.0945, 0.0923, 0.0881, 0.088, 0.0872, 0.0852, 0.087, 0.0853, 0.0869, 0.0835, 0.0908], "val_reconstruction_mean_squared_error": [0.02631047146320343, 0.020351550179719926, 0.01729263840317726, 0.015788187888264655, 0.01477299329638481, 0.014173450964689254, 0.014333701232075691, 0.01353586493730545, 0.01299208522439003, 0.013082191371917724, 0.012641802906990051, 0.01248556733429432, 0.01250280427634716, 0.012604637348651885, 0.012231035858392716, 0.012206617490947246, 0.012053254505991935, 0.012046973849833012, 0.0118836508333683, 0.011808681450784207, 0.011875130793452263, 0.011771962122619151, 0.011665638713538647, 0.011653849174082279, 0.011727230878174306], "loss": [0.037425278240442277, 0.024507377920150758, 0.020150525179505347, 0.017874919585585593, 0.01650319147825241, 0.015608751173615456, 0.014995552651286125, 0.01455388411819935, 0.014171985408067703, 0.013904268062710763, 0.013642899397611617, 0.013452609189748764, 0.013270717737674713, 0.013127307015359403, 0.012976508363783359, 0.0128629378464818, 0.012728470496535301, 0.012638536216914653, 0.012549357277154923, 0.012456832368671894, 0.012374377306103706, 0.01230726651608944, 0.01224489996433258, 0.012172545923292637, 0.012104487841129302], "class_loss": [0.0, 0.0, 0.0, 0.0, 0.0, 0.0, 0.0, 0.0, 0.0, 0.0, 0.0, 0.0, 0.0, 0.0, 0.0, 0.0, 0.0, 0.0, 0.0, 0.0, 0.0, 0.0, 0.0, 0.0, 0.0], "reconstruction_loss": [0.037425278240442277, 0.024507377920150758, 0.020150525179505347, 0.017874919585585593, 0.01650319147825241, 0.015608751173615456, 0.014995552651286125, 0.01455388411819935, 0.014171985408067703, 0.013904268062710763, 0.013642899397611617, 0.013452609189748764, 0.013270717737674713, 0.013127307015359403, 0.012976508363783359, 0.0128629378464818, 0.012728470496535301, 0.012638536216914653, 0.012549357277154923, 0.012456832368671894, 0.012374377306103706, 0.01230726651608944, 0.01224489996433258, 0.012172545923292637, 0.012104487841129302], "class_acc": [0.04608, 0.09486, 0.10622, 0.10504, 0.10112, 0.11364, 0.10658, 0.09798, 0.10314, 0.1015, 0.10718, 0.09936, 0.09724, 0.10024, 0.10394, 0.09478, 0.1031, 0.09804, 0.09562, 0.1163, 0.10842, 0.1106, 0.12094, 0.12124, 0.10722], "reconstruction_mean_squared_error": [0.037425278240442277, 0.024507377920150758, 0.020150525179505347, 0.017874919585585593, 0.01650319147825241, 0.015608751173615456, 0.014995552651286125, 0.01455388411819935, 0.014171985408067703, 0.013904268062710763, 0.013642899397611617, 0.013452609189748764, 0.013270717737674713, 0.013127307015359403, 0.012976508363783359, 0.0128629378464818, 0.012728470496535301, 0.012638536216914653, 0.012549357277154923, 0.012456832368671894, 0.012374377306103706, 0.01230726651608944, 0.01224489996433258, 0.012172545923292637, 0.012104487841129302]}