{"val_loss": [2.2180445348739624, 2.1614037160873414, 2.101132158088684, 2.0651435163497927, 2.0835000118255613, 2.070959836959839, 2.0677852859497072, 2.068193606567383, 2.0462934476852417, 2.0450839443206785, 2.057799481391907, 2.088025708580017, 2.0758523780822755, 2.044903985595703, 2.076758944129944, 2.1352944959640503, 2.071460922241211, 2.1343299674987795, 2.0864691345214843, 2.121271821975708, 2.129030055618286, 2.214408084011078, 2.1387706194877625, 2.159599369430542, 2.181690033721924, 2.161664011001587, 2.187529204940796, 2.2203422979354857, 2.2023679084777834, 2.25774974193573, 2.215544887638092, 2.2578585300445555, 2.2758572217941286, 2.2658518140792845, 2.267999618053436, 2.2759853580474854, 2.311532919883728, 2.295762521839142, 2.3167968384742736, 2.3445061623573302, 2.3651943325042724, 2.3550041858673096, 2.3639480731964113, 2.3821932490348816, 2.388759466457367, 2.4054531135559083, 2.4081099495887757, 2.4185391319274903, 2.4253025671958923, 2.443434655380249, 2.4481461685180665, 2.4631872122764586, 2.468918250656128, 2.5113603071212767, 2.503319265174866, 2.512714700126648, 2.508641924381256, 2.525620433139801, 2.52988720035553, 2.5374450616836546, 2.556724310302734, 2.5739943031311037, 2.567977366256714, 2.582691329193115, 2.5980828309059145, 2.5994726464271545, 2.6217716792106627, 2.6166511763572693, 2.6493951455116274, 2.6512888500213623, 2.6435865515708925, 2.6674752902984618, 2.6649932636260987, 2.683760690307617, 2.688507398223877, 2.709308738517761, 2.69618705701828, 2.7321680512428284, 2.7286147946357726, 2.7274159301757814], "val_acc": [0.1887, 0.2028, 0.2326, 0.2524, 0.2492, 0.2439, 0.2739, 0.2621, 0.2674, 0.2783, 0.27, 0.2591, 0.2651, 0.2782, 0.274, 0.26, 0.2799, 0.2708, 0.2813, 0.2737, 0.2705, 0.2568, 0.272, 0.2678, 0.2635, 0.2719, 0.2735, 0.2719, 0.2725, 0.2711, 0.2691, 0.2688, 0.2708, 0.2701, 0.2671, 0.2697, 0.2703, 0.2681, 0.2683, 0.2715, 0.2702, 0.2713, 0.2692, 0.2673, 0.268, 0.2656, 0.271, 0.2685, 0.2683, 0.2663, 0.2677, 0.2691, 0.2685, 0.2681, 0.2664, 0.2707, 0.267, 0.2655, 0.268, 0.2652, 0.2684, 0.27, 0.267, 0.2673, 0.2663, 0.2658, 0.2674, 0.2657, 0.2687, 0.2658, 0.267, 0.2682, 0.2659, 0.2646, 0.2672, 0.2685, 0.2655, 0.2666, 0.267, 0.265], "loss": [2.3235330123901368, 2.050960880279541, 1.8240599098205565, 1.685318621635437, 1.5477486429214478, 1.4380505199432374, 1.331281584739685, 1.2429096431732178, 1.1523288354873658, 1.0717522525787353, 0.9607982540130615, 0.8731124997138977, 0.817222237110138, 0.7278247814178467, 0.6731910591125488, 0.6252949109077454, 0.569587975025177, 0.511613482952118, 0.4800254647731781, 0.4156899394989014, 0.3977216637134552, 0.3656872057914734, 0.32036772012710574, 0.28607149052619935, 0.27810259008407595, 0.2509042739868164, 0.23361641097068786, 0.20606147861480714, 0.1933095555305481, 0.1768614321947098, 0.16086460757255555, 0.14551999819278716, 0.13602881968021394, 0.1250732796192169, 0.11640649843215943, 0.11018233776092529, 0.10019656693935394, 0.0951544816493988, 0.08735026609897613, 0.08262080526351928, 0.0782427013516426, 0.07275460088253022, 0.06770747339725494, 0.06352454805374146, 0.061773951828479765, 0.05658995884656906, 0.05308382433652878, 0.05012983956933022, 0.046770245641469955, 0.04405859664082527, 0.04225876474380493, 0.039492471247911456, 0.037869947522878644, 0.036479975402355196, 0.034608210116624835, 0.03223610991239548, 0.030713617354631424, 0.028930460453033446, 0.02786434128880501, 0.02618883517384529, 0.0250951876193285, 0.023956093609333037, 0.0227514131963253, 0.021803657829761507, 0.02071037757396698, 0.019752724915742873, 0.018874195963144304, 0.017936875373125077, 0.017065182134509086, 0.016462720423936844, 0.015780907027423383, 0.015094430573284625, 0.014380204156041146, 0.013715308204293251, 0.013209891811013222, 0.012597333878278731, 0.012172985702753067, 0.011614396683871746, 0.011025497131049633, 0.010688460119068623], "acc": [0.131, 0.265, 0.375, 0.473, 0.508, 0.587, 0.643, 0.673, 0.72, 0.76, 0.805, 0.846, 0.864, 0.909, 0.919, 0.938, 0.959, 0.956, 0.967, 0.988, 0.985, 0.991, 0.994, 0.996, 0.992, 0.998, 0.999, 1.0, 1.0, 0.999, 1.0, 1.0, 1.0, 1.0, 1.0, 1.0, 1.0, 1.0, 1.0, 1.0, 1.0, 1.0, 1.0, 1.0, 1.0, 1.0, 1.0, 1.0, 1.0, 1.0, 1.0, 1.0, 1.0, 1.0, 1.0, 1.0, 1.0, 1.0, 1.0, 1.0, 1.0, 1.0, 1.0, 1.0, 1.0, 1.0, 1.0, 1.0, 1.0, 1.0, 1.0, 1.0, 1.0, 1.0, 1.0, 1.0, 1.0, 1.0, 1.0, 1.0]}