{"val_loss": [1.8362157068252563, 1.7444934700012207, 1.7208999753952026, 1.7445933696746827, 1.7099603973388673, 1.635132816696167, 1.618099791240692, 1.5999884852409363, 1.5973364016532898, 1.6188117928504944, 1.5726549458503722, 1.615679829120636, 1.574710411453247, 1.5984024574279785, 1.595906483078003, 1.6250643752098084, 1.6388385088920594, 1.6144240140914916, 1.6786944766044616, 1.656338724899292, 1.673532681465149, 1.6923948406219482, 1.6840186193466187, 1.7646962709426879, 1.7505546298980712, 1.8070745526313783, 1.8233647015571595, 1.8647554333686829, 1.8953877579689027, 1.9472384251594543, 1.9776148712158204, 1.9753687078475952, 2.0273782621383667, 2.0626177275657653, 2.074879379081726, 2.1655671135902406, 2.2199139620780945, 2.208782889652252, 2.313520929813385, 2.2878932560920715, 2.302841487979889, 2.391162814903259, 2.484521725654602, 2.40013253698349, 2.4386655370712282, 2.473840997028351, 2.503302699756622, 2.519124535751343, 2.5277476858139036, 2.538147026824951, 2.547717178630829, 2.48292366104126, 2.521199688911438, 2.658790763092041, 2.688003899526596, 2.6688685304641724, 2.6437282655715943, 2.5931620438575744, 2.7413347990989685, 2.724652353477478, 2.7170789759635925, 2.6728100831985473, 2.8180650438308716, 2.768052727985382, 2.7487855752944945, 2.856539442253113, 2.81441882314682, 2.909452033138275, 2.883595673942566, 2.7955740536689757, 2.9299171990394592, 2.8463990693092347, 2.9525826661109926, 2.8979620490074156, 2.9955243552207946, 2.9363541586875916, 3.0271701912879942, 2.9629039277076723, 3.0643925455093384, 2.991141321372986], "val_acc": [0.355, 0.3791, 0.3857, 0.3797, 0.3928, 0.4157, 0.4317, 0.4309, 0.435, 0.427, 0.4474, 0.4345, 0.4491, 0.4436, 0.4426, 0.4411, 0.4414, 0.449, 0.4386, 0.4412, 0.4441, 0.4368, 0.4537, 0.451, 0.4431, 0.4414, 0.4465, 0.4495, 0.4409, 0.4399, 0.4427, 0.4515, 0.4465, 0.4492, 0.4503, 0.4429, 0.4454, 0.4476, 0.43, 0.4536, 0.4499, 0.4525, 0.4298, 0.4539, 0.4559, 0.4546, 0.4548, 0.4505, 0.4502, 0.4521, 0.4537, 0.4419, 0.4512, 0.4535, 0.4488, 0.4484, 0.4496, 0.4428, 0.4545, 0.4556, 0.4573, 0.4514, 0.4561, 0.452, 0.4421, 0.4512, 0.4492, 0.4472, 0.4436, 0.4401, 0.4503, 0.4477, 0.4528, 0.4539, 0.4479, 0.4489, 0.451, 0.4464, 0.4502, 0.452], "loss": [1.9362703413009643, 1.7519177884483337, 1.66017107711792, 1.5868159987258912, 1.5251279532051087, 1.4699292948913574, 1.412717099571228, 1.3605206861305237, 1.306484779624939, 1.2527854535865783, 1.199964296722412, 1.1433271537876128, 1.086562009372711, 1.0327370397090911, 0.9736419273376464, 0.9139432490730286, 0.8551088133621216, 0.7999388708162308, 0.7387690592956543, 0.6814638747644425, 0.6242258886766434, 0.5679654529237748, 0.5115368969869614, 0.46249992509365084, 0.41148289732933047, 0.3640317493391037, 0.3219150478339195, 0.2800576374685764, 0.24279388181447983, 0.2112440195477009, 0.17942003276586532, 0.1537322241926193, 0.12985106881976127, 0.11285054714262485, 0.0943729158115387, 0.08078396830260753, 0.06651468495845794, 0.059169164325296876, 0.053369026712179184, 0.04548125393792987, 0.050252682048380376, 0.03369154461801052, 0.045004714133515956, 0.0384875295072794, 0.03177644500643015, 0.029754226108565925, 0.035013216464444996, 0.030757243672311307, 0.02812183244392276, 0.03289497560977936, 0.031198515272960067, 0.028299366132356226, 0.02680874997045845, 0.006301183413788676, 0.029240682541131973, 0.02895485708426684, 0.031483926387168466, 0.025854971621483563, 0.004870443235933781, 0.02720690855072811, 0.03233915532808751, 0.030519924662858248, 0.004233060652576387, 0.03531544947609305, 0.02759553017148748, 0.005765870862025768, 0.03177992318963632, 0.002731274734660983, 0.031093071844596417, 0.02778677871214226, 0.003635726470183581, 0.028764890252575278, 0.002341173069700599, 0.030743892199806867, 0.0019813933850172907, 0.028556959059759975, 0.0015735929733794183, 0.0322397194336541, 0.0013928843285795302, 0.032475769134238365], "acc": [0.30604, 0.38208, 0.41614, 0.4448, 0.46768, 0.48884, 0.51228, 0.53146, 0.55464, 0.57452, 0.59478, 0.6178, 0.63942, 0.66208, 0.68706, 0.71136, 0.7336, 0.7564, 0.78132, 0.8042, 0.82716, 0.8499, 0.8717, 0.88956, 0.90718, 0.92452, 0.93784, 0.95296, 0.9633, 0.97048, 0.97902, 0.98386, 0.98908, 0.9911, 0.994, 0.99512, 0.99684, 0.9968, 0.99608, 0.99602, 0.99206, 0.99508, 0.99184, 0.99348, 0.99406, 0.99478, 0.99262, 0.99388, 0.99488, 0.99304, 0.993, 0.99332, 0.99368, 1.0, 0.99318, 0.99364, 0.99254, 0.99326, 1.0, 0.99404, 0.99198, 0.9924, 1.0, 0.99202, 0.99236, 0.9999, 0.99208, 1.0, 0.99248, 0.99306, 1.0, 0.99264, 1.0, 0.9929, 1.0, 0.99234, 1.0, 0.99158, 1.0, 0.99172]}