{"val_loss": [0.025936448687314987, 0.02036341075897217, 0.017520065534114837, 0.015790634134411813, 0.014796430405974389, 0.014196608850359917, 0.01423274846971035, 0.01352398912012577, 0.013148696555197239, 0.012920867267251016, 0.012737967886030674, 0.012613430613279342, 0.01288444619178772, 0.012399452170729637, 0.012209028881788254, 0.012636467373371124, 0.01215205068141222, 0.012012473812699319, 0.012026799920201302, 0.012133520936965942, 0.01194375503063202, 0.011865951789915561, 0.011705560347437858, 0.012046483592689037, 0.01189861566722393], "val_class_loss": [0.0, 0.0, 0.0, 0.0, 0.0, 0.0, 0.0, 0.0, 0.0, 0.0, 0.0, 0.0, 0.0, 0.0, 0.0, 0.0, 0.0, 0.0, 0.0, 0.0, 0.0, 0.0, 0.0, 0.0, 0.0], "val_reconstruction_loss": [0.025936448687314987, 0.02036341075897217, 0.017520065534114837, 0.015790634134411813, 0.014796430405974389, 0.014196608850359917, 0.01423274846971035, 0.01352398912012577, 0.013148696555197239, 0.012920867267251016, 0.012737967886030674, 0.012613430613279342, 0.01288444619178772, 0.012399452170729637, 0.012209028881788254, 0.012636467373371124, 0.01215205068141222, 0.012012473812699319, 0.012026799920201302, 0.012133520936965942, 0.01194375503063202, 0.011865951789915561, 0.011705560347437858, 0.012046483592689037, 0.01189861566722393], "val_class_acc": [0.107, 0.0987, 0.0981, 0.1002, 0.0944, 0.0925, 0.0943, 0.0984, 0.1, 0.0944, 0.0981, 0.0944, 0.0988, 0.0951, 0.0923, 0.0951, 0.0935, 0.0931, 0.0944, 0.0986, 0.0964, 0.1004, 0.096, 0.0989, 0.096], "val_reconstruction_mean_squared_error": [0.025936448687314987, 0.02036341075897217, 0.017520065534114837, 0.015790634134411813, 0.014796430405974389, 0.014196608850359917, 0.01423274846971035, 0.01352398912012577, 0.013148696555197239, 0.012920867267251016, 0.012737967886030674, 0.012613430613279342, 0.01288444619178772, 0.012399452170729637, 0.012209028881788254, 0.012636467373371124, 0.01215205068141222, 0.012012473812699319, 0.012026799920201302, 0.012133520936965942, 0.01194375503063202, 0.011865951789915561, 0.011705560347437858, 0.012046483592689037, 0.01189861566722393], "loss": [0.037367190371751784, 0.024468417564630508, 0.0201757045763731, 0.017838863086104394, 0.01652716730892658, 0.015619660058915616, 0.015026377180814744, 0.0145446990275383, 0.014198762300610542, 0.01393087423145771, 0.013685009821951389, 0.013447603772878647, 0.013294461853206157, 0.013128658198714257, 0.013008219526410103, 0.012878260976970196, 0.01278112946510315, 0.012662008477151394, 0.01257565399646759, 0.012488328032791615, 0.012405753991007806, 0.012350228524208069, 0.012245858410596848, 0.012207105874419212, 0.012120526335835456], "class_loss": [0.0, 0.0, 0.0, 0.0, 0.0, 0.0, 0.0, 0.0, 0.0, 0.0, 0.0, 0.0, 0.0, 0.0, 0.0, 0.0, 0.0, 0.0, 0.0, 0.0, 0.0, 0.0, 0.0, 0.0, 0.0], "reconstruction_loss": [0.037367190371751784, 0.024468417564630508, 0.0201757045763731, 0.017838863086104394, 0.01652716730892658, 0.015619660058915616, 0.015026377180814744, 0.0145446990275383, 0.014198762300610542, 0.01393087423145771, 0.013685009821951389, 0.013447603772878647, 0.013294461853206157, 0.013128658198714257, 0.013008219526410103, 0.012878260976970196, 0.01278112946510315, 0.012662008477151394, 0.01257565399646759, 0.012488328032791615, 0.012405753991007806, 0.012350228524208069, 0.012245858410596848, 0.012207105874419212, 0.012120526335835456], "class_acc": [0.06152, 0.06264, 0.07548, 0.08188, 0.08494, 0.08492, 0.09478, 0.1051, 0.10586, 0.12622, 0.12626, 0.12224, 0.1366, 0.13944, 0.14096, 0.13492, 0.14604, 0.14282, 0.14576, 0.13932, 0.13758, 0.14546, 0.14768, 0.133, 0.13698], "reconstruction_mean_squared_error": [0.037367190371751784, 0.024468417564630508, 0.0201757045763731, 0.017838863086104394, 0.01652716730892658, 0.015619660058915616, 0.015026377180814744, 0.0145446990275383, 0.014198762300610542, 0.01393087423145771, 0.013685009821951389, 0.013447603772878647, 0.013294461853206157, 0.013128658198714257, 0.013008219526410103, 0.012878260976970196, 0.01278112946510315, 0.012662008477151394, 0.01257565399646759, 0.012488328032791615, 0.012405753991007806, 0.012350228524208069, 0.012245858410596848, 0.012207105874419212, 0.012120526335835456]}