{"val_loss": [0.027606959784030913, 0.026047478261590006, 0.025114287614822386, 0.02443751781284809, 0.023893808242678644, 0.023548346769809724, 0.023249831646680832, 0.023009794469177725, 0.02275977847278118, 0.02257780801355839, 0.02236536670178175, 0.022314382532238962, 0.02209823100566864, 0.02205075746178627, 0.021943303768336773, 0.021885223130881787, 0.021855399027466773, 0.02170624036937952, 0.021655394810438156, 0.021603688791394234, 0.021538527680933475, 0.0214828909561038, 0.021475735338032247, 0.02142112809419632, 0.0214204627096653, 0.0213706141397357, 0.021338960462808608, 0.02135324103087187, 0.021346602614223956, 0.021329129827022553, 0.021297493927180767, 0.021246347147226334, 0.021322100092470646, 0.021274309262633323, 0.021254485584795476, 0.02126053506433964, 0.02125815573334694, 0.021292329555749893, 0.021276338778436182, 0.021253293551504612], "val_class_loss": [2.6482666454315185, 2.4919686269760133, 2.398732705497742, 2.330848856163025, 2.2760381467819215, 2.2411675336837766, 2.2101693607330324, 2.186260984992981, 2.1605819177627565, 2.1421611448287963, 2.119904774284363, 2.114634088134766, 2.091438766860962, 2.0882155000686646, 2.0768839588165284, 2.0702009141921995, 2.0659313188552857, 2.0520752424240114, 2.0466491817474366, 2.040369722175598, 2.0331745082855224, 2.0261725597381592, 2.0265866514205935, 2.020004916572571, 2.020355460166931, 2.014754318237305, 2.0118692028045655, 2.0126830200195314, 2.0112729690551756, 2.0091428283691406, 2.0061031717300417, 2.0001403240203857, 2.0064042575836183, 2.002635923576355, 1.9999689823150635, 2.0017688961029054, 2.0003672384262083, 2.0032800090789795, 2.0010458446502684, 1.9992671478271484], "val_reconstruction_loss": [0.0011242938986048103, 0.0011277925317175687, 0.0011269610727205873, 0.0011290297609753907, 0.00113342730011791, 0.001136671937815845, 0.0011481384900398552, 0.00114718508804217, 0.0011539597156457603, 0.0011561970837414264, 0.0011663194632157683, 0.001168042108323425, 0.0011838438550010324, 0.0011686029223725199, 0.0011744646098464726, 0.0011832144415006042, 0.001196086267195642, 0.0011854884380474687, 0.0011889034372754394, 0.0011999920322559774, 0.0012067830643616617, 0.0012211658284068108, 0.0012098692391067742, 0.0012210793791338802, 0.0012169085805304348, 0.0012230714024044572, 0.0012202688929624855, 0.001226411227323115, 0.0012338733723387123, 0.001237701907288283, 0.0012364626753143967, 0.0012449443336576224, 0.001258057986572385, 0.0012479504680261017, 0.001254796195682138, 0.001242846575472504, 0.0012544837970286608, 0.0012595298898406327, 0.0012658807683736085, 0.0012606225048191846], "val_class_acc": [0.1339, 0.166, 0.1905, 0.2108, 0.2283, 0.2371, 0.2469, 0.2561, 0.2601, 0.2683, 0.2716, 0.2769, 0.2799, 0.2854, 0.2869, 0.2902, 0.2919, 0.2955, 0.2975, 0.2971, 0.2999, 0.3011, 0.3039, 0.3058, 0.3069, 0.309, 0.3104, 0.311, 0.3132, 0.3129, 0.3139, 0.3133, 0.3142, 0.3153, 0.3154, 0.317, 0.318, 0.3193, 0.3191, 0.3191], "val_reconstruction_mean_squared_error": [0.0011242938984185457, 0.001127792529389262, 0.001126961071509868, 0.001129029765445739, 0.0011334273028187453, 0.001136671936698258, 0.00114813849106431, 0.00114718508888036, 0.0011539597165770828, 0.0011561970834620297, 0.0011663194644264876, 0.001168042107950896, 0.0011838438512757421, 0.0011686029205098748, 0.0011744646086357534, 0.00118321443926543, 0.0011960862652398646, 0.0011854884339496494, 0.0011889034339226782, 0.0011999920290894806, 0.0012067830599844455, 0.001221165829245001, 0.001209869240503758, 0.001221079387422651, 0.001216908577643335, 0.0012230714039877058, 0.0012202688923105597, 0.0012264112307690085, 0.0012338733701966703, 0.0012377019058912992, 0.0012364626749418676, 0.001244944337476045, 0.0012580579881556332, 0.0012479504661634564, 0.001254796195589006, 0.0012428465720266105, 0.0012544838004745543, 0.0012595298931002616, 0.001265880767814815, 0.0012606225052848457], "loss": [0.03099551497399807, 0.02758569563925266, 0.025747332364320755, 0.024711452841758727, 0.02327993980050087, 0.02284770080447197, 0.02265790483355522, 0.021718338936567307, 0.02142506682872772, 0.02063483342528343, 0.02025907737016678, 0.019995779126882555, 0.019495137184858322, 0.01940457571297884, 0.01928886030614376, 0.018957159131765367, 0.01870808769762516, 0.018598897829651833, 0.018234670892357828, 0.01808626602590084, 0.01768172849714756, 0.017486740469932555, 0.017247676357626914, 0.016830864712595938, 0.017064443647861482, 0.016718159072101117, 0.016431891575455666, 0.016358300477266313, 0.0163139960616827, 0.01580710718035698, 0.01566017388552427, 0.01569035532325506, 0.015506786614656449, 0.015484669789671899, 0.015226661548018456, 0.014998310297727585, 0.014806437328457833, 0.01455268234014511, 0.014664200350642205, 0.014484616599977016], "class_loss": [2.8844565505981445, 2.5255161418914795, 2.3471299285888674, 2.2414527797698973, 2.1414030342102053, 2.0719636116027833, 2.025295492172241, 1.9561373901367187, 1.9189565200805665, 1.8707248239517211, 1.8343973445892334, 1.7918723945617676, 1.7595855283737183, 1.7340973682403564, 1.6992208127975463, 1.6767887506484986, 1.6542400217056275, 1.6302174263000488, 1.6004536628723145, 1.590175874710083, 1.5520726718902589, 1.5415590353012085, 1.5130228881835937, 1.4856648941040038, 1.4714021139144897, 1.45916179561615, 1.4323525094985963, 1.4174689025878906, 1.4031413860321045, 1.3662864475250245, 1.3544035940170287, 1.3428859767913819, 1.3318401651382445, 1.3156745481491088, 1.298163058757782, 1.2806501407623292, 1.2637636871337892, 1.248098798751831, 1.225024556159973, 1.216483052253723], "reconstruction_loss": [0.0021509501356631517, 0.0023305347291752696, 0.0022760335868224502, 0.0022969255596399308, 0.0018659099414944649, 0.0021280649974942207, 0.0024049503225833176, 0.0021569656394422056, 0.0022355022821575403, 0.0019275855384767056, 0.0019151041842997074, 0.002077055709436536, 0.0018992822747677565, 0.0020636023506522176, 0.0022966524586081503, 0.0021892718710005282, 0.00216568798199296, 0.0022967241276055576, 0.0022301346873864532, 0.002184507584199309, 0.0021610021721571683, 0.0020711503941565753, 0.0021174478828907013, 0.001974216191098094, 0.0023504228182137012, 0.002126541592180729, 0.0021083666775375603, 0.0021836117580533027, 0.002282582510262728, 0.0021442430485039948, 0.0021161382300779225, 0.0022614958863705396, 0.002188385317102075, 0.0023279246147722005, 0.0022450311742722986, 0.002191809222102165, 0.0021688007954508066, 0.0020716945566236974, 0.0024139550123363734, 0.0023197864405810832], "class_acc": [0.109, 0.158, 0.2, 0.214, 0.258, 0.269, 0.283, 0.311, 0.317, 0.338, 0.355, 0.379, 0.385, 0.393, 0.404, 0.417, 0.421, 0.434, 0.438, 0.448, 0.467, 0.474, 0.471, 0.508, 0.498, 0.496, 0.521, 0.522, 0.531, 0.555, 0.553, 0.565, 0.561, 0.58, 0.594, 0.591, 0.594, 0.607, 0.62, 0.631], "reconstruction_mean_squared_error": [0.0021509501626715065, 0.002330534751527011, 0.0022760335728526115, 0.0022969255521893502, 0.0018659099377691746, 0.002128064988180995, 0.0024049503337591886, 0.0021569656450301407, 0.0022355022802948953, 0.0019275855347514153, 0.0019151041917502881, 0.00207705570012331, 0.0018992822766304017, 0.002063602352514863, 0.0022966524846851828, 0.0021892718728631737, 0.0021656879615038634, 0.002296724162064493, 0.0022301346948370338, 0.0021845075637102127, 0.0021610021591186523, 0.0020711503978818654, 0.0021174478754401207, 0.0019742162190377714, 0.002350422827526927, 0.002126541592180729, 0.0021083666794002058, 0.0021836117580533027, 0.0022825825177133084, 0.0021442430540919303, 0.002116138248704374, 0.0022614958696067335, 0.002188385288231075, 0.0023279246240854264, 0.002245031166821718, 0.0021918092407286166, 0.0021688008243218064, 0.0020716945491731165, 0.002413955019786954, 0.002319786438718438]}